seller_id,units,item_revenue,freight,order_count,average_delivery_days,late_delivery_rate,known_delivery_outcomes,average_review_score,seller_city,seller_state
4869f7a5dfa277a7dca6462dcf3b52b2,1156,229472.63,20168.07,1132,15.062424336035324,0.10498220640569395,1124,4.133451957295374,guariba,SP
53243585a1d6dc2643021fd1853d8905,410,222776.05,13080.63,358,13.432182877022138,0.034482758620689655,348,4.132022471910112,lauro de freitas,BA
4a3ca9315b744ce9f8e9374361493884,1987,200472.92,35067.04,1806,14.486044893299054,0.09706546275395034,1772,3.828011204481793,ibitinga,SP
fa1c13f2614d7b5c4749cbc52fecda94,586,194042.03,10042.7,585,13.354636117518904,0.09169550173010381,578,4.339070567986231,sumare,SP
7c67e1448b00f6e969d365cea6b010ab,1364,187923.89,51612.55,982,22.338337794050474,0.09146968139773895,973,3.4887295081967213,itaquaquecetuba,SP
7e93a43ef30c4f03f38b393420bc753a,340,176431.87,6322.18,336,11.314592621618484,0.047021943573667714,319,4.214925373134329,barueri,SP
da8622b14eb17ae2831f4ac5b9dab84a,1551,160236.57,24955.75,1314,11.18655480160748,0.06636155606407322,1311,4.175840978593272,piracicaba,SP
7a67c85e85bb2ce8582c35f2203ad736,1171,141745.53,20902.85,1160,11.200217845301633,0.05240174672489083,1145,4.245004344048653,sao paulo,SP
1025f0e2d44d7041d6cf58b6550e0bfa,1428,138968.55,33892.14,915,12.391189814814814,0.07912087912087912,910,3.990077177508269,sao paulo,SP
955fee9216a65b617aa5c0531780ce60,1499,135171.7,25430.98,1287,10.769856696258113,0.06106264869151467,1261,4.157400156617071,sao paulo,SP
46dc3b2cc0980fb8ec44634e21d2718e,542,128111.19,11798.5,521,11.925676555151382,0.057539682539682536,504,4.194174757281553,rio de janeiro,RJ
6560211a19b47992c3666cc44a7e94c0,2033,123304.83,27960.94,1854,9.627301720013032,0.052776250687190766,1819,3.9341675734494017,sao paulo,SP
620c87c171fb2a6dd6e8bb4dec959fc6,798,114774.5,14135.21,740,12.887105858016165,0.08701657458563536,724,4.251023192360163,petropolis,RJ
7d13fca15225358621be4086e1eb0964,578,113628.97,8632.05,565,15.731614292944377,0.11469534050179211,558,4.024955436720143,ribeirao preto,SP
5dceca129747e92ff8ef7a997dc4f8ca,346,112155.53,13661.39,325,11.569820278352887,0.055900621118012424,322,3.984423676012461,santa barbara d oeste,SP
1f50f920176fa81dab994f9023523100,1931,106939.20999999999,35165.770000000004,1404,15.809259557091044,0.08863473909935668,1399,4.132952108649035,sao jose do rio preto,SP
cc419e0650a3c5ba77189a1882b7556a,1775,104288.42,25668.99,1706,11.586278377863023,0.052695336159903086,1651,4.069493521790341,santo andre,SP
a1043bafd471dff536d0c462352beb48,770,101901.16,31844.09,718,13.64757012042313,0.04985754985754986,702,4.222377622377622,ilicinea,MG
3d871de0142ce09b7081e2b9d1733cb1,1147,94914.2,22433.51,1080,13.510275428153717,0.05451127819548872,1064,4.152478952291862,campo limpo paulista,SP
edb1ef5e36e0c8cd84eb3c9b003e486d,175,79284.55,3905.1,166,11.897481130751965,0.07272727272727272,165,4.421686746987952,teresopolis,RJ
ccc4bbb5f32a6ab2b7066a4130f114e3,192,74004.62,5256.98,187,15.867033640297906,0.06521739130434782,184,4.28494623655914,curitiba,PR
f7ba60f8c3f99e7ee4042fdef03b70c4,230,68395.0,4341.01,219,13.405899857713218,0.13761467889908258,218,4.205479452054795,sao bernardo do campo,SP
fe2032dab1a61af8794248c8196565c9,306,65959.61,4721.34,294,10.766724813550752,0.08873720136518772,293,4.375862068965517,campinas,SP
8581055ce74af1daba164fdbd55a40de,435,64925.3,9659.0,387,13.103792051451189,0.08179419525065963,379,4.261658031088083,guarulhos,SP
cca3071e3e9bb7d12640c9fbe2301306,830,64009.89,14371.4,712,14.158784606315901,0.04864091559370529,699,3.847142857142857,ibitinga,SP
04308b1ee57b6625f47df1d56f00eedf,94,60130.6,3054.39,94,18.87600291867955,0.07608695652173914,92,3.882978723404255,bombinhas,SC
522620dcb18a6b31cd7bdf73665113a9,180,57168.49,4661.32,174,15.399955385981912,0.0872093023255814,172,3.888235294117647,cascavel,PR
17e34d8224d27a541263c4c64b11a56b,268,56363.24,5239.96,255,14.273879142300196,0.07692307692307693,247,4.1857707509881426,riberao preto,SP
7ddcbb64b5bc1ef36ca8c151f6ec77df,343,55578.57,7946.72,334,12.710487179487181,0.08307692307692308,325,3.9546827794561934,sao paulo,SP
de722cd6dad950a92b7d4f82673f8833,379,55426.1,9686.65,339,12.683839295526981,0.03560830860534125,337,4.293768545994065,recife,PE
37be5a7c751166fbc5f8ccba4119e043,281,55350.55,6083.33,272,10.649036512116204,0.026022304832713755,269,4.3283582089552235,sao paulo,SP
218d46b86c1881d022bce9c68a7d4b15,427,55093.28,7644.26,388,13.898833987783597,0.08638743455497382,382,4.155440414507772,ribeirao preto,SP
25c5c91f63607446a97b143d2d535d31,269,54679.22,7000.11,158,14.471779736467237,0.07051282051282051,156,3.8343949044585988,itauna,MG
f5a590cf36251cf1162ea35bef76fe84,122,53201.78,4239.16,117,11.744838270239265,0.07079646017699115,113,4.230769230769231,sao bernardo do campo,SP
ceaec5548eefc6e23e6607c5435102e7,211,52917.18,6331.84,203,13.014988075196408,0.050505050505050504,198,4.1457286432160805,sao paulo,SP
b2ba3715d723d245138f291a6fe42594,363,51676.88,6496.14,337,14.074570151748972,0.06790123456790123,324,4.098802395209581,sao paulo,SP
966cb4760537b1404caedd472cc610a5,75,51286.05,1649.82,75,10.040945273631841,0.029850746268656716,67,3.864864864864865,diadema,SP
e882b2a25a10b9c057cc49695f222c19,58,51057.54,2856.22,57,9.549082399285249,0.0,57,4.578947368421052,teresopolis,RJ
2bf6a2c1e71bbd29a4ad64e6d3c3629f,31,50628.9,1000.59,30,13.650243055555556,0.06666666666666667,30,4.166666666666667,nova friburgo,RJ
f8db351d8c4c4c22c6835c19a46f01b0,724,50525.6,12554.2,667,9.865957662423424,0.042488619119878605,659,4.238310708898944,salto,SP
17f51e7198701186712e53a39c564617,61,48019.0,9793.43,56,23.242452256944443,0.08928571428571429,56,4.339285714285714,sao paulo,SP
8160255418d5aaa7dbdc9f4c64ebda44,431,47017.69,7853.81,385,16.249576693469784,0.1368421052631579,380,3.9343832020997374,ibitinga,SP
77530e9772f57a62c906e1c21538ab82,389,46610.4,8453.59,320,15.01382159603514,0.09294871794871795,312,4.1069182389937104,curitiba,PR
4e922959ae960d389249c378d1c939f5,454,46030.37,7274.38,420,14.519824113403454,0.08980582524271845,412,3.9542168674698797,jacarei,SP
c826c40d7b19f62a09e2d7c5e7295ee2,373,45643.74,5573.48,354,13.295209002354957,0.07514450867052024,346,4.079545454545454,guarulhos,SP
850f4f8af5ea87287ac68de36e29107f,192,45355.36,3114.41,187,10.125434525587416,0.04838709677419355,186,4.293478260869565,sao paulo,SP
b33e7c55446eabf8fe1a42d037ac7d6d,155,44985.17,2725.07,152,16.27741144668158,0.11409395973154363,149,4.1644736842105265,pradopolis,SP
ba90964cff9b9e0e6f32b23b82465f7b,38,44212.5,1311.0,38,10.018161245126706,0.05263157894736842,38,4.421052631578948,guarulhos,SP
eeb6de78f79159600292e314a77cbd18,84,43739.84,3055.44,83,12.164498786133695,0.036585365853658534,82,4.445783132530121,lages,SC
4d6d651bd7684af3fffabd5f08d12e5a,395,43587.4,7898.91,369,13.022438399142946,0.03856749311294766,363,4.192934782608695,jau,SP
e9779976487b77c6d4ac45f75ec7afe9,750,43162.95,10139.71,657,9.856124156617858,0.06046511627906977,645,4.215926493108729,praia grande,SP
c3cfdc648177fdbbbb35635a37472c53,307,43048.18,6079.63,278,9.728549493738342,0.014388489208633094,278,4.469314079422382,curitiba,PR
b839e41795b7f3ad94cc2014a52f6796,36,42829.0,920.93,33,6.671601430976431,0.030303030303030304,33,4.090909090909091,sao caetano do sul,SP
2eb70248d66e0e3ef83659f71b244378,212,42628.61,3231.4900000000002,202,18.013339027530204,0.11229946524064172,187,2.696969696969697,campinas,SP
d91fb3b7d041e83b64a00a3edfb37e4f,536,40889.74,9290.77,535,11.27949595349166,0.03816793893129771,524,4.088512241054614,praia grande,SP
17a053fcb14bd219540cbde0df490be0,149,40703.14,8828.43,125,12.275743820937873,0.056451612903225805,124,4.227642276422764,mogi guacu,SP
391fc6631aebcf3004804e51b40bcf1e,613,39951.95,10190.88,526,14.415952139759721,0.08637236084452975,521,4.0325047801147225,ibitinga,SP
834f3294fba9f932f56edc879193f925,66,39907.5,4299.92,66,14.296499017957352,0.06060606060606061,66,4.545454545454546,araraquara,SP
712e6ed8aa4aa1fa65dab41fed5737e4,87,39815.0,6889.13,79,24.691598875661377,0.2077922077922078,77,3.3846153846153846,videira,SC
634964b17796e64304cadf1ad3050fb7,326,39465.1,5955.43,268,14.672130066387142,0.09433962264150944,265,4.037453183520599,rio de janeiro,RJ
7142540dd4c91e2237acb7e911c4eba2,331,37373.56,6915.6,319,14.741313767287856,0.07278481012658228,316,4.028391167192429,penapolis,SP
ea8482cd71df3c1969d7b9473ff13abc,1203,37177.52,17544.77,1146,13.323272651240021,0.08480565371024736,1132,3.9964912280701754,sao paulo,SP
c3867b4666c7d76867627c2f7fb22e21,259,37153.4,5043.78,245,15.404736334470435,0.10964912280701754,228,3.905349794238683,guara,SP
7178f9f4dd81dcef02f62acdf8151e01,216,37070.4,4408.52,203,15.745930738907225,0.034653465346534656,202,4.044554455445544,videira,SC
c70c1b0d8ca86052f45a432a38b73958,338,36537.369999999995,3938.91,261,8.079231837606837,0.05384615384615385,260,4.359073359073359,hortolandia,SP
59417c56835dd8e2e72f91f809cd4092,18,36459.0,1198.77,18,12.569483024691358,0.0,18,4.277777777777778,limeira,SP
06a2c3af7b3aee5d69171b0e14f0ee87,405,36408.95,12141.29,392,17.728175551033036,0.19023136246786632,389,3.9896907216494846,sao luis,MA
7299e27ed73d2ad986de7f7c77d919fa,361,34725.43,6855.65,338,11.29805800856827,0.041791044776119404,335,4.420118343195266,araguari,MG
e9bc59e7b60fc3063eb2290deda4cced,269,34343.06,4688.5,216,14.27116610180755,0.07655502392344497,209,3.990740740740741,maringa,PR
dbc22125167c298ef99da25668e1011f,429,33776.78,8012.38,406,11.481770892084977,0.025380710659898477,394,4.269135802469136,borda da mata,MG
9c0e69c7bf2619675bbadf47b43f655a,206,33702.78,2900.18,157,14.620721578366444,0.08609271523178808,151,4.102564102564102,sao jose dos campos,SP
76d5af76d0271110f9af36c92573f765,159,33461.6,4079.96,131,11.918459382233797,0.09375,128,4.115384615384615,sao paulo,SP
1835b56ce799e6a4dc4eddc053f04066,558,33344.21,8741.95,423,13.234922922772892,0.10311750599520383,417,3.638095238095238,ibitinga,SP
5c243662ce92d84573bfaff24c3e3700,100,32862.02,1775.64,98,10.906951884920636,0.01020408163265306,98,4.144329896907217,sao paulo,SP
2528513dd95219a6013d4d05176e391a,167,32689.1,3749.65,161,10.650047815393519,0.0375,160,3.949367088607595,osasco,SP
855668e0971d4dfd7bef1b6a4133b41b,327,32208.16,7797.2,312,16.26107449845679,0.12666666666666668,300,3.771986970684039,itatiba,SP
70eea00b476a314817cefde4aad4f89a,114,31994.649999999998,2769.52,108,13.39840539832285,0.0660377358490566,106,4.377358490566038,itatiba,SP
7681ef142fd2c19048da7430856b5588,77,31941.81,2916.12,59,10.558409562579822,0.08620689655172414,58,4.172413793103448,guarulhos,SP
e59aa562b9f8076dd550fcddf0e73491,84,31574.3,2229.67,70,14.033286533816424,0.08695652173913043,69,4.214285714285714,curitiba,PR
88460e8ebdecbfecb5f9601833981930,302,31546.550000000003,4996.55,248,17.799440586419752,0.17073170731707318,246,3.4129554655870447,maringa,PR
0241d4d5d36f10f80c644447315af0bd,246,31397.7,6853.91,238,11.004127859477125,0.046218487394957986,238,4.3544303797468356,curitiba,PR
87142160b41353c4e5fca2360caf6f92,339,31095.98,7218.33,305,10.92719637978142,0.03934426229508197,305,4.404605263157895,porto alegre,RS
70a12e78e608ac31179aea7f8422044b,328,30858.53,5606.91,315,14.709280218720323,0.09294871794871795,312,3.7987220447284344,jacarei,SP
53e4c6e0f4312d4d2107a8c9cddf45cd,522,30148.95,9887.24,473,12.021332093432525,0.047516198704103674,463,4.084925690021231,pedreira,SP
d23019c84ffae2d5ef2270367b8605fc,39,29205.1,2749.7400000000002,39,11.277978395061728,0.02564102564102564,39,4.410256410256411,londrina,PR
900ba814c251a692506d7834c1218441,88,29099.690000000002,2368.25,88,12.483181524547804,0.13953488372093023,86,4.188235294117647,salto,SP
1554a68530182680ad5c8b042c3ab563,269,29052.53,6798.26,247,14.212455632716049,0.06097560975609756,246,4.314285714285714,monte siao,MG
0b90b6df587eb83608a64ea8b390cf07,210,28592.32,3615.32,164,14.456224863667348,0.03680981595092025,163,4.0184049079754605,maringa,PR
7e1fb0a3ebfb01ffb3a7dae98bf3238d,174,27349.53,2986.4,159,15.558809662485066,0.11612903225806452,155,4.159235668789809,franca,SP
59b22a78efb79a4797979612b885db36,133,27184.5,4897.57,125,12.668354259259258,0.112,125,3.9838709677419355,uberlandia,MG
d1c281d3ae149232351cd8c8cc885f0d,240,26942.6,5396.46,215,12.687229415455175,0.06542056074766354,214,3.7981220657276995,ibitinga,SP
b32be1695eb7ec5f10f72d9610a12527,46,26874.0,2957.02,45,12.276737163299662,0.045454545454545456,44,4.068181818181818,caxias do sul,RS
12b9676b00f60f3b700e83af21824c0e,135,26774.0,3568.69,135,15.053846247563353,0.007518796992481203,133,4.537313432835821,montenegro,RS
a3a38f4affed601eb87a97788c949667,263,26533.32,5241.95,254,12.546192775195514,0.043824701195219126,251,4.386454183266932,joinville,SC
de23c3b98a88888289c6f5cc1209054a,181,26399.670000000002,2682.14,164,10.952872455141478,0.07453416149068323,161,4.2560975609756095,sao paulo,SP
9f505651f4a6abe901a56cdc21508025,430,26361.82,6030.04,397,8.07235884341721,0.04071246819338423,393,4.340101522842639,sao paulo,SP
16090f2ca825584b5a147ab24aa30c86,410,25716.44,5456.67,402,9.184934510515541,0.08040201005025126,398,4.06,atibaia,SP
a416b6a846a11724393025641d4edd5e,181,25670.72,2999.8,162,12.49271017633876,0.10828025477707007,157,4.154320987654321,sao paulo,SP
b94cc9f10ddc85e4ba73a6f7974e7101,39,25346.1,1022.39,39,10.580454059829059,0.05128205128205128,39,4.297297297297297,macae,RJ
c003204e1ab016dfa150abc119207b24,202,25108.09,4742.8,197,9.627084223646722,0.05128205128205128,195,4.448979591836735,cajamar,SP
001cca7ae9ae17fb1caed9dfb1094831,239,25080.03,8854.14,200,13.405804902659069,0.06153846153846154,195,3.984771573604061,cariacica,ES
1900267e848ceeba8fa32d80c1a5f5a8,529,24982.53,8138.06,411,13.152182482667397,0.0812807881773399,406,3.8366336633663365,ibitinga,SP
1c68394e931a64f90ea236c5ea590300,171,24832.75,2896.41,142,16.050927800599897,0.035211267605633804,142,3.9014084507042255,sarandi,PR
b1b3948701c5c72445495bd161b83a4c,18,24699.19,486.3,18,23.403023313492064,0.6428571428571429,14,1.7222222222222223,sao paulo,SP
f62d7bb4a613ec758a03342d46b580b2,32,24665.0,2125.59,32,13.872097077546297,0.09375,32,4.375,vicosa,MG
dc4a0fc896dc34b0d5bfec8438291c80,249,24180.77,4614.32,231,13.888684567901235,0.06666666666666667,225,3.774891774891775,ibitinga,SP
b37c4c02bda3161a7546a4e6d222d5b2,15,24075.0,412.6,4,18.67324074074074,0.0,4,2.25,sao paulo,SP
710e3548e02bc1d2831dfc4f1b5b14d4,142,23979.11,3875.96,136,14.497791825699744,0.03816793893129771,131,3.362962962962963,rolandia,PR
2b3e4a2a3ea8e01938cabda2a3e5cc79,54,23629.15,905.95,52,8.775291800213676,0.0,52,4.365384615384615,sao paulo,SP
1a3df491d1c4f1589fc2b934ada68bf2,178,23302.7,4291.42,167,14.842359664351852,0.0375,160,4.191616766467066,joinville,SC
40db9e9aa57f7bb151bcda6b0f9bdbb7,12,23168.0,655.99,12,14.77563175154321,0.08333333333333333,12,2.3636363636363638,recife,PE
612170e34b97004b3ba37eae81836b4c,110,23065.02,2307.06,107,10.988303046036691,0.009345794392523364,107,4.429906542056075,novo hamburgo,RS
897060da8b9a21f655304d50fd935913,430,23023.92,6863.55,317,14.947158907468323,0.10526315789473684,304,3.6305732484076434,ribeirao preto,SP
8444e55c1f13cd5c179851e5ca5ebd00,109,22873.21,2078.06,99,21.080529388083736,0.06521739130434782,92,3.2626262626262625,congonhal,MG
7b0df942f46435babab05d49b744b2c4,32,22600.63,672.15,32,11.085880353009259,0.09375,32,4.387096774193548,braganca paulista,SP
7ad32824caee82087b3e2e5f33b1bf32,184,22505.1,3545.22,151,12.115531934996222,0.1292517006802721,147,3.8378378378378377,ibitinga,SP
744dac408745240a2c2528fb1b6028f3,84,22490.6,1894.42,79,11.029073480531814,0.01282051282051282,78,4.569620253164557,colombo,PR
06e5eefc71ec47ae763c5c6f8db7064f,95,22188.56,2193.28,92,10.933133744855967,0.0,90,3.922222222222222,porto alegre,RS
f45122a9ab94eb4f3f8953578bc0c560,200,22078.29,3325.84,187,12.76063166767311,0.07065217391304347,184,3.9572192513368982,piracicaba,SP
05ff92fedb5be47920fea08e501238b9,62,21992.78,1815.39,59,12.3373714668616,0.03508771929824561,57,4.237288135593221,santo angelo,RS
ff69aa92bb6b1bf9b8b7a51c2ed9cf8b,20,21940.8,1754.4,20,11.462290509259258,0.2,20,3.65,sao paulo,SP
8f2ce03f928b567e3d56181ae20ae952,175,21712.9,3837.11,153,14.380811871474123,0.12582781456953643,151,4.105263157894737,pirituba,SP
59fb871bf6f4522a87ba567b42dafecf,128,21708.57,2046.19,126,11.998807023486902,0.056910569105691054,123,4.232,sao paulo,SP
d2374cbcbb3ca4ab1086534108cc3ab7,631,21223.92,9593.88,524,14.613258034298891,0.05252918287937743,514,3.7664092664092665,ibitinga,SP
48162d548f5b1b11b9d29d1e01f75a61,91,20510.14,2082.03,68,11.606531285072952,0.015151515151515152,66,3.8970588235294117,piracicaba,SP
729f06993dac8e860d4f02d7088ca48a,115,20485.079999999998,4994.57,96,11.75012854609929,0.09574468085106383,94,4.168421052631579,limeira,SP
00ee68308b45bc5e2660cd833c3f81cc,172,20260.0,3180.66,135,9.61941718106996,0.07407407407407407,135,4.298507462686567,sao paulo,SP
bfd27a966d91cfaafdb25d076585f0da,118,19921.0,2724.05,117,12.418292417966212,0.05263157894736842,114,4.278260869565218,serra negra,SP
004c9cd9d87a3c30c522c48c4fc07416,170,19712.71,3551.23,158,14.811330202397912,0.0641025641025641,156,4.129032258064516,ibitinga,SP
d650b663c3b5f6fb392b6326366efa9a,60,19242.9,910.14,60,9.836265432098765,0.05263157894736842,57,4.2,cotia,SP
821fb029fc6e495ca4f08a35d51e53a5,29,19187.42,1552.83,28,16.792825520833333,0.3333333333333333,24,3.4074074074074074,sao paulo,SP
f457c46070d02cadd8a68551231220dd,234,19093.0,3714.22,199,14.550147673314338,0.05641025641025641,195,3.8375634517766497,maringa,PR
2a5b78b41cd05baeac8df54c6606b92c,60,19025.36,1107.47,49,9.040109450483092,0.021739130434782608,46,4.326530612244898,formiga,MG
dc317f341ab0e22f39acbd9dbf9b4a1f,58,18988.4,3581.73,55,12.409295244107744,0.05454545454545454,55,4.1454545454545455,cachoeirinha,RS
96493fab2fbb13a14d0c0e8772eef5c3,64,18969.0,1212.23,63,13.384796259553205,0.06349206349206349,63,4.064516129032258,sao paulo,SP
44073f8b7e41514de3b7815dd0237f4f,153,18729.64,3172.29,144,13.152955301251957,0.035211267605633804,142,3.7552447552447554,brasilia,DF
cd68562d3f44870c08922d380acae552,132,18569.7,2207.49,125,16.261454823163326,0.1557377049180328,122,3.943548387096774,ribeirao preto,SP
0dd184061fb0eaa7ca37932c68ab91c5,193,18446.92,5319.5,161,11.830896882907751,0.10559006211180125,161,4.03125,guarulhos,SP
527801b552d0077ffd170872eb49683b,92,17942.8,2062.56,90,13.124561471193415,0.1,90,4.47191011235955,garca,SP
a888faf2d1baececa6baf9c3d603ee1f,55,17765.8,1121.52,54,18.016654437456324,0.09433962264150944,53,4.037037037037037,umuarama,PR
9de4643a8dbde634fe55621059d92273,81,17560.34,1722.07,72,14.635875289351851,0.027777777777777776,72,4.527777777777778,joinville,SC
8b321bb669392f5163d04c59e235e066,1018,17535.69,14156.36,943,12.67492689665472,0.08709677419354839,930,4.07454739084132,sao paulo,SP
c72de06d72748d1a0dfb2125be43ba63,22,17522.0,1211.18,21,9.696403218694886,0.0,21,4.476190476190476,guanambi,BA
165fc07beebdcb6190fba8a06db2a449,64,17481.4,1600.03,50,12.976118981481482,0.08,50,3.8,maringa,PR
0c8380b62e38e8a1e6adbeba7eb9688c,220,17348.79,4107.04,182,12.980510288065846,0.05,180,4.038888888888889,tres coracoes,MG
1e8b33f18b4f7598d87f5cbee2282cc2,140,17309.06,2702.24,123,7.837611376745598,0.03278688524590164,122,4.371900826446281,sao paulo,SP
94144541854e298c2d976cb893b81343,76,17286.28,1429.37,68,12.93787326388889,0.04411764705882353,68,4.253731343283582,viamao,RS
54a1852d1b8f10312c55e906355666ee,204,17226.44,3387.96,200,11.496459736251403,0.07575757575757576,198,4.326633165829146,santa barbara d'oeste,SP
abe42c5d03695b4257b5c6cbf4e6784e,50,17159.0,999.23,50,14.357426303854876,0.16326530612244897,49,3.9183673469387754,rio de janeiro,RJ
41b39e28db005d9731d9d485a83b4c38,231,17112.55,3930.36,195,12.370251534957418,0.0481283422459893,187,4.066666666666666,santo andre,SP
4a3ccda38b2129705f3fb522db62ca31,78,17062.59,1432.34,66,13.319973054108797,0.0625,64,3.878787878787879,marilia,SP
76d64c4aca3a7baf218bf93ef7fa768d,69,16911.8,3543.4900000000002,64,10.974288375289351,0.03125,64,4.234375,curitiba,PR
c3acdfac4e3e97ff87529454fbc03642,12,16788.0,269.28000000000003,12,11.161102430555557,0.08333333333333333,12,4.25,sao paulo,SP
86ccac0b835037332a596a33b6949ee1,210,16619.93,3968.67,180,12.06077624323762,0.02247191011235955,178,4.195530726256983,blumenau,SC
8ae520247981aa06bc94abddf5f46d34,65,16320.99,1445.35,65,10.97949643874644,0.0,65,4.446153846153846,navegantes,SC
7aa4334be125fcdd2ba64b3180029f14,240,16234.81,4368.52,217,15.997231092073381,0.11682242990654206,214,4.102325581395349,laranjal paulista,SP
ef0ace09169ac090589d85746e3e036f,140,16223.300000000001,2315.65,129,12.821328848379629,0.078125,128,4.372093023255814,sao goncalo,RJ
fa40cc5b934574b62717c68f3d678b6d,340,16055.87,4530.9,307,11.312839836135478,0.05263157894736842,304,4.472131147540984,sao paulo,SP
1f1bb1f0859883505541bdd6606193e5,29,16040.84,522.03,27,13.97880958504801,0.1111111111111111,27,4.333333333333333,sao paulo,SP
0adac9fbd9a2b63cccaac4f8756c1ca8,142,15960.95,2499.27,110,13.070889565863032,0.05660377358490566,106,4.045871559633028,louveira,SP
4b9750c8ad28220fe6702d4ecb7c898f,222,15915.3,3389.8,218,9.455059790493259,0.059907834101382486,217,4.362385321100917,limeira,SP
2a84855fd20af891be03bc5924d2b453,168,15819.1,3451.51,164,8.584483497610513,0.025806451612903226,155,4.253086419753086,belo horizonte,MG
229c3efbfb0ea2058de4ccdfbc3d784a,148,15744.0,2362.57,121,10.759132140615192,0.01694915254237288,118,3.625,belo horizonte,MG
f9244d45189d3a3605499abddeade7d5,21,15731.43,875.99,21,15.176920717592594,0.0,20,4.285714285714286,sao paulo,SP
d921b68bf747894be13a97ae52b0f386,77,15645.8,1758.01,77,9.97529761904762,0.012987012987012988,77,4.558441558441558,formiga,MG
6061155addc1e54b4cfb51c1c2a32ad8,33,15633.4,879.91,28,5.969917741402116,0.03571428571428571,28,4.642857142857143,campinas,SP
c33847515fa6305ce6feb1e818569f13,128,15519.85,4374.41,114,9.288727461013647,0.03508771929824561,114,3.8508771929824563,brusque,SC
85d9eb9ddc5d00ca9336a2219c97bb13,522,15415.24,8614.34,509,14.642770981778371,0.022044088176352707,499,4.179841897233201,belo horizonte,MG
213b25e6f54661939f11710a6fddb871,194,15379.5,3460.46,155,15.236320586622806,0.06578947368421052,152,3.7857142857142856,salto,SP
e5a38146df062edaf55c38afa99e42dc,125,15360.07,1894.52,121,12.190817033179012,0.075,120,3.9583333333333335,sao paulo,SP
c847e075301870dd144a116762eaff9a,43,15348.7,1112.08,42,16.930350327461607,0.07317073170731707,41,4.170731707317073,uberaba,MG
ce248b21cb2adc36282ede306b7660e5,66,15230.06,2066.89,65,15.71954517505787,0.078125,64,4.184615384615385,jaragua do sul,SC
79ebd9a61bac3eaf882805ed4ecfa12a,143,15092.79,4012.35,136,15.383875661375662,0.045112781954887216,133,4.044117647058823,cascavel,PR
75d34ebb1bd0bd7dde40dd507b8169c3,72,15048.28,1431.23,62,16.047814733593242,0.12280701754385964,57,3.7419354838709675,salvador,BA
e2a1ac9bf33e5549a2a4f834e70df2f8,5,14999.449999999999,201.11,5,12.335252314814815,0.0,5,4.8,sao paulo,SP
01fdefa7697d26ad920e9e0346d4bd1b,131,14921.43,2768.64,129,10.729679723668982,0.0546875,128,4.3515625,londrina,PR
1b4c3a6f53068f0b6944d2d005c9fc89,117,14760.300000000001,3031.37,113,14.552420754087422,0.04504504504504504,111,4.214285714285714,sao ludgero,SC
a5cba26a62b8b4d0145b68b841e62e7f,55,14737.84,1382.82,54,13.183294898672257,0.018867924528301886,53,4.518518518518518,campo mourao,PR
87b740daf17b5d1be335a64164ec6842,13,14699.87,1482.51,13,18.169685395622896,0.09090909090909091,11,3.3076923076923075,suzano,SP
4c2b230173bb36f9b240f2b8ac11786e,346,14592.27,4397.57,261,12.872886116494401,0.09302325581395349,258,3.972762645914397,sao paulo,SP
080199a181c46c657dc5aa235411be3b,83,14504.2,1040.68,79,8.087146917487107,0.012658227848101266,79,4.615384615384615,osasco,SP
8e6d7754bc7e0f22c96d255ebda59eba,130,14497.27,1715.24,85,15.293111083553791,0.13095238095238096,84,3.5764705882352943,sao jose dos campos,SP
cf8ab1616079e2793aa29d524df01bb1,9,14391.0,759.37,9,26.40703896604938,0.16666666666666666,6,2.0,sao paulo,SP
5cf13accae3222c70a9cac40818ae839,156,14383.2,3019.27,149,10.701136918168169,0.02027027027027027,148,4.452702702702703,patos de minas,MG
a6bd7d1ccdac48c6b33b28596b7eb122,16,14368.61,678.02,16,15.621216049382717,0.06666666666666667,15,3.3333333333333335,mamanguape,PB
66922902710d126a0e7d26b0e3805106,156,14362.3,3218.77,151,11.31926913580247,0.07333333333333333,150,4.473333333333334,belo horizonte,MG
aba1721a889e04decc910aa13b768ef4,92,14103.3,1249.17,83,9.325860107095048,0.07228915662650602,83,4.445783132530121,sao paulo,SP
f08a5b9dd6767129688d001acafc21e5,18,14069.630000000001,496.11,11,18.870517676767676,0.0,11,4.2727272727272725,porto alegre,RS
3b15288545f8928d3e65a8f949a28291,121,14061.789999999999,2451.9,104,14.45947733314998,0.06930693069306931,101,4.009708737864078,ibitinga,SP
c6bda72e4dbf5c5866b13cb1810c6d03,59,14059.380000000001,1136.74,59,10.208053005335843,0.03389830508474576,59,4.389830508474576,sao paulo,SP
2e90cb1677d35cfe24eef47d441b7c87,137,13894.710000000001,2887.4500000000003,127,12.454366980169146,0.12598425196850394,127,4.118110236220472,sao paulo,SP
a673821011d0cec28146ea42f5ab767f,146,13863.69,2626.45,129,12.962176388888889,0.104,125,4.016129032258065,sao paulo,SP
d94a40fd42351c259927028d163af842,110,13823.8,3397.14,101,13.938378356481483,0.03,100,4.181818181818182,baependi,MG
05f51e13da97139648b8125c31e5f51b,63,13769.01,2019.29,60,12.507035209551658,0.15789473684210525,57,4.066666666666666,belo horizonte,MG
440dd6ab244315c632130ecfb63827b1,95,13696.9,2096.31,94,16.616442434879936,0.13186813186813187,91,3.849462365591398,votuporanga,SP
b8bc237ba3788b23da09c0f1f3a3288c,47,13685.710000000001,1935.45,45,11.744737139917694,0.022222222222222223,45,4.318181818181818,itajai,SC
6039e27294dc75811c0d8a39069f52c0,75,13670.7,2376.4700000000003,64,17.993614969135802,0.1746031746031746,63,3.6875,osasco,SP
1f9ab4708f3056ede07124aad39a2554,79,13602.73,2440.78,78,14.516997593810917,0.05263157894736842,76,4.077922077922078,tupa,SP
6d66611d7c44cc30ce351abc49a68421,176,13593.4,3260.97,166,12.028336862014454,0.054878048780487805,164,3.951219512195122,sao paulo,SP
240b9776d844d37535668549a396af32,36,13592.08,860.57,36,11.357760582010583,0.02857142857142857,35,4.277777777777778,niteroi,RJ
610f72e407cdd7caaa2f8167b0163fd8,17,13585.16,844.29,16,12.704721498842593,0.125,16,3.625,sao paulo,SP
289cdb325fb7e7f891c38608bf9e0962,126,13544.95,2094.34,110,6.728997196738023,0.01834862385321101,109,4.572727272727272,belo horizonte,SP
0b35c634521043bf4b47e21547b99ab5,78,13533.65,1475.09,51,19.267996064814817,0.16,50,3.36,teixeira soares,PR
a3e9a2c700480d9bb01fba070ba80a0e,144,13440.8,2883.09,130,13.217738120872811,0.09302325581395349,129,3.9921875,ibitinga,SP
d05ae8f7a5bd1d2a690a44cd079e4e27,81,13436.0,1159.43,78,11.333823352573352,0.06493506493506493,77,3.857142857142857,rio de janeiro,RJ
34d1ca11b242c0fee2c834ae8d788566,41,13422.24,982.04,40,13.179686631944444,0.0,40,4.333333333333333,congonhas,MG
1ca7077d890b907f89be8c954a02686a,137,13341.57,1659.8600000000001,115,15.536053990912208,0.16666666666666666,108,2.3333333333333335,santana de parnaiba,SP
8cc6a0e5738e61a87b03c78b2ba9db4b,26,13312.4,525.82,24,16.772033514492755,0.08695652173913043,23,4.333333333333333,andradas,MG
669ae81880e08f269a64487cfb287169,186,13248.87,3372.59,162,12.194995542903152,0.043478260869565216,161,4.24223602484472,rio do sul,SC
5d378b73ab7dd6f0418d743e5dcb0bd1,7,13243.0,393.28,7,30.48887152777778,0.16666666666666666,6,3.857142857142857,sao paulo,SP
ad97a199236354e53fcd91a5a913e9a2,18,13205.9,868.8,17,15.631237702546295,0.125,16,4.529411764705882,brusque,SC
c31eff8334d6b3047ed34bebd4d62c36,123,13191.5,2394.55,122,12.668956886574074,0.11666666666666667,120,3.8512396694214877,salto,SP
e8b3a3a38279a82f0e5d006d5e5b7d2c,92,13154.7,1761.69,87,17.3070546875,0.0375,80,3.793103448275862,jussara,PR
6edacfd9f9074789dad6d62ba7950b9c,219,13147.1,2940.5,208,9.093437387082204,0.04390243902439024,205,4.352657004830918,guarulhos,SP
99eaacc9e6046db1c82b163c5f84869f,70,13139.17,1135.35,66,14.98057319223986,0.1111111111111111,63,3.878787878787879,franca,SP
9e6229250fedbe05838fef417b74e7fb,78,13132.2,1854.45,74,11.829552733384068,0.0273972602739726,73,3.891891891891892,mirandopolis,SP
431af27f296bc6519d890aa5a05fdb11,125,13109.5,2141.35,117,17.234933449074074,0.13793103448275862,116,3.7758620689655173,ribeirao preto,SP
d50d79cb34e38265a8649c383dcffd48,70,13012.42,1932.26,70,13.15979861111111,0.04285714285714286,70,4.246376811594203,sao paulo,SP
530ec6109d11eaaf87999465c6afee01,104,12983.810000000001,2656.4,97,10.852067203506698,0.010638297872340425,94,4.237113402061856,cascavel,PR
6e386f64c84e482f0b9abf960797ee1b,30,12938.3,625.36,30,10.478848978288635,0.06896551724137931,29,4.607142857142857,sao paulo,SP
e24fc9fcd865784fb25705606fe3dfe7,56,12936.0,1030.71,52,12.578922476397967,0.0784313725490196,51,4.173076923076923,braganca paulista,SP
039e6ad9dae79614493083e241147386,5,12925.0,348.42,5,14.593856481481481,0.2,5,4.0,sao paulo,SP
c60b801f2d52c7f7f91de00870882a75,41,12913.5,739.39,41,16.103873160018995,0.15384615384615385,39,3.317073170731707,guarulhos,SP
cfb1a033743668a192316f3c6d1d2671,184,12803.64,3432.56,147,12.206511104636105,0.0979020979020979,143,3.9794520547945207,votorantim,SP
ac3508719a1d8f5b7614b798f70af136,104,12775.84,3016.39,103,9.45691453520352,0.019801980198019802,101,4.603960396039604,canoas,RS
ed4acab38528488b65a9a9c603ff024a,40,12759.45,610.31,32,9.886824223416966,0.0,31,3.71875,sao paulo,SP
7202e2ba20579a9bd1acb29e61fe71f6,55,12750.5,1165.66,53,13.344604438997822,0.0392156862745098,51,3.8653846153846154,franca,SP
2b1a40c1daabc6ca280c4b815c101841,35,12732.6,1902.28,23,13.425314078282828,0.045454545454545456,22,3.6956521739130435,divinopolis,MG
c66dccfb3f109511246da627dd5a2498,45,12708.55,973.7,45,11.345025252525254,0.045454545454545456,44,4.488888888888889,registro,SP
2e1c9f22be269ef4643f826c9e650a52,173,12687.68,2434.69,167,9.822513011847251,0.062111801242236024,161,4.164634146341464,sao paulo,SP
00fc707aaaad2d31347cf883cd2dfe10,135,12684.9,2285.09,103,15.109577714850774,0.038834951456310676,103,4.078431372549019,maringa,PR
b372ee768ed69e46ca8cdbd267aa7a38,69,12630.0,1183.84,63,12.494652410346854,0.0,63,4.428571428571429,sao jose do rio preto,SP
66e0557ecc2b4dbea057e93f215f68d8,31,12480.0,497.99,31,31.725889660493827,0.2,30,3.935483870967742,sao paulo,SP
a7f13822ceb966b076af67121f87b063,86,12477.64,3117.48,75,22.7069525304414,0.0410958904109589,73,3.3378378378378377,itaquaquecetuba,SP
2138ccb85b11a4ec1e37afbd1c8eda1f,429,12357.03,6069.22,396,11.346546511072928,0.04639175257731959,388,3.939240506329114,sao paulo,SP
056b4ada5bbc2c50cc7842547dda6b51,66,12333.390000000001,1306.02,65,12.779225983796296,0.109375,64,4.171875,queimados,RJ
d6b1ce66b035a475f00c017792ff9769,108,12277.4,2038.48,92,10.21028507447665,0.05434782608695652,92,4.277777777777778,salto,SP
48436dade18ac8b2bce089ec2a041202,151,12271.710000000001,2911.93,138,14.353559373272526,0.07462686567164178,134,4.0144927536231885,volta redonda,SP
c510bc1718f0f2961eaa42a23330681a,13,12251.0,960.87,13,6.957580054012346,0.0,12,4.0,indaiatuba,SP
fbc14c0cf93505ef89f64665ffa4a7b5,18,12227.82,531.11,18,12.070780606995886,0.05555555555555555,18,4.176470588235294,serrana,SP
c8b0e2b0a7095e5d8219575d5e7e1181,85,12170.210000000001,1487.1299999999999,84,10.15878403328924,0.07142857142857142,84,4.0843373493975905,itaquaquecetuba,SP
70c27847eca8195c983ed7e798c56743,98,12077.52,1451.66,77,11.206502675565176,0.06493506493506493,77,4.233766233766234,rio de janeiro,RJ
ff063b022a9a0aab91bad2c9088760b7,96,12076.5,1984.77,94,9.388406348502759,0.031914893617021274,94,4.311827956989247,santo andre,SP
e26901d5ab434ce92fd9b5c256820a4e,221,11990.9,2947.98,202,9.289251269035534,0.015228426395939087,197,4.123762376237623,maua,SP
701938c450705b8ae65fc923b70f35c7,112,11983.28,3808.84,75,12.979548298298297,0.04054054054054054,74,4.013513513513513,s jose do rio preto,SP
c4f7fee5b0db50e87766f5a4d1b1b758,9,11961.829999999998,571.77,8,11.528446759259259,0.0,5,2.875,sorocaba,SP
128639473a139ac0f3e5f5ade55873a5,560,11908.849999999999,9785.6,533,14.34180035051655,0.04174573055028463,527,4.185958254269449,maringa,PR
d71d863e5ef30d94e440c11be17dcd8f,36,11900.9,754.75,29,19.15844555152979,0.13043478260869565,23,2.9615384615384617,osasco,SP
8b8cfc8305aa441e4239358c9f6f2485,15,11892.0,1218.7,15,12.536666666666667,0.13333333333333333,15,4.2,londrina,PR
7901646fdd36a55f564ffaf2dbccaaf7,27,11857.08,621.75,22,9.824321864478115,0.09090909090909091,22,4.5,rio de janeiro,RJ
09f952a5f58d2285b0372551ae8f9b01,56,11821.5,1524.96,50,13.292202777777778,0.06,50,3.84,sao bernardo do campo,SP
adbc26658d6c7b4b6219f9d934598091,92,11806.4,1885.85,88,17.258289141414142,0.13636363636363635,88,4.125,curitiba,PR
0be8ff43f22e456b4e0371b2245e4d01,180,11805.5,2579.15,161,10.396858455009497,0.0641025641025641,156,3.950310559006211,sao paulo,SP
72c5da29406b4234927b81855e7b64f6,31,11798.69,853.78,31,10.797208781362007,0.03225806451612903,31,4.129032258064516,guarulhos,SP
ce7d1888639e6fb06b2749cbfdac1ff7,84,11793.89,3082.65,78,14.550741185897436,0.08974358974358974,78,4.166666666666667,baependi,MG
23d7c96d4a1160db1c726b248601b25a,55,11766.94,1379.58,53,13.130946064814816,0.1,50,3.8,capivari,SP
d1b65fc7debc3361ea86b5f14c68d2e2,41,11703.07,1438.73,40,9.19198806980057,0.02564102564102564,39,4.55,mogi guacu,SP
bba3293d6f5d5af2f415e004e8b93ae3,17,11702.1,326.69,17,12.072742374727667,0.058823529411764705,17,4.294117647058823,sao paulo,SP
25e6ffe976bd75618accfe16cefcbd0d,117,11691.61,1705.24,108,10.152859997379455,0.02830188679245283,106,4.407407407407407,sao paulo,SP
c4d51195486dc781531876a7d00453d8,17,11468.98,569.37,17,23.733787445533768,0.29411764705882354,17,3.9411764705882355,presidente prudente,SP
80e6699fe29150b372a0c8a1ebf7dcc8,100,11441.56,2713.34,98,11.559742115162038,0.03125,96,4.278350515463917,pinhais,PR
b4f8921fcc4ff77b66bea6dda43dcd51,20,11395.05,1468.3600000000001,18,7.78515367798354,0.05555555555555555,18,4.555555555555555,caxias do sul,RS
cab85505710c7cb9b720bceb52b01cee,209,11389.1,2906.14,206,10.137057593974571,0.01990049751243781,201,4.282926829268293,sao paulo,SP
1d8dbc4f32378d715c717c1c1fc57bae,98,11315.89,2105.16,92,15.573892704517705,0.08791208791208792,91,4.022222222222222,arapongas,PR
813348c996469b40f2e028d5429d3495,202,11205.83,3594.6,179,10.168005692829457,0.046511627906976744,172,4.057142857142857,jundiai,SP
6cd68b3ed6d59aaa9fece558ad360c0a,157,11188.57,2529.89,149,10.53334156723838,0.013422818791946308,149,4.456375838926174,belo horizonte,MG
5a8e7d5003a1f221f9e1d6e411de7c23,181,11171.9,2694.29,139,10.214196573398215,0.0364963503649635,137,4.144927536231884,campinas,SP
ccb83a794700270fde70898fe9ff368b,12,11062.0,1723.73,12,16.59214988425926,0.16666666666666666,12,4.333333333333333,sombrio,SC
8d956fec2e4337affcb520f56fd8cbfd,228,11015.19,3327.95,211,9.265147211199295,0.06190476190476191,210,4.199052132701421,sao bernardo do campo,SP
6973a06f484aacf400ece213dbf3d946,115,11011.05,1363.57,95,14.897277361631293,0.14606741573033707,89,3.5638297872340425,sao jose dos campos,SP
95e03ca3d4146e4011985981aeb959b9,193,11009.960000000001,3233.54,175,12.531179613479758,0.03488372093023256,172,4.005780346820809,rio de janeiro,RJ
7ea5bfa6c340f58f8e71fc1f0412b0d6,104,11002.89,1660.99,98,13.051441695601852,0.0625,96,4.123711340206185,belo horizonte,MG
54965bbe3e4f07ae045b90b0b8541f52,86,10961.300000000001,2203.54,78,26.16556062912227,0.3013698630136986,73,3.0,foz do iguacu,PR
82e0a475a88cc9595229d8029273f045,80,10930.02,1485.9,42,16.00178071364047,0.0975609756097561,41,3.642857142857143,sao paulo,SP
dd2bdf855a9172734fbc3744021ae9b9,113,10816.7,2037.18,108,15.350510802469136,0.05714285714285714,105,3.855769230769231,belo horizonte,MG
0ea22c1cfbdc755f86b9b54b39c16043,269,10711.7,4363.61,237,11.029134318613485,0.008547008547008548,234,4.401709401709402,sete lagoas,MG
ce27a3cc3c8cc1ea79d11e561e9bebb6,164,10682.65,2329.22,135,10.19712668867638,0.01639344262295082,122,3.9,sao paulo,SP
c9c7905cffc4ef9ff9f113554423e671,139,10657.18,2109.53,127,11.093948035141441,0.07874015748031496,127,4.141732283464567,itapecerica da serra,SP
bd23da7354813347129d751591d1a6e2,90,10544.300000000001,1466.83,89,9.874542420327304,0.023255813953488372,86,4.011363636363637,sao paulo,SP
f3b80352b986ab4d1057a4b724be19d0,92,10505.1,2187.63,87,10.455703461455641,0.0,86,4.172413793103448,brasilia,DF
f262cbc1c910c83959f849465454ddd3,207,10482.83,2507.02,192,9.112147143836959,0.07407407407407407,189,4.141361256544503,sao paulo,SP
c864036feaab8c1659f65ea4faebe1da,58,10454.2,1845.57,58,12.280721982758621,0.034482758620689655,58,4.568965517241379,campo largo,PR
b499c00f28f4b7069ff6550af8c1348a,187,10327.130000000001,2577.95,152,11.269584986772488,0.1292517006802721,147,4.118421052631579,limeira,SP
ea566164622c6b439516ab18062c42cd,52,10309.42,858.56,50,14.027645138888888,0.18,50,3.78,sao  paulo,SP
33a6f4b1e7cdc205511e76ba1b6e0186,126,10295.01,1888.9,105,8.50247299382716,0.01904761904761905,105,4.40952380952381,guarulhos,SP
9d5a9018aee56acb367ba9c3f05d1d6a,79,10292.310000000001,1689.9,67,15.023560430695847,0.015151515151515152,66,4.417910447761194,aparecida de goiania,GO
06532f10282704ef4c69168b914b77be,9,10220.5,698.24,8,16.61554728835979,0.0,7,4.25,paincandu,PR
1c5e4e49b9079480255b49d50aac1aa9,12,10173.11,889.61,12,8.798226273148147,0.0,12,4.333333333333333,santos,SP
7b1222c3624aa89b9558b50a2594188c,22,10103.52,457.57,22,17.665475063131314,0.13636363636363635,22,4.454545454545454,sao jose do rio preto,SP
5058e8c1e82653974541e83690655b4a,78,10022.82,3055.11,63,26.679335050776583,0.11290322580645161,62,3.2419354838709675,itaquaquecetuba,SP
0df3984f9dfb3d49ac6366acbd3bbb85,89,10021.49,1498.72,87,9.545799956933678,0.011627906976744186,86,4.344827586206897,betim,MG
5343d0649eca2a983820bfe93fc4d17e,111,10000.64,2392.59,71,11.265936342592592,0.1,70,3.8285714285714287,santo andre,SP
054694fa03fe82cec4b7551487331d74,22,9983.1,720.65,21,30.79312268518519,0.3,20,3.4761904761904763,itajobi,SP
9d4db00d65d7760644ac0c14edb5fd86,100,9979.7,1533.11,98,8.056416213249332,0.041237113402061855,97,4.515463917525773,sorocaba,SP
961dff0a659b4561334372337dd897d9,4,9946.0,136.56,4,20.515949074074076,0.0,3,3.75,rio de janeiro,RJ
5882820ef11c4c068eea0677a7a879b4,14,9925.5,739.31,14,14.96869460978836,0.0,14,4.153846153846154,caxias do sul,RS
4830e40640734fc1c52cd21127c341d4,219,9843.47,3126.55,210,9.976384633714597,0.049019607843137254,204,4.148325358851674,sao paulo,SP
ef506c96320abeedfb894c34db06f478,340,9771.43,5197.0,324,13.462722178270042,0.07911392405063292,316,3.931464174454829,sao paulo,SP
17ca9b9e9b9ef8fdb529001b49ebb50f,129,9754.83,2365.89,116,8.242504428341384,0.008695652173913044,115,4.043103448275862,betim,MG
7040e82f899a04d1b434b795a43b4617,228,9738.2,3217.78,212,10.512130074786324,0.07692307692307693,208,3.6,sao paulo,SP
7b07b3c7487f0ea825fc6df75abd658b,98,9731.85,1342.79,93,9.585440705128205,0.04395604395604396,91,4.354838709677419,sao paulo,SP
ca3bd7cd9f149df75950150d010fe4a2,138,9731.85,3439.52,71,13.584718137254903,0.014705882352941176,68,3.9577464788732395,sao paulo,SP
01cf7e3d21494c41fb86034f2e714fa1,67,9729.36,2008.82,61,11.786124646892656,0.05084745762711865,59,4.15,francisco beltrao,PR
17306570e772e7718c92a562d33f5f1d,32,9669.8,930.83,29,14.355489111796983,0.07407407407407407,27,3.6206896551724137,bariri,SP
e96498ed8daaa3e9c23f7a62da76591c,34,9619.09,713.1,34,15.198311887254901,0.14705882352941177,34,3.9411764705882355,sao paulo,SP
31344c16881c08a8a72c6d2eb29918c1,43,9615.7,2296.92,43,15.696046075837742,0.047619047619047616,42,4.348837209302325,uba,MG
e7df4cd29ab5abab70fb0783ddb53987,24,9608.699999999999,413.37,23,10.157143719806763,0.08695652173913043,23,4.304347826086956,sao paulo,SP
73a63f72308aa20a46f4b1632018f196,41,9606.8,1178.99,29,11.633753000685871,0.0,27,4.142857142857143,curitiba,PR
b2ac621f0d0322434d04a12b078b9369,30,9575.5,781.39,30,14.670295524691358,0.1,30,4.4,curitiba,PR
1c129092bf23f28a5930387c980c0dfc,220,9553.619999999999,3035.67,201,11.750663194444444,0.045,200,4.235,sao paulo,SP
36a968b544695394e4e9d7572688598f,162,9482.87,2146.0,154,10.72730394456957,0.033783783783783786,148,3.6493506493506493,santos,SP
3db66a856d18a9cba7c9241fc5221c50,97,9478.300000000001,2044.36,94,16.00484670508274,0.10638297872340426,94,4.202127659574468,ponte nova,MG
270297ead4c65a6cd2593960d2af6b21,20,9422.4,546.1,18,14.341523011982572,0.0,17,3.823529411764706,sao paulo,SP
81a1104df0f08b59c68aa5b03cfe398e,73,9420.880000000001,1814.3899999999999,73,12.830092431841564,0.041666666666666664,72,4.267605633802817,sao jose dos pinhais,PR
066a6914e1ebf3ea95a216c73a986b91,74,9410.380000000001,1705.57,68,13.309240495230078,0.030303030303030304,66,4.08955223880597,foz do iguacu,PR
cb8bcce248bb1fb274ba762d8b971456,69,9402.2,1232.82,68,12.631106551627385,0.015151515151515152,66,4.25,santa rita do sapucai,MG
a00824eb9093d40e589b940ec45c4eb0,3,9399.97,379.49,3,8.007125771604938,0.0,3,4.666666666666667,bofete,SP
5b8154610ebb21fb90eb587365e673df,41,9397.54,1077.44,38,13.051636636636637,0.10810810810810811,37,4.184210526315789,sao jose dos campos,SP
3c487ae8f8d7542beff5788e2e0aea83,33,9385.699999999999,719.65,30,13.742282793209878,0.03333333333333333,30,4.2,gama,DF
aaed1309374718fdd995ee4c58c9dfcd,112,9376.95,2331.07,105,12.235572471509972,0.028846153846153848,104,4.066666666666666,timbo,SC
8b28d096634035667e8263d57ba3368c,155,9375.7,2591.45,143,14.073363226085798,0.1079136690647482,139,3.971631205673759,sao jose dos campos,SP
05feb94f19d094d4b0f9281f0b1d4c99,6,9353.0,697.04,6,15.371317515432098,0.0,6,4.5,mogi das cruzes,SP
048c2757535328e0d7dac690ad3c0aae,51,9264.78,1286.28,51,18.514625925925927,0.12,50,4.18,franca,SP
aafe36600ce604f205b86b5084d3d767,131,9251.4,2421.8,129,12.49871348334769,0.03875968992248062,129,4.403100775193798,sao jose,SC
624f4ece8da4aafb77699233d480f8ef,55,9205.0,1722.37,53,13.627191283831909,0.07692307692307693,52,4.25,sao paulo,SP
dd7ddc04e1b6c2c614352b383efe2d36,143,9178.51,2893.4900000000002,122,15.020833237679827,0.12396694214876033,121,3.8512396694214877,sao paulo,SP
4e7c18b98d84e05cbae3ff0ff03846c2,89,9177.9,2875.98,82,12.090135888203019,0.037037037037037035,81,4.160493827160494,jaboticabal,SP
6c12e40690c335dbc2f68a4134d30dc1,18,9139.2,485.06,16,13.344157262731482,0.0,16,4.071428571428571,castro,PR
f80edd2c5aaa505cc4b0a3b219abf4b8,128,9108.2,3000.74,119,12.073216395274585,0.05172413793103448,116,4.084745762711864,sao paulo,SP
8e8a7ce9f2f970dc00e2acf6f6e199f6,66,9101.0,1183.82,65,12.24611956202234,0.06349206349206349,63,4.0,sao goncalo,RJ
0db783cfcd3b73998abc6e10e59a102f,137,9077.4,1999.1499999999999,132,11.615984322390574,0.03787878787878788,132,4.206106870229007,santos,SP
06df0c10d34e459d9672bc77388742eb,30,9070.0,525.77,26,10.081905715811965,0.038461538461538464,26,4.346153846153846,maringa,PR
fffd5413c0700ac820c7069d66d98c89,61,9062.3,2833.74,60,13.792657569850553,0.12280701754385964,57,3.847457627118644,amparo,SP
9b013e03b2ab786505a1d3b5c0756754,225,9027.4,2604.21,174,8.559827546296297,0.041176470588235294,170,4.15606936416185,vicente de carvalho,SP
5f2684dab12e59f83bef73ae57724e45,74,9000.87,1122.19,68,10.647301340519624,0.05970149253731343,67,3.8088235294117645,sao paulo,SP
403aa86912527d730337ffcb0fb096ab,11,8959.89,204.62,11,10.995046296296296,0.0,11,4.0,belo horizonte,MG
f27e33c6d29b5138fa9967bcd445b6d5,98,8888.3,1593.95,93,12.069667587614497,0.08602150537634409,93,4.096774193548387,sao paulo,SP
32b8764b4ef628b53608fc34011fcc13,38,8884.0,2970.42,36,11.231865033436215,0.027777777777777776,36,4.194444444444445,lages,SC
d03698c2efd04a549382afa6623e27fb,21,8865.47,779.15,18,14.709746013374485,0.05555555555555555,18,4.5,ilheus,BA
2089a6d640999f9b9141ac719b2af596,44,8830.82,695.12,44,19.527540932700994,0.12195121951219512,41,3.727272727272727,sao carlos,SP
1da3aeb70d7989d1e6d9b0e887f97c23,328,8823.52,4231.84,265,8.604649673619981,0.04597701149425287,261,4.163498098859316,sao paulo,SP
a49928bcdf77c55c6d6e05e09a9b4ca5,106,8816.7,1757.55,98,16.933884910300925,0.21875,96,3.010204081632653,sao paulo,SP
562fc2f2c2863ab7e79a9e4388a58a14,270,8814.199999999999,4305.14,260,11.30587232207698,0.03137254901960784,255,4.217054263565892,campinas,SP
af4a0e4cfe1d9c26b6712b1be25a72e5,26,8757.98,593.62,21,13.361939484126983,0.047619047619047616,21,3.4285714285714284,mateus leme,MG
18a349e75d307f4b4cc646a691ed4216,148,8711.53,2198.03,121,11.15451558783554,0.05504587155963303,109,3.441666666666667,sao paulo,SP
6d803cb79cc31c41c4c789a75933b3c7,66,8711.4,1213.67,58,13.296695801404853,0.06896551724137931,58,4.241379310344827,sao joaquim da barra,SP
6c7d50c24b3ccd2fd83b44d8bb34e073,128,8699.34,2770.85,114,12.268236813822751,0.017857142857142856,112,4.389380530973451,presidente prudente,SP
b1a81260566c1bac3114a6d124413f27,54,8684.69,1565.51,51,8.565282543572986,0.0,51,4.2745098039215685,carazinho,RS
9596c870880d900012f2e8e6e30d06d7,24,8606.25,2009.08,22,13.834508928571429,0.047619047619047616,21,4.136363636363637,varginha,MG
db2956745b3a8e9f3785c99f34b5d25e,48,8599.0,975.27,47,14.282383744855967,0.08888888888888889,45,3.765957446808511,sao sebastiao,SP
259f7b5e6e482c230e5bfaa670b6bb8f,165,8526.04,2739.21,138,8.735859630310458,0.014705882352941176,136,4.299270072992701,poa,SP
93dc87703c046b603023e75222018b45,36,8517.35,688.9399999999999,35,20.04579826038159,0.09090909090909091,33,3.9696969696969697,belo horizonte,MG
cbd996ad3c1b7dc71fd0e5f5df9087e2,196,8411.04,2873.92,165,12.850710575810186,0.08125,160,4.149068322981367,sao jose do rio preto,SP
b18dc380845b24038cfc48006478f099,54,8353.3,895.63,44,12.824832848837211,0.11627906976744186,43,4.1395348837209305,diadema,SP
6c177e38df6d3f34182b1f1d427231bf,56,8341.89,1034.64,55,14.409789482879106,0.018867924528301886,53,4.036363636363636,curitiba,PR
7d456afc660226829370f3173d14520c,91,8338.25,1519.6200000000001,56,8.502737584175083,0.03636363636363636,55,4.357142857142857,mogi das cruzes,SP
fcb5ace8bcc92f75707dc0f01a27d269,73,8318.63,954.7,62,10.595384690834903,0.03389830508474576,59,3.8524590163934427,guarulhos,SP
784ba75dd9d20200c4caed3d7a77141a,24,8295.13,629.8199999999999,21,13.691990740740742,0.10526315789473684,19,3.8095238095238093,sao paulo,SP
3078096983cf766a32a06257648502d1,64,8285.42,1415.48,59,12.067960276124339,0.03571428571428571,56,4.203389830508475,scao jose do rio pardo,SP
26d8a1c7c75d513045798992ead43aa2,38,8244.12,701.66,36,12.723354779411764,0.08823529411764706,34,4.305555555555555,apucarana,PR
b92e3c8f9738272ff7c59e111e108d7c,70,8231.09,2414.21,62,16.729624402628435,0.03225806451612903,62,4.161290322580645,uba,MG
4371b634e0efc0e22b09b52907d9d469,112,8194.0,1484.79,102,11.118572951045104,0.06930693069306931,101,4.445544554455446,sao paulo,SP
397c4d0c005b6f41f90098ac724e28cb,5,8177.0,445.37,5,16.082599537037037,0.4,5,4.4,santo andre,SP
67883baaae6134ee81b271a542613728,19,8167.9,328.12,19,5.838590399610137,0.05263157894736842,19,4.105263157894737,sao paulo,SP
86bb7c4b535e49a541baf3266b1c95b1,16,8162.4,324.82,16,20.137781394675926,0.1875,16,3.2,franca,SP
fdb9095204a334cd8872252ffec6f2db,61,8156.0,1133.37,46,8.719879730273751,0.06521739130434782,46,4.173913043478261,sao paulo,SP
52d76513f0c4d97f3b99570e2c94ee31,28,8153.1,889.26,19,10.409611963937621,0.05263157894736842,19,4.055555555555555,novo hamburgo,RS
33a17d60c64393351ebf1ef860f4e0f2,47,8152.4800000000005,1279.38,43,10.61319982773471,0.023255813953488372,43,4.627906976744186,porto alegre,RS
4bfc7a4a1cf8d4d2121c27422d9e50b5,40,8124.4,1067.19,26,8.018603543447293,0.038461538461538464,26,4.538461538461538,sao paulo,SP
8fb791022c1fc8909664f48ab7dc636d,5,8119.95,363.4,5,5.729247685185185,0.0,5,4.2,sao paulo,SP
972d0f9cf61b499a4812cf0bfa3ad3c4,88,8089.29,2151.3,83,18.185644861682672,0.1111111111111111,81,3.0253164556962027,brusque,SC
750303a20e9c56b2a6bc45cdce0b897d,57,8085.0,1309.81,54,14.103843029350104,0.03773584905660377,53,4.2407407407407405,goiania,GO
a2e874074c877c5a05abae80ad6e488f,46,8071.9800000000005,1202.82,44,19.23790740740741,0.05,40,3.9545454545454546,sao jose do rio preto,SP
6bd69102ab48df500790a8cecfc285c2,5,8070.0,289.02,5,16.254462962962965,0.2,5,3.0,sao paulo,SP
5656537e588803a555b8eb41f07a944b,188,8065.93,3377.0299999999997,174,11.294335336798786,0.05847953216374269,171,3.8735632183908044,brasilia,DF
7a241947449cc45dbfda4f9d0798d9d0,72,8027.63,1990.47,62,13.22058097718254,0.07142857142857142,56,3.8688524590163933,jacutinga,MG
54065e9aef7e9e9c2dc23b7594db021a,14,8003.0,280.43,14,12.422222222222222,0.0,12,3.857142857142857,rio de janeiro,RJ
b1fc4f64df5a0e8b6913ab38803c57a9,121,7994.74,2146.25,107,15.916294998269297,0.12149532710280374,107,3.857142857142857,sao goncalo,RJ
903037660cf848a717166eb7a06d616e,60,7991.51,1091.77,45,11.836257628367003,0.11363636363636363,44,3.888888888888889,sao paulo,SP
ebd2d60905fb58271facef5596b620d3,88,7941.72,1733.3,84,12.992299712059621,0.036585365853658534,82,4.154761904761905,lencois paulista,SP
bbf9ad41dca6603e614efcdad7aab8c4,14,7846.0,776.26,14,13.931492228835978,0.0,14,4.5,fortaleza,CE
989becdce12ebc39863c2bceab6f3ca1,18,7840.88,1052.45,18,13.739216820987654,0.06666666666666667,15,4.555555555555555,curitiba,PR
725c32fa80c2faacc4fc88450d27314e,93,7838.88,1327.78,89,9.408308234498543,0.011235955056179775,89,4.517241379310345,sao paulo,SP
8476243f92442881ddd5b578975cf115,12,7838.0,275.03,12,17.33558063271605,0.08333333333333333,12,4.083333333333333,campo bom,RS
0432ead42b6c8a0bdf68154add917fdf,90,7792.1,1207.52,85,8.89543289859982,0.024390243902439025,82,4.458823529411765,maua,SP
d51e0a403fe2e689ece6c73359d96e12,26,7790.0,673.02,19,14.026194058641975,0.1111111111111111,18,4.105263157894737,pompeia,SP
2dee2ce60de9709b1a24083217181a1f,55,7784.5,2060.06,54,14.143901963305897,0.018518518518518517,54,4.425925925925926,sinop,MT
7008613ea464bad5cb9b83456e1e6a8f,156,7777.0,3083.05,127,14.4758306044866,0.04878048780487805,123,4.261904761904762,canoinhas,SC
7bac63f6603d382cc8d0832eb6c100a8,19,7751.95,362.65,19,15.764658869395712,0.10526315789473684,19,4.0,sao paulo,SP
5b925e1d006e9476d738aa200751b73b,63,7748.5,1053.34,63,10.885000367430923,0.06349206349206349,63,4.603174603174603,sao paulo,SP
6fd52c528dcb38be2eea044946b811f8,84,7743.0199999999995,1138.56,67,21.561034238529572,0.13432835820895522,67,3.393939393939394,sao paulo,SP
e5a3438891c0bfdb9394643f95273d8e,255,7738.349999999999,3374.27,224,15.663077578446503,0.1574074074074074,216,3.918918918918919,limeira,SP
257e61d3251fb5efb9daadddbc2cf7ca,12,7729.0,1077.18,12,8.095081018518519,0.0,12,4.75,apucarana,PR
b410bdd36d5db7a65dcd42b7ead933b8,44,7726.9,1006.71,44,9.202473820546738,0.0,42,4.659090909090909,goiania,GO
42bde9fef835393bb8a8849cb6b7f245,40,7703.0,784.84,35,10.372565359477123,0.029411764705882353,34,4.257142857142857,brasilia,DF
3bb548e3cb7f70f28e3f11ee9dce0e59,53,7690.02,896.79,46,10.905072463768116,0.0,46,4.195652173913044,maringa,PR
058fd0aa2bfdb2274e05e1ae971dabb6,64,7667.9,887.9,61,10.141677469135802,0.06666666666666667,60,4.377049180327869,santo andre,SP
08633c14ef2db992c11f840f04fad4cd,97,7644.3,1424.52,74,9.956255943443443,0.05405405405405406,74,4.364864864864865,ribeirao pires,SP
4e17c65a516f69d023a2ae78b84f28d6,74,7639.26,1155.54,61,13.33190023527626,0.04918032786885246,61,4.229508196721311,suzano,SP
52f976b17ea7f2f087f56dcc419328f6,6,7630.0,862.65,6,10.383350694444443,0.0,6,3.6666666666666665,california,PR
640e21a7d01df7614a3b4923e990d40c,137,7598.88,2446.24,116,10.319995068438002,0.043478260869565216,115,4.301724137931035,ibitinga,SP
4aba391bc3b88717ce08eb11e44937b2,30,7595.87,839.34,29,16.923858882030178,0.14814814814814814,27,3.896551724137931,arraial d'ajuda (porto seguro),BA
6a51fc556dab5f766ced6fbc860bc613,33,7577.67,792.58,26,14.152041859567902,0.08333333333333333,24,3.769230769230769,marilia,SP
8a432f4e5b471f8da497d7dc517666e2,106,7555.0,1965.11,95,7.845326023391812,0.021052631578947368,95,4.191489361702128,presidente prudente,SP
062ce95fa2ad4dfaedfc79260130565f,60,7521.0,1200.44,55,13.504861754115225,0.037037037037037035,54,4.036363636363636,lajeado,RS
0bae85eb84b9fb3bd773911e89288d54,146,7482.21,2924.19,137,10.279241813044663,0.007352941176470588,136,4.2700729927007295,itajai,SP
c26a2be5b53b7db6b276280da212a779,18,7482.0,806.85,13,14.082574786324786,0.0,13,3.3846153846153846,nova friburgo,RJ
87e24fc7052259b1f7f607d61c10d8be,8,7473.49,236.37,8,15.341284722222223,0.14285714285714285,7,3.5,sao paulo,SP
bd0389da23d89b726abf911cccc54596,90,7472.16,1656.31,87,13.635255826947636,0.06896551724137931,87,4.172413793103448,brasilia,DF
a420f60ff1aa9acc80d0e42959f2b313,69,7443.3,1099.97,67,11.55845581122167,0.07462686567164178,67,3.953846153846154,sao paulo,SP
8648b1e89e9b349e32d3741b30ec737e,103,7442.55,1503.5,95,9.046316955396257,0.0967741935483871,93,4.08421052631579,jacarei,SP
512d298ac2a96d1931b6bd30aa21f61d,12,7401.94,321.93,11,10.706315235690235,0.0,11,4.2727272727272725,rio de janeiro,RJ
e0a366315b1b726b6c7832d664c0f530,51,7400.09,745.08,43,7.974509313092161,0.023255813953488372,43,4.3023255813953485,sao paulo,SP
f25e239052084705e17a982bc600ab2a,8,7380.0,405.48,8,12.39517505787037,0.0,8,4.25,sao paulo,SP
381c83fdca332ea6afd896da20bf6e4a,46,7355.8,999.21,46,12.691300322061192,0.021739130434782608,46,4.391304347826087,curitiba,PR
b347677812ea483b0f528eaf8cbc09b7,21,7288.99,762.35,21,13.219165564373899,0.0,21,4.523809523809524,curitiba,PR
febab0275244b9a49a623f0bd613ca2f,129,7272.42,3016.75,109,8.647835975716282,0.03773584905660377,106,4.376146788990826,pedreira,SP
aced59e9b31ef866a94f9e7f29d8d418,67,7268.5,1047.3,61,9.736964936247723,0.03278688524590164,61,4.426229508196721,sao paulo,SP
e333046ce6517bd8bb510291d44f0130,74,7268.0,1431.32,68,10.158788807189541,0.04411764705882353,68,4.338235294117647,ipaussu,SP
0873d9f8f36123f8d910f4760e788cfb,6,7265.59,161.06,6,13.130835262345679,0.3333333333333333,6,3.1666666666666665,barueri,SP
cee48807215b30a12ca2ca10ffb5f250,40,7212.2300000000005,913.29,39,23.632062856125355,0.1282051282051282,39,3.769230769230769,guaruja,SP
d624126b9206f595fb3fbb6ba03b28a8,28,7198.8,569.7,23,11.358020833333335,0.043478260869565216,23,4.318181818181818,curitiba,PR
ade45994b717ccee333492330fbf037b,10,7196.0,283.63,10,8.410002314814815,0.0,10,4.5,umuarama,PR
dbb9b48c841a0e39e21f98e1a6b2ec3e,118,7186.85,1581.41,108,9.817175925925927,0.037037037037037035,108,4.268518518518518,sao paulo,SP
d13e50eaa47b4cbe9eb81465865d8cfc,69,7155.05,857.79,67,5.039004454264871,0.09090909090909091,66,4.82089552238806,santo andre,SP
a4b6b9b992b46e9ef863637af96e04bc,14,7147.0,305.36,7,18.31079475308642,0.16666666666666666,6,3.2857142857142856,florianopolis,SC
cc63f0dd2acba93ffed4fe9f8e0321fa,63,7096.71,1399.97,55,8.998671506734008,0.0,55,4.090909090909091,sao jose do rio preto,SP
7722b1df1b0e383e000397b2c11e3e19,145,7094.09,2071.21,134,8.353897852269561,0.03007518796992481,133,4.225563909774436,sao bernardo do campo,SP
014c0679dd340a0e338872e7ec85666a,15,7058.0,628.3100000000001,14,19.763406084656083,0.14285714285714285,14,3.857142857142857,timoteo,MG
f1fd5ab1181f827ffad998c1a5de7d74,15,7045.99,831.97,15,9.45754938271605,0.0,15,4.666666666666667,curitiba,PR
dd55f1bb788714a40e7954c3be6df745,37,7041.759999999999,659.42,35,18.29500925925926,0.17142857142857143,35,3.742857142857143,sao paulo,SP
679769a98cfcc6da877c8486ff1c13f3,21,7029.0,438.39,21,9.536956018518518,0.0,21,4.571428571428571,ipatinga,MG
ff4ea69c2a729e83e63c7579e4ef8170,9,7017.0,171.62,9,11.463975694444445,0.0,8,4.5,guarulhos,SP
6fa9202c10491e472dffd59a3e82b2a3,3,7014.24,925.01,3,8.464201388888888,0.0,3,4.333333333333333,sorocaba,SP
b8630e1121437d41cb08e3c749c2c2e2,12,6988.0,346.1,12,11.137473958333333,0.08333333333333333,12,4.333333333333333,duque de caxias,RJ
d98eec89afa3380e14463da2aabaea72,183,6968.53,3256.7799999999997,168,8.557804026124339,0.023809523809523808,168,4.341317365269461,porto alegre,RS
bacb1f0ed56ad24198f5810d2b3fe9a5,42,6940.45,892.94,42,9.781034356725147,0.02631578947368421,38,4.075,jacarei,SP
1da366cade6d8276e7d8beea7af5d4bf,49,6917.589999999999,1756.14,43,17.469218198853614,0.07142857142857142,42,3.9285714285714284,uba,MG
30829ded4523ab9224b93bc49a62c95f,31,6911.71,638.0,18,12.086655092592592,0.05555555555555555,18,3.7777777777777777,parai,RS
d9bd94811c3338dceb4181f3dbc0c73e,61,6911.02,771.09,54,8.041346021947874,0.05555555555555555,54,4.796296296296297,sao paulo,SP
ad781527c93d00d89a11eecd9dcad7c1,44,6899.570000000001,2379.69,44,25.504659478557503,0.3157894736842105,38,3.0681818181818183,sao jose do rio preto,SP
e3b4998c7a498169dc7bce44e6bb6277,3,6897.9,216.79,3,18.740069444444444,0.0,1,2.6666666666666665,sao paulo,SP
1127b7f2594683f2510f1c2c834a486b,132,6851.33,1821.71,114,9.352086279461279,0.01818181818181818,110,4.087719298245614,campinas,SP
b3b17aab11f273023a5f22ca52e1eb70,13,6850.0,475.34999999999997,7,16.551684854497356,0.14285714285714285,7,4.857142857142857,londrina,PR
58f1a6197ed863543e0136bdedb3fce2,45,6833.0,1070.69,44,10.302723489858906,0.023809523809523808,42,4.181818181818182,conselheiro lafaiete,MG
8e6cc767478edae941d9bd9eb778d77a,114,6830.58,2284.83,106,16.615996527777778,0.06,100,3.923076923076923,araguari,MG
5b67882648febfb6e1225e6ad7164f6b,30,6813.4800000000005,618.94,27,12.55868912894376,0.037037037037037035,27,4.0,umuarama,PR
ececbfcff9804a2d6b40f589df8eef2b,104,6792.4,1868.66,98,13.180852305269186,0.09278350515463918,97,4.112244897959184,franca,SP
33dd941c27854f7625b968cc6195a552,5,6787.5,380.91,5,11.700719907407407,0.0,5,4.4,vila velha,ES
40d54b51e962dbe09cabbcfd33298dee,31,6785.5599999999995,537.69,30,7.3339942129629625,0.0,30,4.0,santo andre,SP
63b464dbf392c7b80d12d932fa7cafed,39,6781.0,881.25,37,13.07969971707819,0.05555555555555555,36,3.7837837837837838,sao paulo,SP
a63bfbaa882c8f4542891b4e2246cc7f,7,6772.0,264.19,7,11.690190972222224,0.0,6,4.428571428571429,niteroi,RJ
ff1fb4c404b2efe68b03350a8dc24122,49,6771.0,895.95,46,10.30743332326892,0.13043478260869565,46,4.0,mogi das cruzes,SP
aac29b1b99776be73c3049939652091d,138,6755.91,2709.61,98,14.93235446217494,0.09574468085106383,94,4.09375,uberlandia,MG
54219883e72aad869adfb2a54b7bfa0f,5,6750.0,829.55,5,17.007217592592593,0.0,5,3.2,sorocaba,SP
3340ef1913fb70d28420f6ceb685c339,42,6731.15,750.4,32,16.713813657407407,0.03125,32,4.375,maringa,PR
455c5640e8c5bd1b2ee85c0158f85727,8,6729.5,457.39,8,14.96896701388889,0.0,8,4.5,luiz alves,SC
80ceebb4ee9b31afb6c6a916a574a1e2,1,6729.0,193.21,1,20.866354166666667,1.0,1,,londrina,PR
abe021b01ba992245271b9aa422032df,2,6720.0,117.24000000000001,2,17.93034722222222,0.0,2,3.5,curitiba,PR
31ae0774c17fabd06ff707cc5bde005f,11,6719.85,850.82,11,11.775554503367005,0.09090909090909091,11,4.0,americana,SP
e5e33c0d8e7e002f398f5dc4cbbb338f,29,6698.7,778.63,28,12.06518919159544,0.07692307692307693,26,4.321428571428571,bauru,SP
83e197e95a1bbabc8c75e883ed016c47,55,6693.6900000000005,986.37,47,10.44315619967794,0.021739130434782608,46,4.808510638297872,mage,RJ
fa1a9dec3a9940c072684a46728bf1fc,60,6674.0,1201.71,55,14.294422348484849,0.0,55,4.111111111111111,icara,SC
33c51922b6e3c16b24a8f28e5833c99d,20,6657.87,368.01,18,14.543931327160493,0.05555555555555555,18,4.235294117647059,londrina,PR
b4ffb71f0cb1b1c3d63fad021ecf93e1,165,6656.09,2519.98,144,10.105635926573427,0.02097902097902098,143,4.222222222222222,sao paulo,SP
751bdc4d83a466c7206cd42e8f426b03,71,6648.93,1054.81,54,10.857696759259259,0.0196078431372549,51,3.8076923076923075,ribeirao pires,SP
516e7738bd8f735ac19a010ee5450d8d,84,6643.09,1466.23,76,8.833180837087088,0.02702702702702703,74,4.565789473684211,rio de janeiro,RJ
5670f4db5b62c43d542e1b2d56b0cf7c,22,6630.09,582.5600000000001,22,8.532830913299664,0.045454545454545456,22,4.409090909090909,sao paulo,SP
5d0363b33554b373851fc1622e4d5f3c,95,6610.79,2192.18,94,12.488874825766628,0.08602150537634409,93,4.042553191489362,atibaia,SP
609e1a9a6c2539919b8205cf7c4e6ff0,130,6595.23,2687.19,87,10.212838175819499,0.011494252873563218,87,3.8117647058823527,brusque,SC
92eb0f42c21942b6552362b9b114707d,365,6548.63,4944.04,341,13.712684630738524,0.04790419161676647,334,3.9911242603550297,sao paulo,SP
11305281b50fff20ae8bb473f8e11876,40,6528.7,1444.51,35,13.579183531746033,0.11428571428571428,35,4.314285714285714,uba,MG
282f23a9769b2690c5dda22e316f9941,110,6505.08,1881.88,99,11.22246019935752,0.04081632653061224,98,4.333333333333333,belo horizonte,MG
ee27a8f15b1dded4d213a468ba4eb391,1,6499.0,227.66,1,11.955023148148149,0.0,1,5.0,goiania,GO
4c03b9dd4c11ee2cb35c96c49efc9420,48,6458.6,843.73,48,10.534739824459876,0.020833333333333332,48,4.1063829787234045,campo limpo paulista,SP
34056b8b55c1775a22af2331670a799c,78,6455.4,1774.49,78,12.927642496392497,0.11688311688311688,77,4.0,penapolis,SP
6f892e20a171e98efe17fdb971ff319b,53,6438.700000000001,904.16,44,17.355762195121955,0.0975609756097561,41,3.9302325581395348,sao paulo,SP
8a32e327fe2c1b3511609d81aaf9f042,180,6429.01,2363.03,132,8.874441229423867,0.031746031746031744,126,3.83206106870229,sao paulo,SP
7dc8c42cc750eeafea6c85712ffee9bf,50,6409.68,1035.41,41,9.15091548102981,0.04878048780487805,41,4.195121951219512,sao paulo,SP
376a891762bbdecbc02b4b6adec3fdda,58,6406.23,1287.4,57,12.221382594217024,0.03508771929824561,57,4.666666666666667,goiania,GO
dbdd0ec73a4817971d962698f2fea022,16,6384.0,1790.8,16,12.651514756944445,0.0625,16,4.375,fortaleza,CE
4b5f66b7adcf57f1ecc0d3c07dd6b177,38,6381.78,734.18,23,14.243249295491143,0.043478260869565216,23,4.090909090909091,vendas@creditparts.com.br,PR
02f623a8eb246f3c5f7c2f96462654e6,44,6378.0,829.63,44,8.482709648569024,0.06818181818181818,44,4.558139534883721,botucatu,SP
57e632711dec9ec14ca7546769483e7e,65,6350.06,1207.98,62,10.924974798387098,0.0,62,4.419354838709677,navegantes,SC
670c26e0f1bf8d0576271d5cfaec6d2b,87,6341.6,1694.03,78,14.281619017556517,0.05194805194805195,77,4.269230769230769,maringa,PR
f4c4daa86e30c7e5a553a8d518ac03a5,20,6301.91,369.29,20,16.640676440329216,0.05555555555555555,18,3.7,cascavel,PR
dee656f0f566ed1aa85bd137c943f08f,95,6271.9800000000005,1696.69,93,12.59528004227053,0.043478260869565216,92,4.369565217391305,cruzeiro,SP
bd4889b5e9133b35b66e42a8665cea5c,42,6271.9,984.64,36,10.282339248971192,0.0,36,4.4,sao paulo,SP
6b243f80ed07b10f0e8aa0f21a205f3c,89,6260.1,1547.3,79,11.161837494139709,0.0379746835443038,79,4.265822784810126,curitiba,PR
2fdde51ad3e12f297da656d4fbd5d0b5,10,6252.0,622.14,10,15.266977880658438,0.0,9,4.7,joinville,SC
ea67327e24487bdfac5fbfa37ea124df,34,6250.18,930.1,32,8.721783130787037,0.03125,32,3.53125,ibitinga,SP
2528744c5ef5d955adc318720a94d2e7,5,6245.0,263.7,5,10.070645833333334,0.0,5,2.4,jundiai,SP
f12ff17ad8bbf01ec5c33b17e506649b,29,6241.0,651.73,29,13.791368220899471,0.10714285714285714,28,3.8275862068965516,sao paulo,SP
eb3071b9f0b0ddaa2df5ea130f09f26b,11,6230.0,581.42,9,9.65403677983539,0.1111111111111111,9,4.555555555555555,sao paulo,SP
b19f3ca2ea475913750f25a5c37c8d8f,24,6202.91,1346.6399999999999,24,18.389999390838206,0.3157894736842105,19,2.7916666666666665,divinopolis,MG
cfa5ab0e4d3fc212fd0b3410e7081c62,21,6180.8,1039.01,16,11.974913580246914,0.0,15,3.6875,uba,MG
9baf5cb77970f539089d09a38bcec5c3,33,6129.67,543.73,32,15.171590128434888,0.0,31,4.3125,indaiatuba,SP
dfc5fb7259bb2b599ca565e6e9448f0f,34,6124.63,721.35,33,13.264740109427608,0.030303030303030304,33,4.121212121212121,sao bernardo do campo,SP
ba143b05f0110f0dc71ad71b4466ce92,86,6110.58,1343.01,85,10.241654395359214,0.12048192771084337,83,4.416666666666667,sao paulo,SP
2c9e548be18521d1c43cde1c582c6de8,174,6109.44,2493.61,126,13.678749999999999,0.1532258064516129,124,4.112903225806452,mogi das cruzes,SP
d6b664fa0667064c6d76394e7848d790,6,6080.0,324.34,6,17.545335648148146,0.0,6,4.833333333333333,araraquara,SP
6a8b085f816a1f75f92dbac6eb545f8f,135,6018.97,2177.99,127,14.688119537037037,0.08,125,4.110236220472441,bebedouro,SP
bba74270a87732727b5a3b4fd9ac1c39,41,6001.59,758.85,36,9.715594576719576,0.0,35,3.9722222222222223,betim,MG
37515688008a7a40ac93e3b2e4ab203f,240,5986.6,3431.1,228,15.226597936041768,0.07929515418502203,227,4.092920353982301,dracena,SP
688756f717c462a206ad854c5027a64a,101,5966.54,1934.91,83,10.75715292066758,0.037037037037037035,81,3.8658536585365852,guarulhos,SP
f84a00e60c73a49e7e851c9bdca3a5bb,99,5949.9400000000005,2001.82,90,11.796352719907407,0.10227272727272728,88,3.8333333333333335,rio de janeiro,RJ
91f848e9f4be368f4318775aac733370,73,5932.599999999999,1235.56,63,9.941640817901234,0.016666666666666666,60,4.278688524590164,sao paulo,SP
b14db04aa7881970e83ffa9426897925,111,5898.6,2225.35,83,16.021839535849953,0.10256410256410256,78,3.7125,sorocaba,SP
0691148aee60ca47977c187804f935ae,53,5868.51,1490.94,47,11.940049005122145,0.02127659574468085,47,4.170212765957447,londrina,PR
f46490624488d3ff7ce78613913a7711,91,5802.85,1747.82,83,10.25233666087963,0.1125,80,3.6626506024096384,guarulhos,SP
02d35243ea2e497335cd0f076b45675d,16,5794.0,605.95,14,26.168773974867726,0.2857142857142857,14,2.642857142857143,natal,RN
e8b4225284fbb02d16f200513f1f395d,31,5788.52,1297.6100000000001,31,10.22229050925926,0.1,30,4.193548387096774,novo horizonte,SP
0bf0150d5b9d60d9cd2906003332f085,62,5774.6,1097.74,39,14.152253383190883,0.15384615384615385,39,3.789473684210526,sao paulo,SP
05d2173d43ea568aa0540eba70d2ca76,66,5759.66,1679.27,62,15.022058878434887,0.04838709677419355,62,4.183333333333334,alfenas,MG
3ade81dab5a172b88e1871c28ae05260,32,5751.6,1551.3899999999999,30,14.181363260582009,0.10714285714285714,28,4.0,sao jose do rio preto,SP
b4a476fbd28de64b1e347abf9089366a,38,5724.04,1011.91,33,12.585382716049383,0.06666666666666667,30,3.84375,itapevi,SP
080102cd0a76b09e0dcf55fcacc60e05,130,5716.78,2195.93,124,9.905664750303583,0.040983606557377046,122,4.475806451612903,belo horizonte,MG
9616352088dcf83a7c06637f4ebf1c80,98,5703.0,1787.57,92,12.439302248677247,0.0,91,4.315217391304348,umuarama,PR
94e93ce877be27a515118dbfd2c2be41,35,5674.57,868.15,30,13.608297014687102,0.0,29,3.9310344827586206,votuporanga,SP
e2aee0892199b1d92530e371abd825bf,41,5662.57,2654.72,38,15.507267554012344,0.1388888888888889,36,3.789473684210526,rolandia,PR
52ac6f920b7280e4c6d30dd94de6259b,7,5657.3,726.59,6,12.983881172839508,0.0,6,3.6666666666666665,pinhais,PR
8c16d1f32a54d92897cc437244442e1b,118,5642.6,2112.07,108,11.002946459190673,0.009259259259259259,108,4.355140186915888,blumenau,SC
67bf6941ba2f1fa1d02c375766bc3e53,22,5610.0,1419.68,16,14.965672839506173,0.06666666666666667,15,4.125,curitiba,PR
d63c73efd41eb002280e7ec831424edb,2,5598.0,168.58999999999997,2,6.290329861111111,0.0,2,4.0,piracicaba,SP
45ba18c210d42734ec52c0c1c574e9ee,41,5589.13,972.96,38,7.457757275132276,0.05714285714285714,35,3.8684210526315788,sao roque,SP
817245bcc3badd82bbd222e0366951a6,45,5580.5,722.58,29,12.42172123015873,0.03571428571428571,28,4.0,bauru,SP
f181738b150df1f37cb0bd72e705b193,37,5529.7,1103.05,36,9.319003022119341,0.08333333333333333,36,4.472222222222222,carapicuiba,SP
04aa0a1c5ce6b222003403a3e11c3cc0,17,5518.0,821.51,11,17.522946127946128,0.18181818181818182,11,4.090909090909091,cosmopolis,SP
916c9de0b5ad957346eeeb12f332687e,28,5480.25,493.53,23,8.83484375,0.0,22,4.565217391304348,curitiba,PR
cc3d14116804f7209f3884f6367f1152,30,5477.8,582.79,27,12.827609739368999,0.0,27,4.62962962962963,curitiba,PR
4917cee8d902e13428c3ec4b1ca6f315,33,5421.9,1199.6399999999999,33,18.077756123058542,0.03225806451612903,31,4.15625,blumenau,SC
575df70bde3f9f2b30bf8d2e9910d725,34,5410.05,753.37,27,13.3933826303155,0.037037037037037035,27,4.074074074074074,sao jose do rio preto,SP
3f0e48d209018b466fcd3bb4ccfeb520,10,5399.0,255.79999999999998,9,9.594345421810699,0.0,9,3.888888888888889,curitiba,PR
c4af86330efa7a2620772227d2d670c9,4,5396.0,364.96,4,15.150208333333333,0.0,4,4.333333333333333,mogi das cruzes,SP
23c38debaffe4a25a30fdbd9b586a13f,46,5382.18,834.38,41,11.482206131436314,0.12195121951219512,41,4.317073170731708,votorantim,SP
3be634553519fb6536a03e1358e9fdc7,99,5370.95,1855.7,83,10.08215480324074,0.075,80,3.9397590361445785,sao paulo,SP
b6d44737c043328708f6749c2dbe50bd,80,5369.6,1565.6,62,8.211718085913782,0.06557377049180328,61,4.467741935483871,santo andre,SP
83deb69e889cf80f82be1dc6d5f2d486,42,5363.01,913.64,40,15.945520833333333,0.05,40,4.325,florianopolis,SC
2a261b5b644fa05f4f2700eb93544f2c,82,5355.0,2041.73,51,14.071188725490197,0.1568627450980392,51,3.843137254901961,porto ferreira,SP
e62b2d6ac10570a035a30bafcf01d263,71,5340.39,1035.08,62,14.06886854091995,0.11290322580645161,62,3.9661016949152543,sao paulo,SP
0cbcee27c791afa0cdcb08587a2013a8,41,5324.15,817.16,39,13.269655519005847,0.10526315789473684,38,3.8461538461538463,tres coracoes,MG
c35affa65afd250151285c5917fc1c8a,9,5279.91,714.01,9,17.261034432870368,0.125,8,4.0,sao paluo,SP
e06f09ec0a4aca210779cf1cfc63cf19,31,5279.49,621.92,29,14.870760296934865,0.06896551724137931,29,3.9655172413793105,sao paulo,SP
02ecc2a19303f05e59ce133fd923fff7,24,5264.19,478.21,21,11.091394400352733,0.0,21,4.619047619047619,santo andre,SP
e9c6969d40e6a3d2d0f90013165c2b98,10,5239.98,242.0,10,9.087366898148149,0.0,10,4.4,sao paulo,SP
5bffbafbb22daf6d3bfc216a46db8708,23,5239.7,454.5,21,8.653910383597884,0.0,21,4.761904761904762,nilopolis,RJ
4d0041cdbe51b4617d95c70b19decc74,8,5235.200000000001,230.29,8,7.155746527777778,0.0,8,4.5,juiz de fora,MG
099095b050cfe8eb1ddff5317587e96e,20,5193.83,715.3199999999999,17,11.334448061342593,0.1875,16,3.235294117647059,sao paulo,SP
b39d7fe263ef469605dbb32608aee0af,49,5193.1,1062.67,44,13.303499407838071,0.046511627906976744,43,3.883720930232558,ibitinga,SP
f67efa3f0b6761102a7f8c6b7b571f5d,32,5188.68,841.49,31,9.979094235364396,0.0,31,4.483870967741935,curitiba,PR
f680f85bee2d253556ac91be391d2c82,54,5183.92,893.42,45,9.748835648148148,0.022222222222222223,45,4.333333333333333,carapicuiba,SP
5b179e9e8cc7ab6fd113a46ca584da81,36,5173.5,665.64,34,13.005503812636166,0.058823529411764705,34,3.6666666666666665,sao paulo,SP
822bad9bc42b51213ba522fe87b7ab5d,18,5160.0,527.34,18,26.65635223765432,0.2777777777777778,18,4.111111111111111,balneario camboriu,SC
709e16e2b25c7474d980076c6bfc4806,80,5151.9,1226.96,60,10.642324652777777,0.03333333333333333,60,4.516666666666667,birigui,SP
d566c37fa119d5e66c4e9052e83ee4ea,73,5145.7,979.22,65,5.812535968660968,0.0,65,4.6875,sao paulo,SP
afe0067131b73e40875c9b6c10bd2e21,46,5130.400000000001,1125.45,46,15.468515432098766,0.044444444444444446,45,4.2,lagoa da prata,MG
835f0f7810c76831d6c7d24c7a646d4d,50,5130.0,964.03,44,18.097381227954145,0.2619047619047619,42,3.340909090909091,sao paulo,SP
fad44952713764836814be105382aee5,32,5129.0,507.88,32,10.79425925925926,0.0,32,4.28125,rio de janeiro,RJ
f84fa566034f5e8e880a07ec624c56af,102,5093.79,1232.91,91,11.963886418019142,0.10112359550561797,89,4.211111111111111,indaiatuba,SP
f7496d659ca9fdaf323c0aae84176632,27,5087.57,844.9399999999999,26,12.427496296296297,0.04,25,4.576923076923077,sao paulo,SP
9674754b5a0cb32b638cec001178f799,97,5069.92,1214.91,86,8.410468474426809,0.023809523809523808,84,4.046511627906977,sao paulo,SP
e0878efa0e0b7e5313ac0b43bc04c081,29,5065.299999999999,529.61,27,18.133796296296296,0.15384615384615385,26,3.5185185185185186,curitiba,PR
e067ad2c1c0b48758eb1b5228bcf7a68,61,5042.55,1005.36,54,14.98370820473251,0.07407407407407407,54,4.148148148148148,santos,SP
3df020b72d3d44b3af9d110fa3940b65,101,5039.9,1709.57,55,13.432020412457913,0.09090909090909091,55,4.054545454545455,jales,SP
3ab971ce71839580d2ae5b4e40fe8044,38,5002.900000000001,896.15,36,6.8823330026455025,0.05714285714285714,35,3.911764705882353,sao paulo,SP
1bb2bdb95f4841f1bba2c0d2cd83d3c9,85,5002.71,1146.56,81,12.408010431317393,0.06329113924050633,79,4.6375,sao paulo,SP
4bf2f4ee540798a61f9636d12cd9cc80,30,4995.56,505.45,29,13.562493215197957,0.0,29,4.137931034482759,assis,SP
45213867cefbf2cd4c6177e10216a951,14,4955.42,433.74,14,14.91580357142857,0.07142857142857142,14,3.857142857142857,araras,SP
dbd66278cbfe1aa1000f90a217ca4695,99,4928.9,1543.87,85,9.212389025054467,0.03529411764705882,85,4.5058823529411764,sao paulo,SP
e9d99831abad74458942f21e16f33f92,149,4922.4800000000005,1993.58,130,12.873267984330484,0.1,130,3.9302325581395348,sao paulo,SP
9df5750209b83567ec144eb299d7d634,11,4917.0,259.3,11,14.06586595117845,0.09090909090909091,11,4.0,sao leopoldo,RS
503c1de08ae81a2d86f17951b204db55,22,4906.99,414.90999999999997,22,13.488269675925926,0.045454545454545456,22,4.409090909090909,sao paulo,SP
822b63912576852aea9a8436d72317b7,9,4905.6900000000005,191.38,8,23.300331790123455,0.0,6,3.875,mogi guacu,SP
d66c305afaec317ebee552073a674429,47,4886.46,1199.24,41,9.693951023391813,0.02631578947368421,38,4.2926829268292686,ribeirao das neves,MG
abcd2cb37d46c2c8fb1bf071c859fc5b,52,4880.22,1320.4,45,13.89348879419192,0.045454545454545456,44,4.2444444444444445,cuiaba,MT
f789d2c4f2c2eb38fc4373e7a4b35264,49,4864.24,869.0,44,10.94254734848485,0.045454545454545456,44,4.159090909090909,juiz de fora,MG
0d85bbda9889ce1f7e63778d24f346eb,58,4845.2,1624.5,51,15.828296114742193,0.11764705882352941,51,4.2,uberlandia,MG
45d33f715e24d15a6ccf5c17b3a23e3c,61,4838.2300000000005,903.93,59,11.551485615079367,0.05357142857142857,56,4.016949152542373,sorocaba,SP
1336efc61c316ddf92c899eb817f7cae,85,4837.31,1517.98,74,11.731673235735736,0.08108108108108109,74,4.0,assis,SP
9add47bf45ce8e8c7db6b9cf670b1e09,45,4829.24,1158.04,43,12.248760444896115,0.024390243902439025,41,4.166666666666667,fazenda rio grande,PR
4c498c7345e89aebad651544829beca0,48,4819.76,570.0,48,10.82899847320725,0.10638297872340426,47,4.291666666666667,carapicuiba,SP
ce69a8021d18961dd2a40269b7c2c293,19,4818.0,471.05,19,10.203286427875245,0.05263157894736842,19,4.473684210526316,curitiba,PR
8f580d36c1e9d6fbce95283403c7d447,8,4813.25,180.15,8,12.273006365740741,0.125,8,4.375,ribeirao preto,SP
c12b92bf1c350f3e6bf88d3596219c86,17,4808.78,444.06,17,10.78250408496732,0.058823529411764705,17,3.8823529411764706,garca,SP
f6122bc84774df1b372bdb3bb88ddb9f,3,4799.87,74.49000000000001,3,15.619992283950618,0.3333333333333333,3,3.6666666666666665,barueri,SP
2a7dc43cecabf23403078e2188437d1d,54,4795.91,833.71,52,13.144261485042735,0.057692307692307696,52,4.096153846153846,sao paulo,SP
fcdd820084f17e9982427971e4e9d47f,27,4783.99,881.75,16,12.597906539351852,0.125,16,3.9375,ribeirao preto,SP
dfa0c4c6229ab200a4a1336b4d7128ff,86,4777.1,1767.11,77,9.787441528379029,0.012987012987012988,77,4.0,florianopolis,SC
7e3f87d16fb353f408d467e74fbd8014,94,4754.99,1438.71,92,12.572568172568173,0.06593406593406594,91,4.130434782608695,sao paulo,SP
b2479f944e1b90cf8a5de1bbfde284d6,131,4752.51,2239.71,103,15.400404519618627,0.1188118811881188,101,3.4215686274509802,ibitinga,SP
acce39e832338debb07b02385cde5967,44,4748.1,1175.56,44,7.04824626473064,0.0,44,4.4772727272727275,contagem,MG
0176f73cc1195f367f7b32db1e5b3aa8,39,4733.1,1287.01,38,13.24754441941942,0.10810810810810811,37,4.078947368421052,ibitinga,SP
30a2f535bb48308f991d0b9ad4a8c4bb,87,4731.3,1084.06,71,8.210501597548252,0.028169014084507043,71,4.28169014084507,santa barbara d'oeste,SP
0307f7565ff85b299b6e5ef162b1b1a9,7,4728.8,274.77,7,15.198894675925926,0.0,6,3.142857142857143,sao jose do rio preto,SP
06579cb253ecd5a3a12a9e6eb6bf8f47,72,4727.2,1499.41,62,9.941688107164541,0.06557377049180328,61,4.080645161290323,sao paulo - sp,SP
ad420dd0c4f92f8af951ac24b86d0cf5,46,4705.29,913.11,42,15.178687444885362,0.07142857142857142,42,4.125,fronteira,MG
582d4f8675b945722eda7c0cb61ba4c7,71,4702.96,980.97,59,11.1029309871312,0.01694915254237288,59,4.1525423728813555,bertioga,SP
c004e5ea15737026cecaee0447e00b75,2,4700.0,174.32,2,33.83170138888889,1.0,1,1.0,sao paulo,SP
c9a06ece156bb057372c68718ec8909b,14,4688.9,540.72,14,11.487320075757577,0.0,11,3.0,brasilia,DF
537eb890efff034a88679788b647c564,173,4679.7,2499.2,160,9.140936108180966,0.0379746835443038,158,4.21875,rio de janeiro,RJ
968268a686aa05d1f529fb07dff08130,12,4677.29,203.55,12,9.403155864197531,0.0,12,3.5,sao paulo,SP
8931a84a914b3fe9b1ddaa4d704947ca,32,4668.3,424.59,29,11.88358437100894,0.06896551724137931,29,4.071428571428571,sao paulo,SP
1a932caad4f9d804097d7f8e615baed1,30,4661.0,1040.45,20,9.542867476851852,0.15,20,3.9,sao paulo,SP
ef990a83bbea832f36ebe81376335aa8,44,4642.59,914.65,43,16.922471468561582,0.20930232558139536,43,3.627906976744186,joinville,SC
a3dd39f583bc80bd8c5901c95878921e,37,4607.81,804.35,34,12.463181168300654,0.029411764705882353,34,4.588235294117647,salvador,BA
31da954dc0855f2495c6310f70a2f931,30,4583.0,449.71,29,8.172798930395913,0.06896551724137931,29,4.206896551724138,araras,SP
2addf05f476d0637864454e93ba673d5,12,4552.0,325.64,12,10.398473186728395,0.0,12,5.0,brasilia,DF
c68fb906c8f4b4b946d8386bfa6e5467,48,4541.16,892.45,45,10.92306507201646,0.022222222222222223,45,4.5227272727272725,jaboticabal,SP
834f8533b2ecb6598dd004ff3de7203a,47,4538.29,958.02,43,14.66357582429991,0.14634146341463414,41,3.813953488372093,sao paulo,SP
1fe5540d7c1c37a595fefbacd5570d9e,25,4537.6,581.15,20,11.861380787037037,0.05,20,4.3,paraiba do sul,RJ
37dd29b36c458d82f74a953c40c43645,8,4536.99,479.44,7,18.456660052910053,0.14285714285714285,7,3.857142857142857,limeira,SP
13fa2a6c6b9d0f43cb588d7c82117a12,10,4528.0,191.44,9,21.192283950617284,0.3333333333333333,9,4.111111111111111,sao paulo,SP
c840d3fdbba0790404fdae73d253b253,14,4522.28,359.65,9,12.156665380658435,0.0,9,3.5555555555555554,curitiba,PR
180c3376aff0e43dd5788709df48a843,10,4513.0,209.97,5,20.710101851851853,0.2,5,4.4,sao paulo,SP
6288c69c4ce638e59925e59193f98b16,22,4506.28,306.2,22,9.613747106481481,0.05,20,3.9545454545454546,santo andre,SP
b561927807645834b59ef0d16ba55a24,95,4501.99,1305.04,85,12.612163671023964,0.1411764705882353,85,4.341176470588235,sao paulo,SP
fc906263ca5083d09dce42fe02247800,119,4497.7,1885.58,114,9.399892836474868,0.0,112,4.350877192982456,belo horizonte,MG
55d3daac7c404d59e51c2aa2f4dc5a23,28,4480.6,1309.88,21,8.714584986772488,0.0,21,4.095238095238095,sao paulo,SP
2ff97219cb8622eaf3cd89b7d9c09824,96,4476.9,1389.13,89,8.974518545125585,0.034482758620689655,87,4.52808988764045,salto,SP
e81e1f9c3e762e620f3fb60a51499e16,18,4465.99,513.5,17,25.360643382352944,0.058823529411764705,17,4.0,curitibanos,SC
4d600e08ecbe08258c79e536c5a42fee,8,4465.34,168.12,8,12.936089616402116,0.0,7,4.0,entre rios do oeste,PR
bbad7e518d7af88a0897397ffdca1979,85,4462.22,1338.2,69,13.456101409313725,0.16176470588235295,68,3.161764705882353,sao paulo,SP
8bd0f31cf0a614c658f6763bd02dea69,35,4455.34,967.98,33,10.002721310325478,0.030303030303030304,33,4.28125,sao paulo,SP
b90e891671cffd9557f33a97dc523645,39,4449.0,632.31,34,7.635536832788671,0.0,34,4.323529411764706,sao jose dos pinhais,PR
2e3be8a987a30d7544dbbda6861cc14e,19,4430.84,346.71000000000004,18,14.496781580687829,0.07142857142857142,14,3.1666666666666665,belo horizonte,MG
d379f449f2a3b271bc01c0782020f705,29,4423.06,1076.74,28,13.299655257936507,0.03571428571428571,28,3.892857142857143,divinopolis,MG
0ef83d7d83ed97cd2a0049ac8be5f88a,55,4421.01,1026.8,48,9.567613329475309,0.020833333333333332,48,4.148936170212766,curitiba,PR
f021c962aaba8ef6eb527a9c2c8394d1,5,4398.5,135.37,5,8.171310185185186,0.0,5,4.2,itajai,SC
beadbee30901a7f61d031b6b686095ad,68,4373.98,937.54,64,14.098720160590277,0.234375,64,3.90625,guarulhos,SP
15aac934c58d886785ac1b17953ea898,26,4353.9,665.7,25,14.308052314814816,0.12,25,4.24,muqui,ES
eed78ac17f7f795a19a709745f00cd4e,56,4349.5,846.34,22,10.03719433922559,0.0,22,3.772727272727273,botucatu,SP
a3f0b55de503387383c7b1de3ad7f678,26,4348.400000000001,1229.34,24,10.704299768518519,0.041666666666666664,24,4.416666666666667,curitiba,PR
c500367424994318b9e779ff1ae9a330,9,4346.4,311.98999999999995,9,16.712573302469135,0.1111111111111111,9,3.7777777777777777,paulinia,SP
65febd49fd28ec955651299159b1f527,40,4319.7,981.44,35,6.6798937289562295,0.0,33,4.314285714285714,sao paulo,SP
23613d49c3ac2bd302259e55c06c050c,80,4293.0,2167.7599999999998,70,13.97690838030059,0.08695652173913043,69,3.8260869565217392,porto ferreira,SP
9803a40e82e45418ab7fb84091af5231,18,4278.75,512.63,11,15.639769570707072,0.0,11,3.727272727272727,rio verde,GO
282c7480173bb9c01dd41cc739fec010,8,4274.2,192.11,5,14.406465277777778,0.2,5,4.0,sao paulo,SP
cc5a78bbad32776dc4e3af205218368c,38,4269.18,1304.17,33,8.184648569023569,0.030303030303030304,33,4.454545454545454,divinopolis,MG
1fdc574883ef3b33ad41562d93f3a74a,18,4251.0,273.27,18,11.25219843106996,0.05555555555555555,18,4.444444444444445,limeira,SP
43f8c9950d11ecd03a0304a49e010da6,41,4249.59,557.63,41,11.497686314363143,0.04878048780487805,41,4.560975609756097,carapicuiba,SP
9b1585752613ec342d03bbab9997ec48,3,4248.98,100.06,3,8.091628086419753,0.0,3,3.6666666666666665,rio de janeiro,RJ
6ec1a01e866584bb679eb9b098345919,32,4248.91,814.85,31,13.770480709876544,0.2,30,4.133333333333334,santos,SP
3c03b12bab54d8b37d79d914bfdb1aa0,43,4236.34,683.43,37,13.623107795295295,0.16216216216216217,37,3.8333333333333335,sao joao de meriti,RJ
98dac6635aee4995d501a3972e047414,195,4235.85,2439.52,91,9.616128017062007,0.0449438202247191,89,4.144444444444445,sao paulo,SP
8b9d6eec4a7eb7d0f9d579ce0b38324d,53,4232.54,1684.44,49,10.403158275462962,0.14583333333333334,48,4.0,mesquita,RJ
8a130737016f838139d31878787a39c9,62,4222.03,842.2900000000001,56,10.189485160383597,0.07142857142857142,56,4.446428571428571,sao paulo,SP
6b3bd31ad8fcda4b2635ec9f3ff2ecdf,43,4198.9,757.02,36,13.211791666666667,0.08571428571428572,35,4.0,rio de janeiro,RJ
8bb48dc19fccaa8613b6229bf7f452a2,95,4190.72,1857.3999999999999,82,11.476086833785004,0.024390243902439025,82,4.414634146341464,assis,SP
891071be6ba827b591264c90c2ae8a63,98,4177.28,1277.07,92,13.706738970588235,0.1411764705882353,85,3.7717391304347827,sao paulo,SP
cac4c8e7b1ca6252d8f20b2fc1a2e4af,83,4168.18,1554.3600000000001,75,18.222758696196195,0.17567567567567569,74,3.527027027027027,indaiatuba,SP
5c030029b5916fed0986310385ec9009,10,4164.4,915.5,7,6.232266865079366,0.0,7,4.857142857142857,sao jose,SC
bccf933e006e9b94a6184af782963e77,46,4162.74,884.47,45,11.69805066872428,0.022222222222222223,45,4.5227272727272725,assis,SP
f76a3b1349b6df1ee875d1f3fa4340f0,24,4160.79,588.19,24,17.02268036265432,0.2916666666666667,24,3.4583333333333335,sao paulo,SP
cd6efc47efaabf134f8bdb654e10b4f1,32,4158.55,598.61,31,8.592231556152926,0.06451612903225806,31,4.483870967741935,rio de janeiro,RJ
6fc26fe110feebd80a433e1f012a84f9,72,4150.87,977.19,35,12.877805224867725,0.11428571428571428,35,3.911764705882353,fernandopolis,SP
d20b021d3efdf267a402c402a48ea64b,106,4140.17,1575.0,90,16.99066308677864,0.16279069767441862,86,3.6853932584269664,ibitinga,SP
681fce914360217db47784ae28905a96,24,4127.33,444.47,23,12.635159520933977,0.13043478260869565,23,4.0,araucaria,PR
42b729f859728f5079499127a9c2ef37,132,4118.86,1315.21,104,7.848344570298454,0.07766990291262135,103,4.466019417475728,sao paulo,SP
e883aa812c37a7413226856f4579fe91,29,4097.1,457.36,26,9.902272079772079,0.038461538461538464,26,4.153846153846154,itapevi,SP
2a167ca73899c85001a837d8fb4962f6,3,4097.0,100.62,2,6.509230324074074,0.0,2,4.5,sao paulo,SP
382229d1e840115ffe3dbf5ff460e417,49,4096.96,869.66,46,9.299387345679012,0.06666666666666667,45,4.217391304347826,rio de janeiro,RJ
951e8cef368f09bb3f3d03c00ca4702c,71,4092.29,1400.8,64,9.414246378434886,0.06451612903225806,62,4.081967213114754,ibitinga,SP
99002261c568a84cce14d43fcffb43ea,36,4088.0,1100.33,36,16.837109374999997,0.05555555555555555,36,3.7222222222222223,cuiaba,MT
b17b679f4f5ce2e03ce6968c62648246,57,4084.75,1076.07,55,19.22530671296296,0.16,50,3.709090909090909,ribeirao preto,SP
2199e7fe213c16213bf5d6a7eadc9a5d,31,4078.29,569.49,25,10.778349247685185,0.041666666666666664,24,4.24,registro,SP
ec8879960bd2221d5c32f8e12f7da711,36,4062.4,818.98,36,16.495119378306878,0.17142857142857143,35,4.314285714285714,itatiba,SP
d5ba419e26d246a0719437cf37d9b46d,35,4061.4,520.11,34,9.783186377665544,0.09090909090909091,33,3.909090909090909,sao paulo,SP
f35b3c613c4f7b2275f4185d0a3c59ec,9,4047.25,167.04,9,12.80266975308642,0.1111111111111111,9,4.555555555555555,sao paulo,SP
a0415d9b25ede3c4b1e477e9916ffc03,10,4044.1,203.88,10,8.927204218106997,0.0,9,3.9,nova iguacu,RJ
715bbd5ba4e6b74cb0d2f29eb45058b0,64,4043.3,1272.58,62,11.924290434587814,0.08064516129032258,62,4.467741935483871,serra negra,SP
3c7c4a49ec3c6550809089c6a2ca9370,160,4033.6400000000003,1824.66,141,9.574326622035704,0.05755395683453238,139,3.6595744680851063,sao paulo,SP
e70053bf73d1b5863932e53a9fa47496,7,4025.0,133.58,7,13.455330687830687,0.0,7,4.285714285714286,sao paulo,SP
55a5b51f93f2b70ea513f5a047b0262a,41,4002.3,847.08,39,13.739854582146249,0.02564102564102564,39,4.461538461538462,sao joao del rei,MG
cb41bfbcbda0aea354a834ab222f9a59,12,4002.0,886.68,12,37.56390677609427,0.36363636363636365,11,3.3333333333333335,sao paulo,SP
6b333a05bf188ef3e1f1662a86bd9855,13,3990.91,563.97,12,10.705775462962963,0.08333333333333333,12,4.333333333333333,brasilia,DF
1b938a7ec6ac5061a66a3766e0e75f90,33,3987.6,910.23,30,11.460889607279695,0.0,29,4.3,penapolis,SP
bede56095ba33c42038fb85f707b8a42,2,3973.9,210.87,2,12.575914351851853,0.0,2,4.5,valinhos,SP
50c9975695009e5e6473912e83a6d1da,68,3964.4,2919.55,50,16.47676388888889,0.14,50,3.938775510204082,claudio,MG
bf3c6d2a28b2b5501e6c15448982dcc9,43,3956.5,691.65,35,11.815347552910053,0.02857142857142857,35,4.6,sao paulo,SP
3f995f07c49d0d55a99d5c54957f7d81,43,3955.7,671.5,43,9.59438630490956,0.023255813953488372,43,4.209302325581396,itapecerica da serra,SP
81f89e42267213cb94da7ddc301651da,52,3955.0,766.18,46,7.448632749597424,0.0,46,3.6739130434782608,presidente prudente,SP
d12c926d74ceff0a90a21184466ce161,99,3944.18,1248.64,78,8.724073617202729,0.013157894736842105,76,4.346153846153846,sao paulo,SP
11bfa66332777660bd0640ee84d47006,102,3925.87,1682.67,76,16.52767665692008,0.14473684210526316,76,3.9210526315789473,ribeirao preto,SP
fde0cc9ea29c8ccfc0a2c22256a58c71,35,3922.0,999.27,35,8.711281084656084,0.02857142857142857,35,4.485714285714286,curitiba,PR
232a6014e7b10cba61c6c2b2ea6bb4b0,36,3919.87,1213.4,33,13.59916015625,0.03125,32,4.15625,cafelandia,SP
7f152321c60a266edc53af1925ef96c1,20,3919.8,552.12,20,23.469773148148146,0.3,20,3.8,criciuma,SC
d673a59aac7a70d8b01e6902bf090a11,84,3908.94,1590.62,79,14.116783725972807,0.0759493670886076,79,3.911392405063291,ibitinga,SP
79ed755314cfe6df0daef2c6cd3022cd,25,3907.5,459.16,23,9.259990942028987,0.0,23,4.7272727272727275,rio claro,SP
3361277dc30b7cccdb0c286b24219756,42,3905.05,635.85,29,13.247004709450831,0.06896551724137931,29,4.344827586206897,maringa,PR
f00e21b1e91a79653163b7fd8f293ff1,31,3900.09,570.97,31,12.971604316009559,0.03225806451612903,31,4.1,andradas,SP
271c58a1d139c45eaf3316107c6d3a3b,29,3897.52,671.19,29,13.15568329903978,0.07407407407407407,27,4.068965517241379,sao paulo,SP
6a0cbc8af2e8abd1bdfb777943d174c6,35,3894.05,745.37,35,15.508637322984749,0.08823529411764706,34,4.0588235294117645,batatais,SP
14d7985702e72162bbf13b6beb74ab2b,38,3887.0,554.0,37,11.058064314314315,0.10810810810810811,37,4.324324324324325,santo andre,SP
02f5837340d7eb4f653d676c7256523a,30,3883.05,580.83,30,9.659020061728395,0.03333333333333333,30,4.833333333333333,curitiba,PR
8090490573c6c0aa343a7231ebcb8c86,26,3871.1200000000003,426.91,26,10.091355056980056,0.07692307692307693,26,4.1923076923076925,sao paulo - sp,SP
42fa4ee7240e9b8eb4576358ec142ba7,22,3845.7,518.77,22,6.923532723063972,0.0,22,4.809523809523809,caxias do sul,RS
7d76b645482be4a332374e8223836592,187,3843.93,2587.61,176,13.625463635874246,0.09302325581395349,172,3.9597701149425286,sao paulo,SP
8ed8ea9a57c862f2c18c2fe41f601d56,19,3831.9,731.0699999999999,19,8.578249878167641,0.0,19,4.473684210526316,blumenau,SC
13d058e4eeac2ce8217660b2f8a05812,23,3829.77,926.11,23,11.403861531986532,0.09090909090909091,22,4.217391304347826,osasco,SP
3f3486b61f45078d4f31ee5e43d8c5bb,40,3829.73,896.84,40,13.880131469610637,0.10256410256410256,39,4.325,sao paulo,SP
6860153b69cc696d5dcfe1cdaaafcf62,84,3827.63,1490.6,74,10.249410660660661,0.08108108108108109,74,4.095890410958904,capivari,SP
f0b47fbbc6dee9aafe415a6e33051b3f,86,3795.91,1336.28,68,10.125389372581537,0.1044776119402985,67,4.220588235294118,maua,SP
2e13c71026e1a39ba5cc1b86dcb679aa,28,3793.0,517.21,24,10.574384162808643,0.041666666666666664,24,4.375,sao paulo,SP
38874e327ce94d11390b96eb42d61928,6,3779.94,378.49,6,19.95860725308642,0.16666666666666666,6,4.0,itaquaquecetuba,SP
5d9dc90a686a8fddacffab6bab5653a3,12,3761.94,369.33,12,8.628353587962962,0.08333333333333333,12,4.166666666666667,santana de parnaiba,SP
edf96ef93ed595084bbcbd9224bd2894,28,3757.0,608.78,25,13.89298888888889,0.08,25,3.88,sao paulo,SP
2d2c62bef4c8ba0dd74e0e228e808539,16,3749.0,481.48,16,10.30731987847222,0.125,16,4.125,ribeirao preto,SP
1d0997ff06b524ce9289ffd75114ecd3,3,3747.0,126.57,3,17.01238425925926,0.3333333333333333,3,3.6666666666666665,recife,PE
3c4e0452bff7a2a788179488d3d77032,36,3746.4,606.12,32,13.833818721064816,0.03125,32,3.838709677419355,colombo,PR
eb4df17aed01d918c65f0f8d650900c0,11,3739.87,185.59,11,12.899521254208754,0.2727272727272727,11,3.909090909090909,paulinia,SP
602044f2c16190c2c6e45eb35c2e21cb,57,3739.16,938.28,50,14.810961371527776,0.16666666666666666,48,3.142857142857143,ibitinga,SP
0509040ea3fe50071181bbc359eb7738,98,3737.95,1445.1499999999999,89,11.611956550659855,0.04597701149425287,87,4.482758620689655,belo horizonte,MG
77e4abfd739aed9c46480f90f81c0eb4,18,3736.99,355.21999999999997,18,10.008789223251028,0.0,18,4.777777777777778,brasilia,DF
8f119a0aee85c0c8fc534629734e94fd,83,3733.68,1092.77,77,10.047791203703703,0.04,75,4.246753246753247,barueri,SP
66dc1b1632bd6a3e508510c5b3492107,42,3721.39,727.87,37,10.280148855452675,0.027777777777777776,36,3.5675675675675675,jau,SP
23a0ffca143a15b9b5bbdb7d552f626a,24,3718.51,585.77,23,11.501923812399356,0.13043478260869565,23,3.9130434782608696,sao pedro,SP
822166ed1e47908f7cfb49946d03c726,108,3714.83,1821.12,69,12.805294216317767,0.014492753623188406,69,3.985294117647059,tres rios,RJ
ec80e49e69745ab6c14f984bf2149423,12,3709.0,188.31,12,12.847035108024691,0.08333333333333333,12,4.0,limeira,SP
99a54764c341d5dc80b4a8fac4eba3fb,67,3708.7599999999998,1317.5,45,7.728657933501683,0.11363636363636363,44,3.6136363636363638,sao paulo,SP
a44fb5a447105f8469bdf16bf9159f25,19,3706.1,586.61,19,14.242983065302143,0.21052631578947367,19,4.052631578947368,porto alegre,RS
f3da5b2ff499efb8d4a6d371d175d7dd,84,3702.29,1124.57,79,11.518876713564214,0.11688311688311688,77,3.8205128205128207,sao paulo,SP
520b493b57809f446cb0a233bb3e25c7,73,3698.9,1063.97,63,7.681669422398589,0.015873015873015872,63,4.301587301587301,santos,SP
c0563dd588b775f2e37747ef6ad6c92c,28,3697.2000000000003,397.47999999999996,28,10.860574156746031,0.10714285714285714,28,4.357142857142857,santo andre,SP
4559697a8f7e637227c2eeaed843baff,42,3696.0,778.27,42,12.937863544634379,0.07692307692307693,39,4.0476190476190474,presidente prudente,SP
38e679b9e0064cd94c6f035707344dae,30,3694.5099999999998,723.59,28,11.22948645404664,0.037037037037037035,27,4.0,londrina,PR
5f5b43b2bffa8656e4bc6efeb13cc649,29,3677.2,555.45,27,13.945222479423867,0.037037037037037035,27,4.407407407407407,sao paulo,SP
b1fecf4da1fa2689bccffa0121953643,20,3669.64,397.08,19,10.201297514619883,0.0,19,4.947368421052632,campo grande,MS
2745f798279e0ed033addcc1474776d7,32,3668.53,696.46,32,13.36188548900463,0.09375,32,3.967741935483871,sao paulo,SP
c731d18cea9bf687ffee82a241c25b11,26,3662.0,610.65,24,7.912736304012346,0.0,24,4.217391304347826,concordia,SC
df560393f3a51e74553ab94004ba5c87,29,3661.1800000000003,606.15,28,18.46703303062678,0.07692307692307693,26,3.6785714285714284,loanda,PR
33ac3e28642ab8bda860a2f693000e78,35,3661.03,490.09000000000003,34,8.721855936819173,0.0,34,4.205882352941177,cotia,SP
8b2492b7ff4468839593fafeed55bad9,45,3660.08,676.18,29,12.439672733077906,0.06896551724137931,29,4.172413793103448,sao goncalo,RJ
56642bcb79900e777d68e91915cb4267,56,3657.64,814.15,48,12.484718364197532,0.08333333333333333,48,4.0625,sao paulo,SP
7f2617c58d5d06806987308b45654351,23,3656.8,326.47,22,12.480531355218856,0.09090909090909091,22,3.8181818181818183,sao paulo,SP
5d3bb11474a06bdc23fb9e89f1164ee0,32,3654.6,524.22,31,9.800679883512545,0.03225806451612903,31,3.903225806451613,assis,SP
e49c26c3edfa46d227d5121a6b6e4d37,36,3654.25,1175.46,35,11.620668913398692,0.0,34,4.457142857142857,brejao,PE
f97e2b0650c2068227e1d366140eb62f,21,3654.0,1011.98,16,14.7938671875,0.0625,16,4.0,santo antonio de posse,SP
6bb0724edf0b62fb91ac404873a97241,18,3653.0,763.52,17,14.394572440087146,0.058823529411764705,17,4.466666666666667,cotia,SP
406822777a0b9eb5c50e442dd4cd3ec5,47,3648.08,948.26,45,13.384291351010102,0.11363636363636363,44,4.295454545454546,tatui,SP
ed4311e67debd72b8610a5347a743087,26,3636.0,706.81,25,7.809243981481481,0.04,25,4.625,guarulhos,SP
1eade46fba20122dc4aefb379f8c636b,75,3635.37,1038.34,58,12.37374361430396,0.1206896551724138,58,4.431034482758621,sao paulo,SP
96804ea39d96eb908e7c3afdb671bb9e,40,3610.7000000000003,755.06,38,12.917326076076076,0.02702702702702703,37,4.052631578947368,ibia,MG
21e83881401b92b49fb09a16d3852291,15,3588.0499999999997,594.48,14,10.948888888888888,0.0,12,4.357142857142857,uberlandia,MG
3364a91ec4d56c98e44174de954b94f6,6,3579.94,273.91,6,14.826041666666669,0.0,6,3.8333333333333335,porto velho,RO
3c010235b7345c92f125d14ee232a76b,15,3578.0,427.32,15,11.039577932098764,0.0,15,4.666666666666667,mandirituba,PR
3d8fa2f5b647373c8620330c4e077a9f,48,3571.73,818.82,43,9.113136849647267,0.023809523809523808,42,4.166666666666667,sao paulo,SP
f2336e113377dd21c744d9c4fc8293a9,4,3563.0,199.07999999999998,4,20.24722511574074,0.0,4,4.25,sao paulo,SP
218f991754f360af9c2daa5e0b8e990c,17,3554.32,265.22,14,13.861703869047618,0.14285714285714285,14,3.642857142857143,sao paulo,SP
585175ec331ea177fa47199e39a6170a,1,3549.0,53.47,1,7.919513888888889,0.0,1,5.0,montes claros,MG
71039d19d4303bf9054d69e9a9236699,38,3537.2,621.45,35,13.89009656084656,0.2,35,3.8,sao paulo,SP
276677b5d08786d5dce7c2149dcce48b,47,3522.0,798.64,33,12.060317727001195,0.06451612903225806,31,3.909090909090909,belo horizonte,MG
6750d71153f00fc58829af2a8ef1bcf1,6,3514.0,112.5,6,9.518886959876545,0.0,6,4.166666666666667,rio bonito,RJ
e7d5b006eb624f13074497221eb37807,63,3478.93,741.49,28,11.165859375,0.07142857142857142,28,3.9285714285714284,santo andre,SP
244b04680fdbded0acf5aebd9c92b44a,3,3477.7000000000003,138.81,3,38.01493055555555,0.5,2,1.0,jundiai,SP
8ff38bc3969e67c36c48343a07090f66,8,3472.0,387.56,2,16.915497685185183,0.0,2,2.5,sao paulo,SP
ed46f1eb4a638113deb2a1137b5f22e9,4,3470.0,216.68,4,7.358561921296296,0.0,4,4.0,indaial,SC
bce6a5ecf98e99fd2a8868b15c51f04b,15,3464.9,241.60000000000002,14,11.760042162698413,0.14285714285714285,14,4.071428571428571,guarulhos,SP
f0837c8d71434931d9e38e7b79234797,23,3446.9,602.46,22,11.822301136363636,0.045454545454545456,22,4.590909090909091,arvorezinha,RS
994f04b3718c2bab35c2adfa8afecd2a,57,3445.7,775.51,49,14.034709663120568,0.06382978723404255,47,4.244897959183674,jaguariuna,SP
1b8356dabde1d35e17cef975c3f82730,61,3426.39,987.22,56,10.540133417508416,0.01818181818181818,55,4.160714285714286,sao paulo,SP
c394e193cda3b4225ff2094d32184849,12,3419.88,191.56,3,11.452471064814816,0.0,2,3.6666666666666665,sao paulo,SP
4677a5437afda5fa7140b927b07be1cc,11,3415.7,420.0,11,12.510571338383839,0.09090909090909091,11,4.363636363636363,japira,PR
f4db9b37944bcb8873e6b456ee190bbf,22,3409.78,500.16,21,13.154061397707231,0.09523809523809523,21,4.571428571428571,itaquaquecetuba,SP
827f8f69dfa529c561901c4f2e0f332f,104,3408.39,1595.57,91,13.683475910663411,0.06593406593406594,91,4.280898876404494,curitiba,PR
070d165398b553f3b4b851c216b8a358,39,3393.16,1003.5899999999999,32,12.10249775985663,0.12903225806451613,31,3.3225806451612905,sao paulo,SP
cfd7ddab722b902f7ac5b5f3ba6d723d,13,3385.0299999999997,673.0799999999999,12,5.445188078703704,0.0,12,4.75,contagem,MG
960945e1a9535cbc0cd6ddd35fbe7ae8,29,3381.73,479.8,28,6.186472387566137,0.0,28,4.642857142857143,sao paulo,SP
2d50d6282f8aa2257819a77bfaa0efe0,45,3353.48,798.04,44,13.652660659171076,0.09523809523809523,42,3.7045454545454546,ibitinga,SP
db4350fd57ae30082dec7acbaacc17f9,146,3331.31,2090.33,137,10.788565410539217,0.03676470588235294,136,4.139705882352941,sao paulo,SP
6481e96574816ead57975da2c0f6d80d,43,3324.9,1015.96,32,6.952938368055555,0.03125,32,4.1875,sorocaba,SP
6b90f847357d8981edd79a1eb1bf0acb,47,3322.08,737.65,45,5.575552469135802,0.0,45,4.355555555555555,guarulhos,SP
8c3b533c63cca56240f94f1e3a6b18ef,8,3312.16,989.61,5,43.6256712962963,0.6666666666666666,3,1.5,belo horizonte,MG
a2b5b6105ea5942300631d2e76f4ffe0,16,3286.6899999999996,722.65,16,8.46931495949074,0.0625,16,4.75,osasco,SP
54c04bdb5ec46762f8f08c7e8f86ed4a,19,3281.66,476.12,18,15.720031507201647,0.1111111111111111,18,4.333333333333333,florianopolis,SC
5b51032eddd242adc84c38acab88f23d,14,3280.0,268.95,12,11.746846064814816,0.0,12,4.0,borda da mata,MG
643214e62b870443ccbe55ab29a4dccf,68,3270.13,929.65,66,9.59067735042735,0.1076923076923077,65,4.409090909090909,sao paulo,SP
52562a9f449c3dc3d53f5f5b9ed74903,14,3266.6,444.03999999999996,14,13.357767857142857,0.0,14,4.785714285714286,parnamirim,RN
aeb36d67f1414f234d42a29e27cf1f17,4,3263.8,284.3,4,19.47006076388889,0.25,4,4.5,santo andre,SP
594f9aaa48e5bf431f011ddc5669b0d5,38,3248.8,887.61,37,7.7872528778778785,0.02702702702702703,37,4.594594594594595,contagem,MG
a938325a4b357fd23a6a4d5bb126408e,25,3231.0,560.81,24,13.239615162037039,0.041666666666666664,24,3.8333333333333335,nilopolis,RJ
c64a2aec32cc408a8a4c6d7c46017f91,9,3221.5,406.67,9,21.510210905349794,0.0,9,3.888888888888889,imbe,RS
afa6714acee029b2dfdf357e5579cc03,17,3220.7599999999998,382.82,16,12.73338179976852,0.125,16,4.25,descalvado,SP
95f83f51203c626648c875dd41874c7f,67,3217.46,1609.05,52,11.724691898148148,0.04,50,3.673076923076923,borda da mata,MG
4c18691b6037662be2df78a765d98ab5,67,3195.52,1120.99,63,9.23715057319224,0.06349206349206349,63,3.873015873015873,sao paulo,SP
bb7a14e229b1c95156719c3d9552eeee,11,3190.1,329.34999999999997,11,11.600447916666667,0.1,10,4.181818181818182,rio de janeiro,RJ
d57e18d5f73c7ccb7f7339b61166898d,63,3187.7,923.49,61,9.213413213418336,0.0,61,4.426229508196721,sao paulo,SP
e48b04bf1aa1ef711caebeb7aede6180,25,3187.1000000000004,645.63,25,10.544004166666666,0.0,25,4.48,curitiba,PR
e89c4adbe7b1d0819dbb636e16461cf1,25,3181.3,454.85,24,15.115932677469134,0.125,24,3.8333333333333335,indaiatuba,SP
5c6d4016c2a288f074fa0848a2b653d2,35,3159.0,514.17,32,10.63474089008363,0.0967741935483871,31,4.0625,sao paulo,SP
870d0118f7a9d85960f29ad89d5d989a,61,3157.2,1270.83,45,14.461575874485597,0.044444444444444446,45,4.044444444444444,pocos de caldas,MG
c8b3445d737de6befde0c88ede534a5e,36,3149.04,651.75,30,11.700679398148148,0.03333333333333333,30,4.433333333333334,sao paulo,SP
5bc24d989e71e93c33e50a7782431b0e,17,3148.0,588.53,17,9.188674428104575,0.0,17,4.352941176470588,campo do meio,MG
f326006815956455b2859abd58fe7e39,30,3147.16,666.02,9,12.90150591563786,0.0,9,4.666666666666667,fernandopolis,SP
3cfa1358a6caa965278721344c8d76f2,5,3140.2799999999997,81.25,5,6.302104166666666,0.0,5,4.8,sao bernardo do campo,SP
b1ac6ea7895bc3dd6f0f6f4abbdd2821,41,3139.0,825.33,40,10.18083455165692,0.0,38,4.35,canoas,RS
238fac594e170b59c6d228f5a4f4f1d9,30,3126.0,1419.52,29,12.00780491698595,0.10344827586206896,29,4.0,dois corregos,SP
430315b7bb4b6e4b3c978f9dfa9b0558,21,3118.4,586.23,20,13.557284356725146,0.05263157894736842,19,3.9473684210526314,sao paulo,SP
3bdff180c7e1f6551a643b99c265a120,61,3114.9,1046.96,59,10.034405588624338,0.017857142857142856,56,4.086206896551724,sao paulo,SP
5b35136197710e16ac5e7b7c2bd4ea85,9,3104.2000000000003,246.08999999999997,7,18.389627976190475,0.2857142857142857,7,2.5714285714285716,rio de janeiro,RJ
08cdbae123ff67ca4e36d9d641ce0119,6,3098.99,1096.47,4,24.25667534722222,0.5,4,3.25,uba,MG
f61c63d13f7cd800549d5acdd390ae72,26,3072.3,429.39,26,11.74718482905983,0.07692307692307693,26,4.0,pilar do sul,SP
bd697db56ff8e7c9cd1abeb7f72029b2,22,3069.78,345.42,22,10.883916997354497,0.0,21,4.181818181818182,sao paulo,SP
aae3bfea055532c57fb453ed3ec80b30,50,3057.92,799.25,48,12.522698929398148,0.0,48,3.595744680851064,santo andre,SP
612a743d294c27884fb7b80d2b19ba35,3,3057.7000000000003,104.45,2,9.794849537037036,0.0,2,4.5,curitiba,PR
d9e8c084b68fe958861d8f2c21202e6b,12,3050.0,181.86,9,10.330096450617283,0.0,9,4.333333333333333,sao paulo,SP
b8555308bfdb4ca1ed54325a58da9a97,28,3047.2000000000003,582.83,26,10.219418625356125,0.07692307692307693,26,4.0,sao bernardo do campo,SP
0ebd97a106433a45a4aebe57c1799778,32,3046.8,614.88,31,9.436748805256869,0.0,31,4.483870967741935,contagem,MG
9646c3513289980f17226a2fc4720dbd,78,3039.2999999999997,1208.02,71,11.201072195383789,0.028985507246376812,69,4.352112676056338,sao jose dos campos,SP
4da0e408c99d2fdc2126dc9fce518060,54,3026.0,938.73,44,9.280887257996632,0.0,44,4.409090909090909,cornelio procopio,PR
d17f467e4bf608a510c20d82f4ba3b6b,12,3021.66,534.89,12,12.06053451178451,0.18181818181818182,11,4.0,caxias do sul,RS
4c8545742faaf58fafd5fd14d25d75cf,4,3020.0,196.31,4,9.968619791666667,0.0,4,4.5,fernandopolis,SP
55f7a3319d80f7fdf078b8f03e6725fe,22,3013.78,406.67,22,6.7771659301346805,0.045454545454545456,22,3.772727272727273,osasco,SP
f4aba7c0bca51484c30ab7bdc34bcdd1,117,3009.79,1547.71,110,10.979156057098765,0.05555555555555555,108,3.9444444444444446,sao paulo,SP
49e7217cfe4e427191c378ec626d8737,14,3002.7,375.61,13,16.036587577160493,0.0,12,3.8461538461538463,formiga,MG
c9aafcd0621b2207c10e32c649cada4d,52,2997.25,888.65,44,8.712135416666666,0.075,40,4.0227272727272725,sao paulo,SP
5bc55dbe2f12b6af6d83ed46023e0dc8,21,2992.1,417.28,17,13.928327886710239,0.23529411764705882,17,2.411764705882353,coronel fabriciano,MG
8cbac7e12637ed9cffa18c7875207478,82,2990.98,1663.37,67,13.94055345117845,0.06060606060606061,66,4.119402985074627,jaragua do sul,SC
0c7533c71df861ec58ad7ff999ed0e8d,73,2989.2999999999997,874.21,61,10.811724537037039,0.04918032786885246,61,4.147540983606557,valinhos,SP
974cf2cb8f4b7add98709c30df02fe10,33,2982.67,577.01,33,11.269405092592592,0.03333333333333333,30,4.0606060606060606,araraquara,SP
2156f2671501a81034d7d07f217609d0,22,2981.5,452.39,22,15.281910824514991,0.14285714285714285,21,3.8636363636363638,sp,SP
fce62094ffe6a4009188ec44e681dfdd,11,2969.7,482.93,4,13.50243923611111,0.25,4,4.0,sao paulo,SP
432c37c9dfba871172ec162e20118b8c,57,2968.87,969.67,46,14.598831281565657,0.09090909090909091,44,4.108695652173913,brasilia,DF
b494891378bd8f4560abe576c52deacd,22,2958.9,311.92,20,5.474568104288499,0.0,19,4.65,sao paulo,SP
e908c0f3646e8b60375734a350d95d71,1,2951.0,58.53,1,27.108946759259258,0.0,1,4.0,sao paulo,SP
dd58ee93286b0821565574c570e9e1dc,2,2948.0,75.31,2,12.036979166666667,0.0,2,5.0,curitiba,PR
1996942dc085d7773ba77a529b163cd0,10,2943.51,239.92,10,11.793770576131687,0.0,9,3.9,pradopolis,SP
60562ab00b8054280520d390c8c0045c,17,2943.0,304.09,17,10.181200980392157,0.0,17,4.764705882352941,sao paulo,SP
cb5df0dcb9e280b1780e9d589889f2c7,19,2934.7200000000003,754.49,16,21.566878156565654,0.18181818181818182,11,2.6,bady bassitt,SP
be9a160a9011f627c3e121d076c1ec7b,7,2934.0,248.52,7,14.817761574074074,0.0,5,3.5714285714285716,jaragua do sul,SC
f44b6f775a2b390380e0e30b5c9d3eee,10,2930.0,258.24,10,8.694234953703702,0.0,10,4.9,sao paulo,SP
606ce7768feac12c5e8bd58db8b08f0f,5,2916.6,102.26,5,9.72950925925926,0.0,5,4.8,campinas,SP
a6fe7de3d16f6149ffe280349a8535a0,52,2904.7999999999997,742.62,51,14.975533564814814,0.12,50,3.98,franca,SP
b1204cfda1d4948679db3cfc0d3cb95c,11,2903.7,174.45,7,9.825545910493828,0.0,6,4.0,guarulhos,SP
20d83f3ef0e6925fd74bfd59170babf7,54,2903.6,653.61,40,9.074369791666665,0.05,40,4.4,sao paulo,SP
d3dcf0604eabf0224fbd5948b5e02f69,9,2902.2999999999997,165.10999999999999,9,17.632256944444446,0.3333333333333333,9,3.888888888888889,sao paulo,SP
4305fe92735c8a43d154ff6dd2b8d927,21,2885.9,428.35,19,11.483929057734205,0.0,17,3.9473684210526314,coronel fabriciano,MG
1771297ac436903d1dd6b0e9279aa505,36,2881.27,585.16,28,9.443156001984127,0.03571428571428571,28,4.62962962962963,guarulhos,SP
cb3dd9ce66268c7a3ca7241ac70ab58c,52,2879.76,845.95,50,14.009482060185185,0.041666666666666664,48,4.14,sao paulo,SP
1987cd4be10fe09ee50454f9c354d1c6,16,2877.7,257.53000000000003,14,15.318574735449735,0.07142857142857142,14,4.357142857142857,ouro fino,MG
b335c59ab742f751a85db9c411a86739,35,2873.34,607.38,33,16.15451427469136,0.03333333333333333,30,3.8484848484848486,araguari,MG
4342d4b2ba6b161468c63a7e7cfce593,20,2867.1,296.21,20,15.676087962962963,0.5,2,1.263157894736842,rio de janeiro,RJ
977f9f63dd360c2a32ece2f93ad6d306,25,2858.8700000000003,934.98,24,12.798381642512076,0.08695652173913043,23,3.75,tabatinga,SP
2a1348e9addc1af5aaa619b1a3679d6b,55,2843.0,788.4,52,27.313096788194443,0.2708333333333333,48,3.1176470588235294,belo horizonte,MG
491a5ada3aa1678414e990262c4bbdc1,2,2840.0,33.81,2,6.891527777777778,0.0,1,3.0,sao paulo,SP
fec6275253471ace26d209bbaa64cd0f,10,2840.0,355.66999999999996,9,14.156984310699588,0.0,9,4.555555555555555,nova friburgo,RJ
d32e3909cfb714fb2a6cb092c85b9c5f,11,2827.9,251.0,10,22.51067476851852,0.2,10,3.5,jundiai,SP
730937bf88cb151eb2eb849f642fc213,26,2821.2,455.96999999999997,22,6.470883312289562,0.045454545454545456,22,4.409090909090909,rio claro,SP
1838dd9b8977065acf51d95e0053ea7a,67,2820.3,1255.58,64,12.791684961170848,0.03225806451612903,62,4.265625,belo horizonte,MG
dd533b429f380718b70ad9922c294bae,45,2819.77,1151.21,41,17.2795928300095,0.10256410256410256,39,3.7804878048780486,barretos,SP
f593898ec748b7a8cb81fc04edafd98a,23,2813.04,728.08,20,16.619885477582848,0.15789473684210525,19,3.7,pedreira,SP
5f1dc28029d2c244352a68107ec2b542,78,2807.3,996.16,62,9.54630152329749,0.016129032258064516,62,4.426229508196721,sao paulo,SP
3fd1e727ba94cfe122d165e176ce7967,38,2805.2000000000003,589.22,37,15.705679563492065,0.2,35,3.7837837837837838,araraquara,SP
820cc752a266cdc6c1a1e61dd4583330,15,2802.7999999999997,275.97,15,13.962199074074075,0.06666666666666667,15,4.133333333333334,maringa,PR
df56d7b40d437f88407c5f78b63bc328,25,2791.28,460.21999999999997,22,12.586075862794614,0.045454545454545456,22,4.090909090909091,cascavel,PR
f7ccf836d21b2fb1de37564105216cc1,74,2787.4,1123.04,70,11.2115329777241,0.07246376811594203,69,3.8088235294117645,ibitinga,SP
62c50c1af4dfdc4149d25c5222043d39,19,2785.7200000000003,310.31,14,12.141128472222222,0.0,12,3.7142857142857144,sao paulo,SP
ae7ab174effdead6c241e547e4ca13f0,7,2778.6,795.46,6,9.565426311728395,0.0,6,4.333333333333333,arapongas,PR
a17f621c590ea0fab3d5d883e1630ec6,80,2778.58,1122.96,65,11.55949937536743,0.06349206349206349,63,4.063492063492063,sorocaba,SP
8d79c8a04e42d722a75097ce5cbcf2ef,28,2777.7200000000003,757.4399999999999,27,19.172177706552706,0.07692307692307693,26,4.444444444444445,caucaia,CE
f125f3a310c2e5f822d116147de1e474,22,2761.4,287.89,16,11.933017216435186,0.125,16,4.1875,sao paulo,SP
8f54d64f28a993550aa7943f12572959,16,2755.5,377.62,15,14.054725308641975,0.06666666666666667,15,3.7333333333333334,ipatinga,MG
a1474fd46fd3430168f7ec202da39408,14,2752.5,661.02,12,17.97502411265432,0.16666666666666666,12,4.333333333333333,pinhais,SP
1444c08e64d55fb3c25f0f09c07ffcf2,1,2749.0,69.74,1,10.39494212962963,0.0,1,1.0,lauro de freitas,BA
052577151711aec5c744fe12e66db3e1,4,2748.0,222.42,4,14.03383101851852,0.0,1,2.25,rodeio,SC
f805b96fa705ba7995a221f1749dc141,7,2744.44,242.43,7,12.984732142857142,0.0,7,4.428571428571429,maringa,PR
3b872fd4747f01cc56206f2934198618,27,2726.7400000000002,1116.37,25,14.48765324074074,0.16,25,3.88,ibitinga,SP
5cbbd5a299cab112b7bf23862255e43e,38,2726.06,659.15,36,10.853688593106996,0.0,36,4.277777777777778,pinhais,PR
33576ec5412fb5905d876f12f33bfde6,32,2718.0,569.98,31,14.81529607228196,0.03225806451612903,31,4.096774193548387,curitiba,PR
458d868c9642f55f18f04e951a3fdde6,2,2718.0,104.75,2,17.610983796296296,0.0,2,5.0,porto alegre,RS
78744a20ee2f80ba64f6804c25def2b8,6,2715.0,353.85,6,18.961849922839505,0.16666666666666666,6,4.166666666666667,recife,PE
fe26f3ecb51a15e6d8335cd92da42562,7,2708.96,262.59000000000003,7,10.683282076719577,0.14285714285714285,7,4.428571428571429,sao paulo,SP
d93844a9c55ba7ce353388bcf849ea56,14,2708.5,521.02,12,16.796326195987657,0.0,12,4.25,curitiba,PR
51702dc2a3e106c76dbff722b5bf0726,14,2705.1,581.94,13,14.786125356125355,0.0,13,4.3076923076923075,conchal,SP
e99e927c81e3f51739c94fcdfca9f10f,25,2702.83,657.64,22,14.581565255731922,0.047619047619047616,21,3.6363636363636362,uberlandia,MG
31561f325664a8a7aba4c8d0c3a9b3db,38,2702.19,627.17,36,7.388848701131688,0.0,36,4.638888888888889,sao paulo,SP
82bd0703a4aefd6b599e5bfdaed378fb,24,2692.28,392.56,21,11.608380208333333,0.05,20,3.9047619047619047,marilia,SP
850913d59ce317156b00f3705f1c3edb,34,2690.0,580.96,32,13.536035680076628,0.1724137931034483,29,3.4375,atibaia,SP
0015a82c2db000af6aaaf3ae2ecb0532,3,2685.0,63.06,3,10.793885030864198,0.0,3,3.6666666666666665,santo andre,SP
ffa6adafb71b807dc13159e26431354c,18,2669.9,537.08,18,9.852557189542482,0.0,17,3.7777777777777777,londrina,PR
d93919c944be9cff128f6c9cb899eacb,33,2666.7000000000003,957.31,33,22.92127034231201,0.15151515151515152,33,4.0,mombuca,SP
9c068d10aca38e85c50202e17b4a7e88,17,2658.9,449.93,17,16.52933142701525,0.17647058823529413,17,4.125,coxim,MS
d25aa0aaacb370e912f8cf6efeba38b3,21,2658.45,714.6800000000001,17,8.840630446623093,0.058823529411764705,17,4.470588235294118,massaranduba,SC
6f229cc508fc6915ed5c499efd93baa4,14,2654.8,333.88,13,9.2466176994302,0.15384615384615385,13,4.384615384615385,rio de janeiro,RJ
0885aaf116795758dfeb5f1032487bcd,30,2648.0,514.32,28,5.9938160150891635,0.0,27,4.214285714285714,ferraz de vasconcelos,SP
4e8dacf3d38f281ae26c3e0321d92d88,15,2644.95,216.16,10,12.03462962962963,0.125,8,2.8,sao paulo,SP
bc302730ea8cf49b5c74f579febb5bbf,11,2640.9,289.27,11,11.243857323232323,0.09090909090909091,11,3.8181818181818183,campinas,SP
f1b93673502375d491780bb49d615dbc,10,2638.9300000000003,320.35,8,14.444124710648149,0.125,8,3.125,sao jose dos campos,SP
1b7e5006cb25dd23ce8686691013b121,11,2636.74,149.22,11,15.486682449494948,0.18181818181818182,11,4.363636363636363,sao paulo,SP
ccf8813e5a7d6c84d865cd38bfc2b130,26,2635.5,415.79,26,11.43051549145299,0.038461538461538464,26,4.384615384615385,taubate,SP
ea6b12bf9ffe2bac34602ec631d97a47,11,2625.7999999999997,205.52,11,16.563964763374486,0.0,9,4.090909090909091,guarulhos,SP
9906e7aa42a3c067b7c9a564d01c4320,16,2619.0,496.59999999999997,12,16.46547164351852,0.16666666666666666,12,4.5,maringa,PR
8ab42aa58097fd4668d60cc648225d5f,26,2616.75,593.64,20,10.358764467592593,0.0,20,4.2,goiania,GO
a369d693961cb93b61ca2cc518872a85,18,2597.0,616.79,11,11.026400462962963,0.0,11,3.909090909090909,sao jose do rio preto,SP
fdaaf5bfda82b7b80535610c831b8d09,15,2588.9,259.42,10,9.90040625,0.1,10,4.2,sao jose do rio preto,SP
cd06602b43d8800bd0afad514919d35c,53,2588.07,747.26,44,12.598744616709734,0.046511627906976744,43,3.6818181818181817,sao paulo,SP
244c2f1bff6afe1f2eaf9bfe9b2aed38,27,2580.0,1214.87,23,13.988220108695652,0.08695652173913043,23,3.652173913043478,mogi das cruzes,SP
04aba03279157f6d4e0fe8ccaf21963c,16,2575.9,346.43,16,11.624953703703705,0.06666666666666667,15,4.3125,santo antonio de padua,RJ
2c4c47cb51acd5ea5db5e0ae0e26542a,15,2575.9,341.47,12,10.739328703703704,0.0,12,4.666666666666667,buritama,SP
b76dba6c951ab00dc4edf0a1aa88037e,169,2574.7799999999997,2307.1,159,10.381203408822836,0.03184713375796178,157,4.178343949044586,sao paulo,SP
41ab63a91b8b264e8c8780368bf1dd5b,13,2571.95,302.27,12,16.308802083333333,0.0,12,4.25,belo horizonte,MG
1ce3ae5a399804d1a87e706f8a813c3e,44,2563.0,853.69,40,14.507188368055555,0.075,40,3.75,jaguaruna,SC
f1c1ac3f3efc07e659c035008e615e66,14,2561.96,302.82,4,10.968858024691357,0.0,3,3.75,sao paulo,SP
323ce52b5b81df2cd804b017b7f09aa7,30,2554.2,401.47,30,17.057155970625796,0.13793103448275862,29,4.310344827586207,sao paulo,SP
157c3e4b42f81ac4a44e8b1ca2fe9876,31,2548.5,583.32,23,10.97985809178744,0.08695652173913043,23,3.6956521739130435,sao paulo,SP
bb5bd94c8f59cc050072d2930c869cac,17,2543.87,302.77000000000004,16,14.669749710648148,0.0,16,4.1875,sao paulo,SP
fe49ee029e61e789a1f3a5525f57ba8d,17,2527.5899999999997,224.85,17,10.416166811342592,0.0625,16,4.0588235294117645,osasco,SP
cce6ab8d1682639fe45ab70234f1665f,66,2522.7,1167.44,63,15.35970267911354,0.03278688524590164,61,4.412698412698413,curitiba,SP
47efca563408aae19bb7206c2d969ea9,12,2522.0,443.32,12,13.789200336700338,0.0,11,4.083333333333333,teresina,PI
ede0c03645598cdfc63ca8237acbe73d,50,2518.37,751.5,46,18.589664621016365,0.32558139534883723,43,3.522727272727273,ribeirao preto,SP
318f287a62ab7ac10b703ac37435a231,62,2517.48,1117.12,52,11.519044798474946,0.09803921568627451,51,3.8653846153846154,sao paulo,SP
3d39fbf22a665714baf62fae36029e23,8,2504.2,130.63,8,8.57480179398148,0.0,8,4.75,campinas,SP
de0c78824586e9a5f5f04fd84e25df39,16,2489.3,208.53,14,6.626993220899471,0.0,14,4.642857142857143,vargem grande paulista,SP
cea729054f157f5870bdd321a958d994,26,2482.1,349.52,24,7.273115837191358,0.041666666666666664,24,4.125,sao paulo,SP
6989574bd97d9773f10d232b6c07da59,7,2478.3999999999996,321.1,7,10.962650462962964,0.0,7,4.857142857142857,curitiba,PR
5eeb9c756d9780b96283e5a2ac6da334,9,2471.0,247.74,9,16.608179012345676,0.2222222222222222,9,4.222222222222222,ribeirao preto,SP
c2d70ce2c5d0a2eb75e78668236e6dc8,15,2470.9,229.01999999999998,13,8.32455039173789,0.0,13,4.615384615384615,sao paulo,SP
3a734b715d333a2588a3d54a0c9b8746,24,2463.52,395.64,18,12.267248456790124,0.06666666666666667,15,3.9444444444444446,osasco,SP
1c40343cc5d18c2d8248ac2f3366de34,22,2461.41,378.01,21,7.48171626984127,0.09523809523809523,21,4.619047619047619,limeira,SP
fa74b2f3287d296e9fbd2cc80f2d1cf1,11,2459.89,175.79000000000002,11,30.38007407407407,0.4,5,2.3636363636363638,presidente prudente,SP
a08692680c77d30a0b4280da5df01c5a,17,2433.0,227.91000000000003,6,9.340208333333335,0.0,6,5.0,sao paulo,SP
5160d23075764e18e07c1f4a87fad743,39,2429.0,486.42,34,9.304199635241304,0.0,33,4.382352941176471,sao bernardo do campo,SP
efcd8d2104f1a05d028af7bad20d974b,51,2424.78,855.41,47,10.140610154991949,0.021739130434782608,46,4.170212765957447,aracatuba,SP
ed859002ad59dbf8cf3602696a6c3000,13,2421.7,268.94,7,18.509108796296296,0.0,6,3.7142857142857144,londrina,PR
4b0fdb526525f9890eb145bf1534640e,20,2419.0,535.21,18,9.188895961934158,0.0,18,4.055555555555555,ibitinga,SP
888faa8bfb0b159c37de6d898b961c31,23,2418.2999999999997,526.7,19,8.450792519493177,0.0,19,4.2105263157894735,braco do norte,SC
d06d019f72a04e5497a0b64190af170c,17,2415.93,225.51,17,8.503113425925926,0.0,17,4.529411764705882,cotia,SP
d3f39f05462b79a4562d35893a28f159,38,2411.3,557.47,34,11.970595187991021,0.12121212121212122,33,3.6470588235294117,mococa,SP
1354d51653f645349064725ed204e85e,20,2410.0,284.72,18,9.560979938271606,0.0,18,3.9444444444444446,sao paulo,SP
76833248bbc0e65a0293ec62023e4396,2,2399.98,230.7,2,18.68045138888889,0.0,2,5.0,birigui,SP
0bb738e4d789e63e2267697c42d35a2d,31,2388.3,642.34,30,12.086564153439154,0.03571428571428571,28,4.6,sao roque,SP
6bbcb8924baf70b7fe2fe2097e8cd407,11,2382.5,264.33,10,12.088065972222221,0.0,10,4.5,blumenau,SC
acadd4d36859671cb635527c6c977533,12,2381.0,265.94,12,17.891220100308644,0.08333333333333333,12,4.25,santa rosa de viterbo,SP
cfe94489ddd337d1e29e12f2a7205d10,24,2376.0,296.82,20,6.922806134259259,0.05,20,4.3,sao paulo,SP
8a87611c08849ffeeccab52aa798b6c7,14,2369.8,485.32,13,8.858441358024692,0.0,6,2.769230769230769,curitiba,PR
120476eb7a04c149d14772edaf5d9bf2,6,2368.8,150.83,4,7.798266782407407,0.0,4,4.25,angra dos reis,RJ
f615fe7efbef0f4f08fd3086bc7a3e60,24,2359.27,389.69,23,7.562038089225589,0.09090909090909091,22,4.3478260869565215,atibaia,SP
4978a02ea9c8be7a9b5480680f40334e,19,2356.61,340.23,18,5.2844508744855965,0.0,18,3.5555555555555554,sao paulo,SP
8603f0038fe0e52fedd3382d266723de,10,2355.0,490.12,10,21.26354513888889,0.0,10,4.4,garopaba,SC
3504c0cb71d7fa48d967e0e4c94d59d9,53,2349.94,687.37,53,7.327788478336827,0.0,53,4.415094339622642,maua,SP
4391ea5c5990502176a1dcda44a2373d,5,2349.0,135.3,3,12.014274691358025,0.0,3,4.666666666666667,porto alegre,RS
5a93f3ab0ef4c84ed5e1b5dbf23978bc,44,2338.25,697.14,39,15.09383558723197,0.02631578947368421,38,4.6923076923076925,monteiro lobato,SP
34f563c82a85b99ae9e6d60db5fc2e28,8,2332.3,246.2,8,10.739244791666666,0.0,8,4.625,campo bom,RS
8bdd8e3fd58bafa48af76b2c5fd71974,11,2324.82,190.73,11,10.378738425925926,0.1111111111111111,9,4.545454545454546,sao paulo,SP
1d4587203296c8f4ad134dc286fa6db0,43,2323.3,704.24,42,9.463649884259258,0.025,40,4.285714285714286,sao paulo,SP
df91910b6a03bb2e3358fa6a35e32f6f,14,2312.1,395.02,14,9.194750712250713,0.0,13,4.357142857142857,sao paulo,SP
daeb5653dd96c1b11860f72209795012,41,2305.9,632.16,40,11.650112694931773,0.07894736842105263,38,4.05,belo horizonte,MG
fd386aa7bed2af3c7035c65506c9b4a3,76,2304.15,1012.02,69,8.562201590177134,0.10144927536231885,69,4.3478260869565215,sao paulo,SP
6338ea67c41078a46ad99cc009654956,44,2286.09,924.3,37,13.19280155155155,0.0,37,4.6,farroupilha,RS
9a84ba99f5367fdbd4598363496f1ea2,16,2284.98,435.95,16,10.512725308641977,0.0,15,3.625,luziania,GO
7238a95bb63ef7e498389fb863b834a1,15,2265.7,569.41,15,7.956341820987655,0.0,15,4.733333333333333,limeira,SP
e8f6dc8e6a1dcde89d20e3995c8d90b3,48,2256.34,2051.68,36,12.935982804232804,0.08571428571428572,35,3.9166666666666665,sao paulo,SP
8fe8786ee000001ab51d030dfd4a7bf1,5,2255.0,201.44,5,15.866671296296294,0.0,5,4.6,paulo lopes,SC
655220df33262c7e0c4949a147366f94,15,2245.0,681.53,13,13.793602207977207,0.15384615384615385,13,4.076923076923077,diadema,SP
7b8e8ec35bad4b0ef7e3963650b0a87b,5,2244.2799999999997,372.02,5,21.90199074074074,0.2,5,4.8,tubarao,SC
1b1ae47a313a825a7ccceb8e2e30fa9d,11,2243.9,246.5,11,10.654221064814815,0.0,10,3.9,bocaiuva do sul,PR
3e8bd881d92466e63ba9e3e809cd3c50,10,2242.28,207.97,9,13.973683449074073,0.25,8,4.125,rio de janeiro,RJ
5abb8ea023c77787f2c15da891c8d384,13,2241.0,746.2,13,19.6782719017094,0.23076923076923078,13,3.923076923076923,joinville,SC
54583ab379489add547fe47b628db589,10,2240.0,151.07999999999998,10,5.116539351851852,0.0,10,4.8,sao bernardo do campo,SP
e5f9e61ceb5f523cc966e0f34095032f,4,2238.0,115.44,4,20.252138310185185,0.25,4,4.0,brusque,SC
cac876b37d3abcd6bd76caca30277996,33,2229.77,729.02,27,9.91142018175583,0.0,27,4.461538461538462,cascavel,PR
b83cedfb587e7911540e3f576d6917ce,25,2224.95,343.8,24,10.15885368441358,0.041666666666666664,24,4.208333333333333,sao paulo,SP
b74d1c09cb380e1d03a6f859c6f4224b,39,2221.6,831.6,31,10.78025424382716,0.13333333333333333,30,4.258064516129032,rio de janeiro,RJ
fb89df7f89fd1b8f03fa2acca1ba7364,25,2220.0,467.43,22,16.15063710016835,0.09090909090909091,22,3.8636363636363638,foz do iguacu,PR
3a4127e1ba7208ea37044c5092aae170,6,2219.6,91.35000000000001,6,11.77629861111111,0.0,5,3.5,sao paulo,SP
747e73c01a4593d4cf60dcf970fd2689,3,2217.99,123.77000000000001,3,10.688094135802467,0.0,3,4.333333333333333,vitoria de santo antao,PE
77a515caa36327151d1cc6c32a9f00e1,26,2217.39,396.19,26,10.33738425925926,0.11538461538461539,26,4.423076923076923,diadema,SP
abbf6046bbdf1028606a5bc7f00c99e7,7,2217.15,175.99,7,11.785158179012347,0.0,6,4.142857142857143,xanxere,SC
f214d28e8d8e3ef068748498ccc2f813,59,2212.41,809.11,54,10.428257211538462,0.07692307692307693,52,4.150943396226415,sao paulo,SP
4992e76a42cb3aad7a7047e0d3d7e729,74,2211.1,1007.47,57,7.713207258597883,0.05357142857142857,56,3.912280701754386,sao paulo,SP
e5475dcab1e07b63d7f6e902d8f5eda8,19,2192.0,251.22,19,9.57444018031189,0.05263157894736842,19,4.105263157894737,diadema,SP
91f0eec23d4a61d7d7caeefa3f0ad1ca,11,2190.8,354.46,11,26.144559132996633,0.2727272727272727,11,3.5454545454545454,tubarao,SC
0725b8c0f3f906e58f70cbe76b7c748c,37,2190.3,715.69,17,12.978666811342592,0.25,16,3.411764705882353,guarulhos,SP
14a08204d03bb6b6bde8029f801ae0eb,38,2185.4,593.7,28,8.836558366402116,0.0,28,3.892857142857143,sao paulo,SP
30c7f28fd3a5897b2c82d152bb760c17,7,2178.27,324.89,7,20.652399691358024,0.16666666666666666,6,1.6666666666666667,niteroi,RJ
8ca1551acf9832a4cf467bbbac15851f,12,2176.4,266.54,11,13.264915824915825,0.09090909090909091,11,3.909090909090909,campo largo,PR
53d00c40e32aeb924a84ce72b1af869d,17,2165.85,296.22,17,16.048920206971676,0.11764705882352941,17,4.352941176470588,ibitinga,SP
2be17df1c49978426251562096c3cc09,16,2165.0,312.55,16,12.265654658564815,0.0625,16,4.1875,tubarao,SC
0ffa40d54288e4f3499b8780dd0f144f,35,2162.8,583.67,33,13.538299312570146,0.12121212121212122,33,4.484848484848484,presidente prudente,SP
7fc87cc3e89b3d1d5cabdca32f8485aa,14,2153.9,681.92,14,19.740683697089946,0.21428571428571427,14,3.5714285714285716,guarulhos,SP
72bc2cce903c872fe376a8faaa81d237,18,2149.2,255.77,17,8.813901143790849,0.0,17,4.647058823529412,sao paulo,SP
b56906f7fd1696e043f1bcce164c487b,42,2148.49,846.93,40,12.87296412037037,0.05,40,4.0,echapora,SP
373ee4a3a775a733770ca3f790b8b9ac,22,2141.49,290.32,13,10.008915598290598,0.07692307692307693,13,3.923076923076923,rio de janeiro,RJ
0ed6ce5d87fd9c69eaacaeb778d67235,43,2141.42,687.83,43,15.995893132716049,0.14285714285714285,42,4.404761904761905,americana,SP
723cd880edaacdb998898b67c8f9da30,12,2136.5299999999997,413.1,11,9.960010521885522,0.09090909090909091,11,4.090909090909091,ibitinga,SP
f5f2ab9bdb6b30c14c61be68c5ed37da,18,2134.6800000000003,339.87,18,13.4501858281893,0.05555555555555555,18,4.277777777777778,porto ferreira,SP
87d30a6a0cbf89356e49324971ab1d24,17,2134.13,215.78,17,11.212977260348582,0.058823529411764705,17,4.352941176470588,sao paulo,SP
9bcdfa7b615b3abb9461d9e3ad9886ae,20,2126.07,397.72,14,12.67588210978836,0.07142857142857142,14,4.428571428571429,blumenau,SC
13074f016982ff2bd6c58ced8682f000,15,2116.0,995.7,14,14.887260505698006,0.23076923076923078,13,3.9285714285714284,bento goncalves,RS
8f78f0903005064036736c7173a5c2ed,21,2113.7000000000003,632.25,13,17.417435007122506,0.0,13,3.769230769230769,tiradentes,MG
cf2384dd2f1dddea3f838efed0945e65,16,2101.5,433.44,16,14.251440248842593,0.0,16,3.9375,serra negra,SP
ffdd9f82b9a447f6f8d4b91554cc7dd3,20,2101.2,727.46,18,10.538292824074073,0.0,18,4.333333333333333,curitiba,PR
e9511df20ccd82658a30c37b7fb343af,30,2096.6,726.5,22,9.756910774410775,0.0,22,4.318181818181818,bauru,SP
3bfba5a77604f6dfae7e6dd7aaf65821,4,2095.5,122.69,4,9.362138310185186,0.0,4,5.0,londrina,PR
7f7b8245c336066a1f9933c359f11d77,43,2094.36,535.87,38,8.170569261695906,0.02631578947368421,38,4.552631578947368,mogi mirim,SP
8de8fe3af4449ed695d2434c933ed73e,1,2090.0,65.35,1,10.056851851851851,0.0,1,5.0,sao paulo,SP
165b1235e9e9942cb5fae67103576fb0,16,2085.15,404.65,11,7.830222011784511,0.09090909090909091,11,4.363636363636363,ribeirao preto,SP
f7720c4fa8e3aba4546301ab80ea1f1b,78,2083.45,1335.52,60,10.994347143753924,0.05084745762711865,59,4.2,curitiba,PR
e6a69c4a27dfdd98ffe5aa757ad744bc,29,2076.2,442.74,24,10.744657186948855,0.0,21,3.875,sao paulo,SP
6aa3928696eab49a19a466e665a649fd,22,2075.0,335.68,18,8.934614197530864,0.05555555555555555,18,4.611111111111111,nova iguacu,RJ
082e0bf4cb865a6533b1e8e498cc0255,23,2073.3,991.03,11,14.3659617003367,0.18181818181818182,11,3.272727272727273,botucatu,SP
6b536a23086fba0d58c08d68814397f6,23,2068.8,369.17,19,12.088557741769547,0.05555555555555555,18,3.9473684210526314,niteroi,RJ
e38db885400cd35c71dfd162f2c1dbcf,32,2066.8,670.75,30,12.858261959876542,0.1,30,4.466666666666667,brasilia,DF
ea65d8b58316a6f2362f2a9e4b3e86ad,16,2061.4,230.82,9,8.413410493827161,0.0,9,4.0,campinas,SP
412a4720f3e9431b4afa1476a1acddbe,22,2058.1,511.06,21,10.530947971781305,0.047619047619047616,21,4.238095238095238,campinas,SP
dc8798cbf453b7e0f98745e396cc5616,51,2056.3,624.4,41,13.457997354497355,0.05714285714285714,35,3.048780487804878,sao paulo,SP
9449f25aeaf531019b76999ea49a6949,10,2046.45,179.39,10,13.614467592592591,0.2222222222222222,9,4.0,rio de janeiro,RJ
bc2ac6b95e1accce9858528ee566c17e,22,2045.0,234.56,18,4.748575102880658,0.0,18,4.555555555555555,campinas,SP
c6381d2d013342748761e906d45aff76,28,2042.98,571.28,15,16.018105709876544,0.0,15,3.8666666666666667,portao,RS
f41ce2e25237f9092cd8e6e7516c7a2f,28,2030.9,331.7,27,8.769085202991452,0.0,26,4.296296296296297,guarulhos,SP
78c99c6dff4eeae5be99bf635ed21e3f,39,2030.88,664.89,31,13.445802344683393,0.06451612903225806,31,4.419354838709677,marilia,SP
71592660bbcb6a4664e97b6f8b68babc,7,2027.18,173.37,6,12.457635030864196,0.0,6,4.333333333333333,sao jose do rio preto,SP
bf84056e679dbe9c69929847a40e338f,40,2024.04,453.28000000000003,36,12.677086640211641,0.05714285714285714,35,3.75,sao paulo,SP
4c8b8048e33af2bf94f2eb547746a916,27,2020.73,438.08,23,18.612037037037037,0.10526315789473684,19,2.9565217391304346,ibitinga,SP
fac1a9017ade7bdc94058fc1c969f355,10,2010.84,212.07,9,7.714949845679012,0.0,9,4.666666666666667,sao paulo,SP
1782ce2db72c3dda627d5e7c898104e1,10,2010.8,207.37,9,29.349214248971194,0.1111111111111111,9,4.333333333333333,taboao da serra,SP
3a1a1fec38dd360f15fc912e821e169d,15,2007.38,371.25,15,14.433526234567902,0.26666666666666666,15,3.8666666666666667,sao paulo,SP
2f09f7d37a97956d11cc1a7cadd5262b,12,2005.0,463.41,11,12.842810846560846,0.14285714285714285,7,2.909090909090909,ribeirao preto,SP
116ccb1a1604bc88e4d234a8c23f33de,73,2004.89,943.4399999999999,61,9.04657786885246,0.03278688524590164,61,4.639344262295082,sao bernardo do campo,SP
d6ab728cf30867cf3f1a2e216ae2f9b7,14,2002.0,231.82,12,10.844957561728394,0.0,12,4.416666666666667,sao paulo,SP
3d2531eccfbde1d7c8db7a3a12fb267a,10,1999.54,213.06,10,9.996932870370369,0.0,10,4.222222222222222,contagem,MG
8ec76bb0965af3f007692b26fa9d6623,1,1999.0,29.75,1,11.309363425925927,0.0,1,5.0,criciuma,SC
17908cf9b444ee34047cadd5c0f4a516,11,1993.99,501.42,11,18.88040298821549,0.09090909090909091,11,4.545454545454546,anapolis,GO
bf100ecb7997df312b285358fb32f92c,21,1991.9,345.11,20,9.656619212962962,0.0,20,4.444444444444445,sao jose dos pinhais,PR
c013e57c075a06e5b5c48ee03c525719,45,1971.55,857.11,42,9.190875220458553,0.047619047619047616,42,4.238095238095238,sao carlos,SP
91f5779a8731baca4809fdeade81803f,6,1971.46,145.63,6,16.374195601851852,0.0,6,3.8333333333333335,barra mansa,RJ
1690cada046eb7e92c12f98b1f8a8167,11,1959.0,252.38,11,7.352841435185185,0.1,10,4.545454545454546,sao paulo,SP
93b9a99027bd8bd6af682aff18dd19bf,21,1953.0,467.11,20,11.560305799220274,0.0,19,4.052631578947368,mairipora,SP
6df688df543f90e9b38f4319e75a9d88,56,1949.96,783.6,40,7.93724210588794,0.0,39,4.575,belo horizonte,MG
272f092de69afedd4d2969440b37f18f,40,1935.3300000000002,536.01,26,10.167692129629629,0.0,25,3.84,sao paulo,SP
4e5725ba188db8252977a4f0227bd462,25,1930.59,382.61,22,20.972906746031747,0.23809523809523808,21,3.409090909090909,ribeirao preto,SP
cd843d4cf8ef32827de0396605163ba3,5,1915.0,697.56,5,16.075208333333332,0.0,5,3.8,juiz de fora,MG
1b8b75e227c9a9c100d0c210fb6176ce,19,1914.8300000000002,280.78000000000003,19,14.996113425925925,0.06666666666666667,15,3.3684210526315788,sao paulo,SP
9dda5bbacd45e18d6485fee649205d09,22,1912.6000000000001,506.73,19,15.126162280701754,0.05263157894736842,19,4.105263157894737,santa rita do sapucai,MG
f5f1f2c5f923f36ad79ea1d07185ddc9,13,1912.15,203.68,12,13.051210648148148,0.1,10,3.25,taruma,SP
901b460cdce0c64e471230d7f2f9f3a3,5,1904.0,108.56,5,15.51374537037037,0.0,5,4.4,porto alegre,RS
e2c92f9c1c7746d899d18f2e158bbff7,14,1894.7,391.91,14,9.151562499999999,0.0,12,4.071428571428571,sao jose do rio preto,SP
112453736dbe3889cfb74e1aaa0ba0c1,14,1890.0,264.77,7,13.33525958994709,0.0,7,4.142857142857143,sao paulo,SP
5ab05b6d86d417796c69ffd6774ec832,12,1886.1000000000001,256.75,10,13.937832175925925,0.1,10,3.8,assis,SP
65b081a070633e057c462abdd6fb9dd8,20,1885.09,441.58,19,12.037367811890839,0.0,19,4.315789473684211,morrinhos,GO
5debea795b07621e1f90532e18f96145,33,1883.78,504.35,25,10.347672685185184,0.0,25,4.36,apucarana,PR
7ade73f1b9b4e965f9009a4c3a7e2c15,28,1880.3000000000002,457.87,27,9.665827101139602,0.0,26,4.769230769230769,bauru,SP
e24d3429d294b2eb200b064ebb035879,22,1878.58,372.12,19,7.711454678362573,0.05263157894736842,19,4.2631578947368425,sao paulo,SP
5b33b527da3c5b969cc99dc435cad09a,17,1872.79,365.55,16,12.708035300925925,0.0625,16,4.125,paranavai,PR
392e0502231ae2f8b29994ef6398cd77,20,1871.7,355.89,20,17.708312227668845,0.11764705882352941,17,4.157894736842105,cerqueira cesar,SP
95ec4458365c4d11f452ccf538377619,31,1866.76,436.67,27,6.345299211248285,0.037037037037037035,27,4.615384615384615,limeira,SP
0417b067eeab773d2f7061a726dc477f,13,1859.18,642.57,13,17.55735933048433,0.23076923076923078,13,3.923076923076923,sao bento do sul,SC
c8467937e403e76a8ee9f0ab13f6f5ef,33,1853.79,588.95,30,16.945050925925926,0.13333333333333333,30,4.071428571428571,pocos de caldas,MG
4b1eaadf791bdbbad8c4a35b65236d52,8,1849.79,113.03,8,22.54623148148148,0.2,5,2.0,ribeirao preto,SP
a4bd6e9adf39b63f43dc545d3ca1f53d,5,1848.59,112.38000000000001,4,10.501377314814814,0.0,4,4.5,rio de janeiro,RJ
74bafed391319577bce6f4d2acc0589a,3,1847.0,237.73,3,7.031435185185185,0.0,3,2.6666666666666665,sao paulo,SP
d97df38225e5abadaff1e72cb72b823c,29,1846.0,516.92,29,12.152008101851852,0.14285714285714285,28,3.925925925925926,sao caetano do sul,SP
a36b125ac6d5fdbc7f50de85c9157bdc,26,1843.64,388.99,24,12.984740841384863,0.08695652173913043,23,3.9583333333333335,ribeirao preto,SP
ffeee66ac5d5a62fe688b9d26f83f534,14,1839.8600000000001,419.69,14,18.07488095238095,0.14285714285714285,14,4.214285714285714,mirassol,SP
6a38087bc8ad4f89ff453561005f6dea,22,1833.43,547.92,15,10.229387345679012,0.0,15,4.6,anapolis,GO
c679fb69a36e1d8349e8c50a217b4d58,17,1825.68,388.21000000000004,14,11.072147817460317,0.07142857142857142,14,3.8461538461538463,caxias do sul,RS
5075aaa8404020ae6aa8bf4792099b41,23,1822.8,447.72,13,11.988199074074073,0.0,10,3.5833333333333335,pocos de caldas,MG
729b2d09b2a0bdab221076327f13d050,61,1822.11,946.55,49,12.483082320601852,0.041666666666666664,48,4.489795918367347,mineiros do tiete,SP
55bb6fe5bebe5012e2d7d9928e1128ff,16,1816.55,576.47,15,15.001960648148149,0.13333333333333333,15,3.466666666666667,bauru,SP
a5a1bfcf728ab0e19182959cf0771ee4,24,1812.96,347.89,21,13.414981261022929,0.047619047619047616,21,4.333333333333333,socorro,SP
5b85809efd0d0e4dea1a9544e1280ed9,14,1804.6000000000001,292.76,12,7.96546199845679,0.0,12,4.25,presidente prudente,SP
411f3b52d857390502ee4e4d5ceabc2d,30,1804.01,378.71,21,9.823347111992945,0.09523809523809523,21,4.105263157894737,ribeirao pires,SP
7fdb0720c8d7c9075538b365dc8c3a22,10,1804.0,484.31,9,19.195639146090535,0.1111111111111111,9,2.4444444444444446,toledo,PR
2ff6b7bff164ef05590a52734e1296da,7,1803.59,151.53,7,11.747468584656085,0.0,7,4.714285714285714,londrina,PR
15fa791d5e017f66402dc28c44480657,8,1802.0,181.29,8,11.574577546296297,0.125,8,4.25,sao paulo,SP
c3e1abd72a42fe690fcd89cf5720fe29,13,1798.61,168.97,13,4.309395477207977,0.0,13,4.461538461538462,mogi guacu,SP
1976a05ecf2996d6ffb7b5430e635fe7,9,1796.2,394.46000000000004,8,17.625846354166665,0.25,8,3.875,assis,SP
dfc475d54e1b6dbeeb7d7d9bdaa63827,21,1793.76,434.31,19,13.0373141718107,0.0,18,4.315789473684211,curitiba,PR
5b581417df4480f632484ba681e53944,13,1790.6,585.7,12,18.4114898989899,0.18181818181818182,11,3.5,florianopolis,SC
406740ee611378a662d274c7d8c43c4a,10,1790.0,182.08,8,15.207686631944444,0.125,8,4.375,vitoria,ES
fa3a0b5aabb344b9a92e3524b0202123,7,1789.0,164.41,7,11.636570767195767,0.14285714285714285,7,4.142857142857143,sao jose dos pinhais,SP
81783131d2a97c8d44d406a4be81b5d9,15,1782.54,195.04,13,7.2540480324074075,0.0,8,3.5,sorocaba,SP
293dee954235e4e4e43f129313625ebe,8,1778.92,240.3,8,14.440222800925927,0.0,8,5.0,brasilia,DF
07bf9669d84d1f11be443a9dd938f698,24,1776.0,646.22,18,8.355687371399178,0.0,18,3.7222222222222223,sao paulo,SP
3481aa57cd91f9f9d3fa1fa12d9a3bf7,25,1773.03,774.14,25,10.194835185185186,0.0,25,3.88,capivari,SP
ca4b77513ac2040591b0d8fae6958380,15,1772.45,201.17000000000002,14,7.763539186507936,0.14285714285714285,14,4.5,sando andre,SP
d5b9a084373da994a6e37f732169a853,7,1769.0,176.29000000000002,7,17.875863095238095,0.14285714285714285,7,3.5714285714285716,santo andre,SP
3ca08eeb8d5595949fed424bd3677742,14,1768.8700000000001,466.23,14,10.300126424501425,0.0,13,4.428571428571429,curitiba,PR
c8417879a15366a17c30af34c798c332,36,1767.9,487.54,26,9.306368518518518,0.04,25,4.28,sao paulo,SP
f63d8f293af3a6454377546bd9dd19ff,28,1751.82,495.13,17,16.17041258169935,0.058823529411764705,17,4.470588235294118,votorantim,SP
cb810bd318f51b3dc3c753944d61a1fa,1,1750.0,39.02,1,12.295810185185186,0.0,1,4.0,niteroi,RJ
dd4d95ba2d15c071e6c695e2ef6ce169,4,1748.0,214.41,4,14.406846064814815,0.5,4,4.25,cachoeiro de itapemirim,ES
4bf658053d453036c70976bccb2c31b2,2,1742.99,81.57,2,24.678402777777777,0.0,2,4.5,sao jose do rio preto,SP
198c7ea11960a9844b544d9bcdca860c,25,1733.75,491.63,25,14.513364814814816,0.08,25,3.88,jacutinga,MG
6ddc28b61be28373b4503a1f61cf98a9,11,1732.9,167.19,11,6.850078914141414,0.09090909090909091,11,4.181818181818182,sao paulo,SP
c5f7feb04a6a1fb3596322bfc3cf1917,11,1720.6,337.86,11,10.024396043771043,0.09090909090909091,11,4.2727272727272725,sao caetano do sul,SP
d3674f271c91f824f82d24d92011f669,20,1718.3,383.52,20,13.77093576388889,0.1,20,4.1,brasilia,DF
a70e9066dbfd10b6b97a3f54a1356762,4,1716.0,311.4,2,18.28829861111111,0.0,2,5.0,mandaguari,PR
8378eb36b6b70c5734e83ad7b8cdc3b7,13,1714.8,241.87,7,16.56947585978836,0.14285714285714285,7,3.857142857142857,itajai,SC
7139dc5186aa238b006e066d8fbab2e4,24,1712.0,535.93,22,14.807957175925928,0.13636363636363635,22,4.0,amparo,SP
656591be56071d4c9ef4e5fee78a578a,11,1702.0,319.2,7,14.808503637566137,0.2857142857142857,7,4.571428571428571,santo andre,SP
6b1c4d4d9ccf0be3d8544eb0e71e5318,1,1699.0,60.04,1,12.218310185185185,0.0,1,5.0,porto alegre,RS
f235413f677777a0738ff215d0184901,3,1696.7,91.64,3,6.278344907407408,0.0,2,3.6666666666666665,bariri,SP
1dfe5347016252a7884b694d4f10f5c4,27,1693.5,436.23,21,18.90822974537037,0.25,20,3.4,ibitinga,SP
731ef20c231d9a7103a425e83fd91271,3,1692.0,505.6,2,12.976006944444446,0.0,2,3.5,lages - sc,SC
f9903dd0f812c7e771fcad47b6fff231,15,1684.8500000000001,416.63,10,13.84778587962963,0.0,10,3.2,blumenau,SC
3935fe5fe0f82787a9dcb8deb62be09d,17,1681.69,419.65999999999997,16,11.26288917824074,0.125,16,4.0,sao paulo,SP
44f091b5abab8018f682fce8124b85e5,6,1680.1,107.60999999999999,6,15.188487654320987,0.6666666666666666,3,2.5,sao paulo,SP
bafc5aa11e413978be29040f51342e70,9,1679.55,149.92,9,13.440901491769546,0.1111111111111111,9,3.7777777777777777,belo horizonte,MG
e64d65bc8dbec2accda90c58de5d1246,12,1678.8000000000002,221.16,12,13.493086419753086,0.25,12,3.0833333333333335,rio claro,SP
0b18d63d0cd1d723567903fd34a07df2,14,1678.1399999999999,265.89,9,7.111788837448559,0.0,9,4.777777777777778,sp,SP
0ac4201fda2c68ebc0e47cb9423cf3c9,14,1676.88,233.99,13,12.64974358974359,0.07692307692307693,13,4.230769230769231,sao paulo,SP
1dc2de47ee26a0a5b12dc14fd6dc0dea,27,1670.3,617.1999999999999,25,14.610499537037038,0.04,25,4.56,ibitinga,SP
77fccaae319668a8ab6cd0fd16aec48c,12,1667.0,221.44,11,9.411440446127946,0.0,11,4.454545454545454,campos dos goytacazes,RJ
7586919161935337bf6b6d7ff5779648,18,1664.71,330.22,11,17.498301767676768,0.18181818181818182,11,3.8181818181818183,rio de janeiro,RJ
5f67c6082caacb26e431a7b17940cece,14,1662.6,208.43,13,22.829244123931623,0.23076923076923078,13,3.5384615384615383,maringa,PR
53b0300ca793f9834cd69c0678d35ee8,10,1662.15,137.31,5,5.94075462962963,0.0,5,5.0,indaiatuba,SP
a1040efe9ff4a6f93c28b0499eada8f5,1,1658.83,34.48,1,17.278831018518517,0.0,1,5.0,jundiai,SP
25cf099de44674fde97473224f9d59ab,50,1654.36,705.19,50,9.392387962962964,0.04,50,4.326530612244898,cotia,SP
df0f42bc4c2142eacf0eaf2cffd0cfbb,16,1654.0,292.45,14,14.022936507936507,0.0,14,4.142857142857143,itajai,SC
b2a6d334e2833acea353624840e25a0e,26,1650.98,387.61,25,10.790025,0.0,25,4.48,sao paulo,SP
26e2c91ef821e1ff8985f408788fe35b,14,1649.4,274.47,12,26.224134837962964,0.4166666666666667,12,3.0,ibitinga,SP
ffc470761de7d0232558ba5e786e57b7,31,1649.01,438.12,28,9.739319272976681,0.037037037037037035,27,4.444444444444445,guarulhos,SP
edc518ba25576a0188a0e8f2c3af186f,8,1647.3899999999999,262.15999999999997,6,6.654861111111111,0.0,6,3.6666666666666665,guarulhos,SP
0887a9f087bcd5d9f6642b52f897fc6c,12,1642.0,220.35,12,14.240796682098766,0.08333333333333333,12,4.416666666666667,cananeia,SP
7a2d2949aea47fab95fd98d6c9f618b1,12,1638.99,211.24,11,10.44878787878788,0.0,11,4.2727272727272725,curitiba,PR
2a6fbeaa7ab9e5d59a35841a8da71ce4,30,1632.79,632.49,30,14.512402777777776,0.06666666666666667,30,3.9310344827586206,jaragua do sul,SC
9b00ed88b7fdb95d6ff76e27c1b52d16,51,1627.88,575.48,47,9.403925372383252,0.06521739130434782,46,4.468085106382978,sao paulo,SP
3092c0b297aacfb4bb6e056ebe13b9b8,21,1623.9,360.09,19,13.21931857638889,0.0,16,3.6315789473684212,aruja,SP
f1ed6bd0a9b11b581f16c851c6a5a527,18,1622.77,373.81,17,20.990234885620914,0.058823529411764705,17,4.470588235294118,porto alegre,RS
15cd6eefe58588619aaed41dfa6621b1,18,1622.74,566.12,16,15.088155381944444,0.0625,16,4.25,ouro preto,MG
b0f2a6122a90a93eb03e68653dd960e3,7,1620.3,137.98,6,7.8698900462962955,0.0,6,4.833333333333333,curitiba,PR
013900e863eace745d3ec7614cab5b1a,26,1619.7,469.67,23,12.19425925925926,0.0,23,4.695652173913044,curitiba,PR
02c988090b766852e088c69d7fb3b551,17,1618.65,218.3,13,9.480911458333333,0.0,12,4.583333333333333,americana,SP
d354c38a7182125a748cb10474fe963b,20,1610.33,315.85,18,13.723873229847493,0.058823529411764705,17,4.294117647058823,aperibe,RJ
8daab2245ebdc277c51098d01c5ad8ef,16,1604.59,284.05,16,10.034896556712964,0.0,16,4.625,sao paulo,SP
427165bf50f8ca07efc7bdc2bfcf1688,5,1603.5,89.4,5,38.565872685185184,0.6,5,3.2,americana,SP
7813ea3ebd9411dc600b4dd01f7a97b9,9,1599.4,146.59,9,13.03318544238683,0.1111111111111111,9,3.888888888888889,osasco,SP
850857dfac77488c307e2b1cbd84ab5a,1,1599.0,39.72,1,2.9255555555555555,0.0,1,5.0,cascavel,PR
8a1ff5c35f6595a73fef4c7b96e4908a,2,1598.0,284.79999999999995,2,10.34066550925926,0.0,2,5.0,sao  jose dos pinhais,PR
081acf3de680d554796c9cf041be7bc2,8,1597.3,205.5,4,15.513223379629629,0.25,4,3.25,vespasiano,MG
41b86b552e54e3a7009596125aa8b167,11,1595.3,234.61,10,13.90882175925926,0.0,10,4.3,sao paulo,SP
8a2d12a90e92f012ce5226fc6592b653,18,1594.6499999999999,338.97,18,9.35801440329218,0.0,18,4.588235294117647,curitiba,PR
39d54ff918774174706fb065d7f9dc07,25,1593.59,363.4,23,13.90331492003367,0.09090909090909091,22,3.9130434782608696,sao paulo,SP
70f84699be677ec988d1fa824aef7d90,5,1588.3,116.14,5,17.529266203703706,0.0,5,4.6,sete lagoas,MG
845e8036c3f7bf62099352f5ed910240,24,1584.6000000000001,460.64,21,7.565779872134039,0.0,21,3.9523809523809526,rio de janeiro,RJ
f3c38ab652836d21de61fb8314b69182,15,1581.0,247.59,15,8.208585648148148,0.0,15,4.266666666666667,sao paulo,SP
134285d1f41da5c13a756ee8142c8a4e,4,1572.6999999999998,80.93,3,8.01778163580247,0.0,3,3.3333333333333335,sao paulo,SP
1660ad786c27fd935378b6192a90b417,13,1570.0,248.28,12,8.986636766975309,0.08333333333333333,12,4.583333333333333,sao bernardo do campo,SP
c4fb51fb1c5b7c07bc5e67be6e7e8f6e,16,1567.9,558.71,15,16.625010030864196,0.13333333333333333,15,3.533333333333333,curitiba,PR
47648caee88ccfe951fbb27fbf7b4cbe,3,1564.99,68.0,3,13.720875771604938,0.3333333333333333,3,3.6666666666666665,diadema,SP
8b87cd0d43d49b9bdf40f56229364d59,5,1552.9,301.0,5,15.342019675925926,0.0,2,2.6,sao paulo,SP
817f85dbb65aa3e70831d90fe75cdf89,11,1552.27,231.62,11,18.119800084175083,0.0,11,4.545454545454546,tiete,SP
0eaa7e33d73809f1f925f7d07c506cbd,15,1552.0,194.9,15,5.903765432098766,0.0,15,4.714285714285714,santo andre,SP
3785b653b1b82de85ab47dd139938091,24,1552.0,481.27,21,11.928460648148148,0.0,21,4.714285714285714,ampere,PR
fe701d88b67eaca109dffd464d1be9f9,11,1548.9,239.04,11,12.424614583333334,0.1,10,4.0,marica,RJ
78a4d36f65a019172c6154468831a69f,7,1545.5,223.4,7,15.5092791005291,0.14285714285714285,7,4.285714285714286,bauru,SP
49cdc90518a4f82676b38b3c1aa43ff6,5,1539.5,82.61,5,5.732277777777777,0.0,5,3.8,sao paulo,SP
06bb3a2fe5e7b7a845b13e8fb91bd944,18,1536.19,326.14,17,8.82025258714597,0.0,17,4.588235294117647,belo horizonte,MG
cbf09e831b0c11f6f23ffb51004db972,10,1535.2,280.2,10,5.281611111111111,0.0,10,4.4,sbc/sp,SP
3a490ba60afa30ece0e7d50cfe74a4f0,8,1529.2,165.87,8,11.933512731481482,0.0,8,4.625,belo horizonte,MG
5bf397d04035b5f45cc41e82ec106803,4,1525.0,47.28,3,4.018661265432098,0.0,3,4.333333333333333,sao paulo,SP
3586b8580d9c917874e053a1bb37b5ff,43,1524.7,827.65,36,13.619744727366255,0.027777777777777776,36,4.416666666666667,araraquara,SP
01bcc9d254a0143f0ce9791b960b2a47,11,1521.21,277.65999999999997,11,12.787733796296298,0.0,10,4.4,uruacu,GO
1ca4bdb0cd7fc48e949bac066188ed26,4,1520.0,443.08,4,14.298279320987655,0.3333333333333333,3,4.5,cataguases,MG
a7c88262832dfc683781d6a421edefae,5,1520.0,82.42,5,11.176726851851852,0.0,5,4.2,mogi das cruzes,SP
5b97c06a046398e7005b2b7c0d707a92,4,1519.96,249.63,4,26.17675925925926,0.3333333333333333,3,3.25,joao pinheiro,MG
866558b3bccef2dbc6d29a2b5995016f,6,1519.3999999999999,351.35,5,11.550611111111111,0.0,5,4.8,arapongas,PR
094ced053e257ae8cae57205592d6712,19,1519.2,459.03,19,12.158787158869396,0.0,19,4.052631578947368,ribeirao preto,SP
2a61c271b1ac763450d846849783e922,23,1516.76,496.37,18,19.237509002057614,0.2222222222222222,18,4.055555555555555,santo andre,SP
1dd33b8119b3cb1056ed5dc88cd0aaf4,8,1513.0,128.74,8,10.906626157407407,0.125,8,3.75,sao paulo,SP
a23266650e7c84bb93fbbba502137478,16,1512.4,279.04,11,11.293031355218856,0.0,11,3.8181818181818183,porto alegre,RS
6eb94e1466490d327a09abf8f3552a50,10,1511.95,237.82,10,8.174558899176954,0.0,9,4.444444444444445,jundiai,SP
9b522ba7eae9e1d04082f267144583cc,6,1507.6,148.05,4,40.17655092592592,0.3333333333333333,3,4.25,sao paulo,SP
b33aaadd1a8891d2dfef0c4c3bdf0371,17,1504.0,359.04,16,14.021278211805555,0.125,16,3.9375,limeira,SP
714b9a1332840f257b49f476bea4e341,6,1499.94,158.15,6,32.30243055555556,0.3333333333333333,6,3.3333333333333335,monte alto,SP
9a03a4e9eb0b947652fae4f6121a3f5e,7,1497.0,185.22,7,13.86299107142857,0.0,7,3.857142857142857,catanduva,SP
02dcd3e8e25bee036e32512bcf175493,17,1491.9,312.17,14,17.089043803418804,0.3076923076923077,13,3.857142857142857,contagem,MG
c7b7db6c8f3c64a7cc1afa634db21d50,1,1489.0,22.86,1,33.21452546296296,1.0,1,1.0,sao paulo,SP
431050a06a317f2b38168dec3dcd2b46,12,1487.8,233.15,12,8.922488425925925,0.0,10,4.25,sao paulo,SP
659e8466eb3ff1b0e8740d74fb7bbedd,14,1486.8,393.2,11,9.260814393939393,0.0,11,4.363636363636363,eunapolis,BA
b6e1504972665f739dec4facb9943775,14,1484.48,225.89,14,11.147410714285714,0.07142857142857142,14,4.357142857142857,piracicaba,SP
9da1ca0bef29ee170e541927a5aeabdc,6,1484.3999999999999,127.63,6,16.803595679012343,0.16666666666666666,6,3.0,votuporanga,SP
52f0fe436a347ddad7ed5f9aa4e27eaa,23,1484.3700000000001,476.53,21,14.941714790448342,0.10526315789473684,19,3.5238095238095237,sao paulo,SP
f918546be4bec7104d117789ba758b2b,23,1483.0,347.15,20,12.358811921296297,0.15,20,3.85,sao paulo,SP
6806dad1da97bfb5a9038eac6881f706,14,1477.0,306.26,10,16.814755787037036,0.0,10,4.1,guaratuba,PR
4d232b78ab7ef10393dc3807d827bc0d,5,1475.0,214.99,5,6.1659699074074075,0.0,5,4.4,belo horizonte,MG
e256a62e0ac58c0edfba09966142d561,14,1474.1100000000001,335.44,12,7.894560185185185,0.0,12,4.416666666666667,curitiba,PR
5e105f5c9f63f5f1fd75d6cb942e55b1,8,1471.9,273.83,8,9.292110821759259,0.0,8,4.5,sao jose do rio preto,SP
e7f3bf1ecd8526eb7f3b18059e6716e5,19,1471.54,276.15,18,8.975147739651415,0.0,17,4.555555555555555,ubatuba,SP
d1ef48b38baca7e831711c4a0aeb398f,35,1469.1200000000001,675.5699999999999,29,9.90965484457672,0.07142857142857142,28,4.448275862068965,apucarana,PR
7ecd59e5e20407131822c1a68ac59c1f,29,1466.71,587.8100000000001,24,17.207231385030862,0.125,24,4.416666666666667,brasilia,DF
01ed254b9ff8407dfb9d99ba1e17d923,5,1465.99,67.72,5,6.675569444444444,0.0,5,5.0,mogi das cruzes,SP
4ba52dfeba874da5b9ee7b17c7494f04,11,1463.0,204.91,11,10.621666666666668,0.09090909090909091,11,4.363636363636363,mogi das cruzes,SP
1284de4ae8aa26997e748c851557cf0e,3,1459.97,86.86999999999999,3,19.269425154320988,0.0,3,2.6666666666666665,laranjeiras do sul,SP
5145090ab595c0d0b8557199f5701fbf,4,1459.6,197.85,4,15.680384837962961,0.0,4,4.25,curitiba,PR
97512d3fc193b2d1dfcdba0f9d1f0f8a,13,1458.8700000000001,341.55,12,8.47090374228395,0.08333333333333333,12,4.25,sao paulo,SP
d7827b2af99326a03b0ed9c7a24db0d3,1,1455.0,101.7,1,13.849085648148149,0.0,1,5.0,londrina,SP
a414555ce331b8c8aea4a9cb8395194d,8,1450.95,242.64,7,6.988583002645503,0.0,7,3.3333333333333335,sao paulo,SP
0ad80de75c811326389cfb1daba7d45e,6,1449.3999999999999,115.32,6,8.998383487654321,0.0,6,5.0,rio de janeiro,RJ
2dcf93836ae3ce0d7c93e2f10876467a,12,1443.8,178.64,9,6.496018518518518,0.2222222222222222,9,4.111111111111111,sao jose dos campos,SP
dace965ca58120f92f8d742a9fa1864b,8,1442.0,131.77,8,8.051372974537037,0.0,8,4.625,sao paulo,SP
66fd84ee7528c0c0de85d0f44a73d5ab,21,1438.11,453.19,11,15.406205808080808,0.09090909090909091,11,3.3636363636363638,campina das missoes,RS
5b0cc932433fa5184b5b94bfe6bcc256,17,1437.8,556.29,12,11.838533950617284,0.25,12,3.5833333333333335,ibitinga,SP
3771c85bac139d2344864ede5d9341e3,30,1433.3,408.96,26,13.25759659900285,0.11538461538461539,26,3.8461538461538463,sorocaba,SP
ec933281fb017b5020d06df29c3f77e8,8,1432.0,230.85,8,9.476841724537037,0.0,8,5.0,sao paulo,SP
c5f7e746b7e6d07def6c0dae9903279b,11,1429.0,229.92000000000002,10,5.686640046296296,0.0,10,4.4,curitiba,PR
0aea4c6ae1505b3228ddf3dd7822ee5b,8,1427.91,151.75,8,18.434872685185184,0.25,8,3.875,sorocaba,SP
ffff564a4f9085cd26170f4732393726,20,1426.3,344.56,20,12.49623263888889,0.0,8,2.1,campinas,SP
d9a84e1403de8da0c3aa531d6d108ba6,59,1425.2,732.14,54,7.519655616701606,0.05660377358490566,53,4.518518518518518,sao paulo,SP
adcf50477d6a1f5d91bb9d54c4903cb5,38,1425.14,798.66,19,23.489960214120373,0.1875,16,3.263157894736842,claudio,MG
f5f46307a4d15880ca14fab4ad9dfc9b,10,1422.94,231.38,9,13.349134516460905,0.1111111111111111,9,4.111111111111111,rio do sul,SC
89c127985a8b130cfa45c1d36764017a,7,1419.5700000000002,120.63,7,10.99207561728395,0.0,6,3.0,osasco,SP
0b0ddbc7b9d9584f442c7ac92b0ff6c9,3,1416.76,133.88,3,11.944313271604939,0.0,3,4.666666666666667,guarulhos,SP
010543a62bd80aa422851e79a3bc7540,2,1416.0,31.950000000000003,2,9.085081018518519,0.0,2,4.5,sao paulo,SP
17eea220a40cc0d2c0c5346379682398,4,1414.98,98.01,4,25.364583333333332,0.6666666666666666,3,3.75,sao paulo,SP
af3ef48d0e13835e529c29ac573c63e5,21,1405.63,467.5,21,7.9285300925925934,0.047619047619047616,21,3.761904761904762,araraquara,SP
921323538c9f1c4e816f2720eac02bea,17,1401.84,240.36,15,8.533717592592591,0.2,15,3.933333333333333,sao paulo,SP
8ff1a9df749e454105c55cda13e79143,14,1400.6000000000001,277.21,13,12.501949786324786,0.0,13,3.727272727272727,marilia,SP
d4ffeb15b67e81ff9af2b4252d99fb7e,12,1400.4,324.40999999999997,11,9.353339646464645,0.0,11,4.3,atibaia,SP
04843805947f0fc584fc1969b6e50fe7,2,1400.0,74.76,1,15.037071759259259,0.0,1,5.0,ivoti,RS
d4e12e7884759a14fa0f5f896c791cae,32,1400.0,439.67,29,8.422430954661557,0.06896551724137931,29,4.620689655172414,sao paulo,SP
b8114f2f589a6804810f04f99b36b498,11,1399.62,292.41,8,4.987507233796296,0.0,8,4.75,sao bernardo do campo,SP
2e1a7d075abe038c1b2743005fe42ff1,23,1396.7,353.85,19,12.493050411522635,0.16666666666666666,18,4.052631578947368,sao paulo,SP
8e2b3afb420011ef0c88c9d5f11ea526,11,1384.5,147.93,11,10.559795875420875,0.09090909090909091,11,4.2727272727272725,campinas,SP
863d2ebcd347ce4922de7a0f9a5581d6,19,1382.36,308.81,18,11.506793981481481,0.11764705882352941,17,3.888888888888889,rio de janeiro,RJ
81336a0f57a33776419727a300249e90,19,1374.8500000000001,296.03,16,17.475448302469136,0.13333333333333333,15,3.875,sao carlos,SP
88cf19ec1fc2c58f161aee259d57142c,14,1372.97,234.71,14,6.444143518518518,0.0,14,4.5,sao carlos,SP
8185694b58b2ba6de20fd41ae608bbea,8,1372.3,230.26999999999998,8,11.058253761574074,0.0,8,4.5,tabao da serra,SP
985c92cc412091f8529c12d7f23d3fef,12,1368.5,238.13,12,7.550009645061729,0.0,12,4.75,sao joao del rei,MG
0bebbb2cea103a4a020c95d43fd7d754,9,1367.2,147.14000000000001,9,5.9149704218106995,0.0,9,4.888888888888889,sao paulo,SP
556a6409838156ea299c9d1f9e2dde43,4,1362.8,86.84,4,7.399207175925927,0.0,4,3.25,curitiba,PR
36890be00bbfc1cdb9a4a38a6af05a69,13,1361.3,239.57999999999998,13,9.416596331908831,0.15384615384615385,13,4.230769230769231,osasco,SP
5a425cc503b39b262a847fd6212bf53b,15,1360.5900000000001,269.51,15,6.823572255291006,0.07142857142857142,14,4.214285714285714,londrina,PR
a36ac007a4d18f865c8d32c3b2402c2d,9,1359.7800000000002,177.19,9,9.652709780092593,0.0,8,2.5555555555555554,barueri,SP
091065b789659bc3cd9af9cb3a6253ff,2,1359.0,85.37,2,11.264837962962964,0.0,2,3.5,canoas,RS
2f73e04d12cdf0c945ded66bb3fcf6c7,3,1359.0,101.85,3,13.595486111111109,0.0,3,3.3333333333333335,cachoeiro de itapemirim,ES
42ef3192a9ff87a22d1867b74b3ee205,23,1354.0900000000001,301.88,23,9.308129528985507,0.0,23,4.6521739130434785,santo andre,SP
9f50216bfd01913736a55a11b55ea842,19,1354.0,317.1,17,10.244364787581699,0.11764705882352941,17,4.411764705882353,taubate,SP
04e38a233f726ef161074ab1c9b0399a,28,1352.2,459.07,23,11.993331505847953,0.05263157894736842,19,3.652173913043478,sao paulo,SP
b9a03475e6447e631b6799ec8274800f,11,1349.1,294.98,10,10.848541666666666,0.0,10,4.2,formosa do oeste,PR
e439f7176d763f92de325271111b2fd5,7,1348.4,235.62,7,9.92680362654321,0.0,6,5.0,joinville,SC
c3ee2331a724e6fc02c4b698b57a73f3,3,1347.0,140.88,2,6.262175925925925,0.0,2,3.0,sao paulo,SP
7e26c750b4cb9f6766f58265ff9ebe95,27,1344.3,388.88,23,9.22936191626409,0.0,23,4.434782608695652,belo horizonte,MG
20b54c376b794ed028df09a3cd88e8dc,11,1342.95,163.6,11,21.161888227513227,0.2857142857142857,7,3.0,sao caetano do sul,SP
b43d8b707f887a30f4675391098354a0,4,1342.0,184.76,3,24.6128125,0.3333333333333333,3,3.0,ipira,SP
186cdd1b2df32caa72cfb410bba768d3,6,1341.45,268.28000000000003,6,8.898485725308642,0.0,6,5.0,rio negrinho,SC
8ea394aed8138685abe1eb9f25e1021d,2,1340.0,77.6,2,11.29025462962963,0.0,2,4.0,sorocaba,SP
ecccfa2bb93b34a3bf033cc5d1dcdc69,19,1338.64,262.71,15,32.11982735339506,0.16666666666666666,12,2.5714285714285716,curitiba,PR
7357b52d27cbaa90f81a96cbc1279396,12,1328.02,217.81,12,9.850832368827161,0.08333333333333333,12,4.333333333333333,lagoa santa,MG
058cb5aeb36d7c0fcae20fc85d5e0a59,13,1328.0,779.42,12,10.088812079124578,0.09090909090909091,11,3.5833333333333335,rio de janeiro,RJ
3faf68a3b0af94b10bac70d86077be49,7,1322.93,119.16,7,16.159052579365078,0.0,7,4.571428571428571,holambra,SP
5d9f3746e112e696f98ea22c56b3e912,1,1322.64,47.77,1,7.0696875,0.0,1,5.0,sao paulo,SP
d2e753bb80b7d4faa77483ed00edc8ca,15,1320.7,454.24,14,12.98053902116402,0.07142857142857142,14,3.7142857142857144,porto seguro,BA
718539d38d07dd351c76db862760e2e2,45,1318.9,659.05,37,8.635720899470899,0.0,35,4.4324324324324325,campinas,SP
2bd05d410a8fd26dc4184a15f4f2f588,7,1316.73,198.54,6,10.176797839506174,0.0,6,5.0,belo horizonte,MG
5151aea44289d6c6b090ee31c2132508,7,1315.3,167.17,7,17.37599537037037,0.0,7,1.8333333333333333,marilia,SP
3f8034bfc6b8b4135534975d49f04c63,16,1313.9,280.61,12,10.890319865319865,0.0,11,3.75,curitiba,PR
4eb61f060e7dcc1d5a80d806c35cc541,8,1313.0,153.12,8,6.202073206018518,0.0,8,3.875,sao paulo,SP
c794dab4928dd97beb41d05514441e86,16,1312.3999999999999,232.19,16,13.794497974537038,0.125,16,4.375,artur nogueira,SP
f4a04f7be452aa3bb31760bf00055dd0,18,1312.1,241.85,18,9.141429398148148,0.0,18,4.666666666666667,santo andre,SP
e63e8bfa530fb16910dd6956e592bb81,43,1311.7,667.47,42,9.379565548780487,0.04878048780487805,41,4.238095238095238,guarulhos,SP
626ab1cd96932367f0eeec2e47046c12,3,1310.0,80.47,3,7.193283179012345,0.0,3,4.666666666666667,sao paulo,SP
7f40d06aa0b5f1aa4f41af8c0480e2ef,6,1309.94,125.67999999999999,6,4.130244984567901,0.0,6,4.833333333333333,rio claro,SP
9a1aea68d3efa00862ec88c0768037d0,8,1309.2,192.51,7,13.021289682539683,0.0,7,4.428571428571429,catanduva,SP
0e982cff76cc0579f632cea8a0e38c9d,12,1307.34,172.97,7,8.62933449074074,0.0,6,4.0,itajai,SC
a13580f0e8f782b7a543885a0ef99f08,10,1304.9,258.78,10,25.04871990740741,0.2,10,4.4,rio de janeiro,RJ
4dbd95a08b31ede5c82d3f861cb1ce1a,6,1304.67,189.36,6,12.341614583333333,0.0,4,3.5,curitiba,PR
83b08de96980757220871b31bf6cffca,7,1304.17,454.21,5,13.858328703703702,0.2,5,4.0,rio de janeiro,RJ
542917da124346b47ea1ac79a93ce454,20,1303.9,363.18,20,11.576402777777778,0.05,20,4.15,curitiba,PR
90d4125885ab6c86e8820a722be71974,5,1299.5500000000002,43.4,3,,,0,1.0,taboao da serra,SP
45a3d05fb00435e52a28859dd03703b3,1,1299.0,24.79,1,25.719780092592593,0.0,1,5.0,guarulhos,SP
56e361f411e38dcef17cdc2a3d99628b,10,1298.0,1857.7600000000002,5,10.307650462962963,0.2,5,4.0,guarulhos,SP
d101c6da914ae3d53f7bee42283f2fe2,16,1297.4,260.15,13,13.331282941595443,0.07692307692307693,13,3.6153846153846154,sao paulo,SP
10ff823eda2b032e2c93d17a7d294736,9,1294.97,164.56,9,9.76951244212963,0.0,8,3.888888888888889,pederneiras,SP
51ed72984a04e5dd35c2b27e77179038,7,1294.3,198.93,7,16.578348214285715,0.14285714285714285,7,3.5714285714285716,sao jose do rio preto,SP
f08c008c8a8d31417763738a1788a2a8,23,1291.72,422.96999999999997,22,19.362635416666667,0.15,20,3.1904761904761907,santa terezinha de itaipu,PR
b9ca8e8baa5d4aa038394a700f63e69f,14,1289.77,388.18,14,9.672949735449736,0.07142857142857142,14,4.214285714285714,sao paulo,SP
25e47381a6c510ddeb36084e33b89f0c,17,1289.6000000000001,282.11,16,10.001467013888888,0.0,16,4.25,praia grande,SP
141440cad9341e553f8401c574a2aa38,12,1288.2,290.8,11,6.661177398989898,0.0,11,4.454545454545454,pitanga,PR
bc07d855eac23aab5ac8a120f21d16b2,13,1283.1100000000001,213.07,12,13.383661616161616,0.18181818181818182,11,4.166666666666667,mogi das cruzes,SP
e3d3b3efac954a60d61be70b7e05b49b,3,1282.05,123.78,3,11.115142746913582,0.0,3,4.333333333333333,sao paulo,SP
4eeb99008a0f59d2c7759c59f9a346eb,2,1282.0,38.95,2,7.6647337962962965,0.0,2,4.5,embu das artes,SP
269cff2d3c8d205c11f37a52402ea93b,5,1281.59,133.41,4,7.12845775462963,0.0,4,4.5,catanduva,SP
a478c7961d6a992065b24e63b366f90b,9,1281.5,170.06,8,9.856011284722221,0.0,8,4.875,blumenau,SC
5795aebfe331fbcd02a2c4b679fb7952,6,1280.0,156.09,6,12.203221450617285,0.0,6,3.8333333333333335,palhoca,SC
fec8cd45395b3cb0c2b173d7739706a1,4,1280.0,96.94,4,10.44833912037037,0.0,4,3.75,jambeiro,SP
2709af9587499e95e803a6498a5a56e9,47,1279.56,579.46,26,11.049499537037036,0.12,25,3.84,sao paulo,SP
1dcfa3835714681d4ba4a93bc1e0fd41,15,1278.5,323.6,13,15.07900848765432,0.0,12,4.0,birigui,SP
bb5d956dece964a06c12bceb66b923ae,2,1278.36,50.14,2,10.383778935185186,0.0,2,5.0,rio de janeiro,RJ
128f9bfbe4c7d5185033914b1de3d39a,16,1277.29,373.2,14,11.82590811965812,0.07692307692307693,13,4.714285714285714,atibaia,SP
52f9db5cfb423382a2fa5c9e39303202,23,1269.77,358.77,22,10.174080687830687,0.0,21,4.136363636363637,echapora,SP
c8c1bea22194a4eefa2dc9a9fa89f536,13,1266.0,292.73,7,8.498819444444445,0.0,7,5.0,porto belo,SC
2646baaf662d4d92ac48f047e35db92d,18,1263.05,286.34,15,5.729047067901234,0.06666666666666667,15,4.466666666666667,sao paulo,SP
9ed65337433adfbedefd23dd76eaa494,6,1262.6,81.05,6,7.400858410493828,0.0,6,4.833333333333333,sao paulo,SP
da7039f29f90ce5b4846ffc0fcc93beb,18,1259.1,244.45000000000002,17,9.274008033769062,0.058823529411764705,17,4.529411764705882,santo andre,SP
9140bd1d9de28b197dce077bdd687438,8,1258.87,184.06,6,6.242758487654321,0.0,6,4.166666666666667,amparo,SP
8a9260f2b0340411d6d2a56bcf4f7378,9,1256.0,140.94,8,10.00283130787037,0.0,8,4.75,contagem,MG
b8578d2d823bd8e251f6fdd02b40902d,9,1255.6,244.0,9,9.916325874485597,0.0,9,4.444444444444445,blumenau,SC
4cf490a58259286ada5ba8525ba9e84a,8,1254.2,155.19,8,24.765550595238096,0.0,7,3.125,tabatinga,SP
734def04b237117a09321dd6d8f3f2a2,2,1252.43,28.8,2,2.288153935185185,0.0,2,5.0,araras,SP
402916f742e5c740cc751493d9cf5053,10,1252.0,226.43,9,6.386786265432098,0.0,9,4.666666666666667,guanhaes,MG
b5abf4f36adc043117b4fca82c22984c,12,1247.8,283.99,11,19.701410590277778,0.25,8,2.5454545454545454,brasilia,DF
30a81d8cf85fb2ada1b1b094c9583a95,20,1245.42,168.1,17,4.290115740740741,0.0,17,4.823529411764706,sao paulo,SP
3fac58ce0ad699020c7944d53c41329c,16,1244.95,183.02,10,4.886935185185186,0.0,10,4.4,sao paulo,SP
671585f5a2af58b6e276bc01003c0d2b,27,1244.0,448.11,27,5.58787122770919,0.0,27,4.703703703703703,curitiba,PR
5d76d80a2f5f39c891b996a1bf4c9853,6,1238.5,171.25,6,10.233966049382715,0.0,6,4.833333333333333,sao paulo,SP
67225bff54a172ff67579aaf583efd78,8,1238.0,155.10999999999999,8,13.427086226851852,0.0,8,4.5,marechal candido rondon,PA
002100f778ceb8431b7a1020ff7ab48f,55,1234.5,793.66,51,16.386808796296297,0.18,50,3.9019607843137254,franca,SP
4fb41dff7c50136976d1a5cf004a42e2,3,1230.0,66.77,3,66.75465663580248,0.3333333333333333,3,4.0,feira de santana,BA
7daca0837f033a41a6f3428c18657533,7,1228.98,168.16,7,14.333244047619049,0.2857142857142857,7,3.5714285714285716,tanabi,SP
0afccdb8a34ee5c79f7c06faf2b4d56e,25,1225.5,388.28,25,13.473533468364197,0.08333333333333333,24,4.041666666666667,uberlandia,MG
2d518637f53161b973e01f56ea4bb88e,13,1219.8899999999999,319.81,13,13.663798967236467,0.0,13,4.923076923076923,sao paulo,SP
9c4d31c7e46ab03a43fc06e3142afd4e,2,1218.9,43.82000000000001,2,6.894334490740741,0.0,2,4.5,rio de janeiro,RJ
7a425d299613df3e613bcf9d2eaf5c49,18,1218.8,286.67,18,11.79452996399177,0.05555555555555555,18,4.111111111111111,rio de janeiro,RJ
2cb6eb1b7185064167657fa09f541105,7,1217.9,164.78,6,8.200736882716049,0.0,6,4.333333333333333,sabara,MG
093805f8f2aeb63881444571e1f48f30,27,1215.79,343.94,22,8.274672243265995,0.045454545454545456,22,4.181818181818182,osasco,SP
f9d010e39375d9c91dce3f40b73a2f84,5,1212.0,138.14,4,17.3491087962963,0.25,4,3.5,lorena,SP
57c764b4a836300be881e2ff86e449f9,30,1211.0,470.11,29,15.405973875661376,0.14285714285714285,28,4.142857142857143,ribeirao preto,SP
788e857f317e53de488d393e65a80f45,11,1210.0,184.95000000000002,11,7.407333754208754,0.0,11,4.909090909090909,sao paulo,SP
6426d21aca402a131fc0a5d0960a3c90,23,1209.64,384.18,23,10.963011272141706,0.0,23,4.173913043478261,ribeirao preto,SP
01fd077212124329bac32490e8ef80d9,39,1208.0,575.36,31,8.150532407407407,0.03225806451612903,31,4.161290322580645,ribeirao preto / sao paulo,SP
b566ab0ef88016e00422755e305103c6,5,1208.0,220.21999999999997,5,13.048136574074073,0.2,5,3.2,extrema,MG
7238f877570096ae403c51898fa64566,3,1200.0,49.519999999999996,3,8.923016975308643,0.0,3,5.0,santana de parnaiba,SP
f0563bacf40c311f1c4d3d6b67b8a7a7,1,1199.0,28.78,1,,,0,1.0,tubarao,SC
6bef34c5be6f2bbd70aa5165f6df94b1,2,1198.0,132.88,2,16.186406249999997,0.0,2,2.0,timbo,SC
11fb6f6d341adbe19e81733701704635,3,1197.0,399.65999999999997,3,5.362199074074074,0.0,3,5.0,sao paulo,SP
a20d8058c866dbaeca014d2cd20ac62e,2,1194.0,44.9,2,23.55626736111111,0.0,2,5.0,sao jose dos campos,SP
d8c7ba53e7e38711eaef8c2849d6d2e1,22,1190.87,597.47,22,8.109704335016835,0.0,22,4.5,floresta,PR
700f03c207639c22d933381ff60b35c2,4,1189.8600000000001,136.45,4,29.76735821759259,0.5,4,4.0,barretos,SP
c0098efcf800861dcae589affca31408,9,1189.28,187.46,9,11.417037037037037,0.0,9,4.777777777777778,ribeirao preto,SP
1710c3aaa9c6b44ec3883ee0fe300e21,2,1188.9,37.650000000000006,2,6.127557870370371,0.0,2,5.0,sao caetano do sul,SP
e504a4e2efaa45cbff7e268a2c58c956,12,1188.8000000000002,275.26,11,12.945398148148149,0.3,10,3.5454545454545454,sao pedro,SP
c273175f7c6c80fb02f051e2fc6d0d72,14,1188.23,255.22,14,10.586340112433861,0.07142857142857142,14,3.7857142857142856,sao paulo,SP
439a47cc365d6e3bd526812ea9de3c29,13,1186.5,224.43,8,7.241585648148148,0.0,8,4.25,mogi das cruzes,SP
a5259c149128e82c9d6d46e0c1c812bb,8,1182.26,438.87,8,19.34989728009259,0.0,8,3.875,ji parana,RO
7ff588a03c2aeae4fbd23f9ae64b760d,16,1182.2,221.18,14,4.787471064814815,0.0,14,4.642857142857143,guarulhos,SP
ec4608a1f76453166bb312b2968aeaf4,35,1181.75,939.61,18,15.286932189542483,0.17647058823529413,17,3.1666666666666665,porto ferreira,SP
725af026f869236a8dd0ceb98564d156,8,1177.71,184.95999999999998,7,13.673094907407409,0.0,5,3.4285714285714284,claudio,MG
327b89b872c14d1c0be7235ef4871685,3,1177.0,81.8,3,47.8408024691358,0.3333333333333333,3,2.3333333333333335,manaus,AM
b1aaae6b66ad3c40f54b389d7ea4bee0,17,1176.5,392.74,15,8.024413580246913,0.0,15,4.4,sao paulo,SP
dbec9a0a7efeff029d4d9dce7dc4cc95,3,1170.0,118.59,3,11.927997685185185,0.0,3,4.0,belo horizonte,MG
f1b854361f4e15d5851b494df66f22b2,4,1168.8,306.44,3,7.4041396604938265,0.0,3,3.3333333333333335,rio de janeiro,RJ
8629c241b3622ac12cd4118afdc8d394,13,1167.66,334.36,13,15.116361289173788,0.07692307692307693,13,4.076923076923077,ribeirao preto,SP
a425f92c199eb576938df686728acd20,19,1165.8,308.95,17,17.149074074074075,0.0,16,4.294117647058823,curitiba,PR
5ee7fd217d08dfe5d3e2f51f96a12c9a,9,1165.5,269.68,9,16.85798739711934,0.2222222222222222,9,3.4444444444444446,vargem grande do sul,SP
c8e135e7b21ecbc36c1153a29d2f5a06,7,1165.5,101.98,7,8.14822585978836,0.0,7,4.857142857142857,sao paulo,SP
5f3ae9136c875522250f8184f253413a,46,1158.0,615.76,43,7.8619786155202815,0.047619047619047616,42,4.642857142857143,sao paulo,SP
d1c7fa84e48cfa21a0e595167c1c500e,12,1156.03,321.35,12,11.879826388888889,0.0,12,4.333333333333333,jacutinga,RS
d1b9d4be4b6f9ebd85f8acd6745ba612,11,1154.35,194.18,11,10.813234427609428,0.0,11,4.181818181818182,nova lima,MG
2d378dbb39815785238c0139c7647fb7,2,1154.0,300.44,2,19.639346064814816,0.0,2,5.0,sao francisco do sul,SC
432c67955c0acd1fd6b0b5d678766a71,3,1151.0,137.41,3,6.682824074074074,0.0,1,2.3333333333333335,sao paulo,SP
c35672b10ad50968f567ea3f4b91e877,22,1150.57,364.78,18,11.607548868312756,0.05555555555555555,18,4.5,mesquita,RJ
5fd924b4836098a5be0ecf81ba054ce0,8,1148.8,135.54,7,7.985335648148149,0.0,7,4.0,sao paulo,SP
1d2732ef8321502ee8488e8bed1ab8cd,5,1148.0,80.18,4,12.174519675925927,0.25,4,3.0,rio de janeiro,RJ
d4910f1cdcfdabd48d6b316e395d4a23,12,1146.88,215.04,11,6.125251473063972,0.0,11,4.909090909090909,santo andre,SP
10089e9f2fd0c668a8fd4e52e1698888,3,1139.9,59.41,3,7.632048611111112,0.0,3,4.333333333333333,sao jose do rio preto,SP
5f26c1408a65b42a7224cd463bdf3292,10,1139.8,217.29,10,6.427893518518519,0.0,10,4.8,arapongas,PR
6562efe88ce0826a4ca4f189f03b4b84,21,1135.8999999999999,300.31,9,17.81350115740741,0.125,8,3.7777777777777777,maringa,PR
6b89abe95848c850399130d149a39b63,8,1135.2,330.53,8,11.262706886574074,0.0,8,4.375,piracanjuba,GO
5b07547f10dd980738a1a27f685af669,14,1134.6000000000001,185.47,13,6.257921118233619,0.15384615384615385,13,4.461538461538462,guarulhos,SP
75fbb52eda0cbc24f479d3b2fbfa8d3e,43,1130.99,943.52,40,13.753061342592593,0.05263157894736842,38,4.358974358974359,goiania,GO
9485a23c0430ba1d58d359391606fce6,5,1129.9,65.25,5,13.413342013888888,0.25,4,3.2,santo andre,SP
713e3a23ca5e47786eb6f0d99f94cfac,4,1126.0,87.03,4,10.095622106481482,0.0,4,4.75,curitiba,PR
138dbe45fc62f1e244378131a6801526,58,1125.56,689.24,49,6.5323514266817835,0.02040816326530612,49,4.081632653061225,sao paulo,SP
9bc484c87d79cd4874e05ca182658045,9,1120.0,149.87,9,13.12238425925926,0.125,8,4.0,sao paulo,SP
c878515173c84a492ebe50d6b493230b,10,1118.84,189.2,9,16.798422067901235,0.2222222222222222,9,4.111111111111111,itaipulandia,PR
cda598c48d7c614bc1cad7d8ff6f0010,18,1118.6000000000001,301.6,17,7.950499046840959,0.0,17,4.0588235294117645,mirassol,SP
365e445f796710c3431557e85caa25db,5,1115.0,79.3,4,8.38683449074074,0.0,4,4.5,sao paulo,SP
1b65c144b17e607c0f37f10bb7dfec8d,5,1109.5,144.85,5,8.770837962962963,0.0,5,2.0,rio do sul,SC
b586cd24c010a13916af621b0325fbba,7,1108.94,263.99,6,5.270991512345678,0.0,6,3.8333333333333335,rio do sul,SC
6c6cc59a5c00cacc5054ca06d65cc282,1,1107.0,148.71,1,9.252847222222222,0.0,1,5.0,santa maria,RS
abc015ebac1d283a323ca9db35ede4b9,13,1106.8,222.85000000000002,12,10.813035300925925,0.0,12,4.416666666666667,ribeirao preto,SP
457fe919b032a3f7dadba6fb92cf7855,12,1104.89,141.22,9,5.505036008230452,0.0,9,4.777777777777778,paulinia,SP
596849622429351f47b32e6cae1055ff,14,1104.7,160.49,14,5.483386752136752,0.0,13,4.0,mogi das cruses,SP
48328ec9a579151d9cc6a86d4a59336c,1,1099.0,97.78,1,21.226134259259258,0.0,1,2.0,canoas,RS
c88f62b4c386a59281014d677864d016,1,1099.0,251.5,1,,,0,1.0,arapongas,PR
4b39558c138930b9e5489c93b6df5fe3,5,1096.7,132.4,4,12.827239583333334,0.0,4,4.5,aracaju,SE
b55638ad525e906c698fa2ce742c1742,12,1094.8,290.87,11,23.431376262626262,0.18181818181818182,11,4.181818181818182,imbituba,SC
119d1aef1b4144adba89163f6cd9f5d4,4,1094.0,204.24,4,4.477740162037037,0.0,4,4.75,pedreira,SP
8b655f0855926bcb49f5835d38dfddf6,5,1089.5,73.31,5,5.609800925925926,0.0,5,4.8,osasco,SP
f205b1a3ca9a34e0f8a228bae6e4c7b3,8,1088.0,396.9,8,8.596142939814815,0.0,8,4.875,cachoeirinha,RS
76ea5315acb3f5f7ade3cd261faf922a,15,1087.06,224.02,15,8.683984567901234,0.06666666666666667,15,4.266666666666667,sao paulo,SP
fe87f472055fbcf1d7e691c00b1560dc,6,1085.8,130.16,6,6.001875000000001,0.16666666666666666,6,4.5,campinas,SP
e48cc16ab70bfa09e1401740dce0b3d7,17,1084.83,326.3,14,14.687196593915344,0.0,14,3.5714285714285716,aracatuba,SP
39f776d2974049026ff531fc42ef2a3e,4,1084.04,90.37,3,16.382831790123458,0.0,3,3.6666666666666665,goiania,GO
71dc18fd8cbf5fd77f45dd8b427abb34,9,1080.0,149.4,4,10.731825810185185,0.0,4,5.0,curitiba,PR
4091f77d8c768fc3e81c20761471761d,8,1079.0,230.87,8,18.032364004629628,0.25,8,2.75,sao paulo,SP
4736e9d642ef4257cd7622516931eb51,20,1078.8700000000001,370.90000000000003,16,4.796315104166666,0.0,16,4.125,piracicaba,SP
03a2a6dcbe45d639c4dc2a0d24769c40,9,1078.41,172.25,9,10.4471579218107,0.1111111111111111,9,4.111111111111111,maua,SP
a066df7361163e7ddc5d7452dd17448b,17,1078.3,266.32,15,15.738050154320986,0.2,15,4.4,franca,SP
278b6e0b20c4f61fefaa0577943d7a35,2,1078.0,74.62,1,,,0,1.0,itajai,SC
577719699805dd125d5b6fdde5943bba,8,1077.8000000000002,209.56,8,10.283478009259259,0.125,8,4.375,nova petropolis,RS
167fd940acebc789debd6eb418c46e38,5,1077.58,100.9,5,15.500854166666667,0.2,5,3.0,franca,SP
3d4b1ae7539303b5704493798893e82c,9,1076.0,145.69,6,12.075733024691358,0.0,6,4.833333333333333,sao paulo,SP
334cab711dee080b079fa5779b584783,26,1069.7,351.66999999999996,11,8.1149515993266,0.0,11,4.909090909090909,santo andre,SP
b18871c324516afa228a13e8f1ef0ae9,23,1064.6,243.8,9,8.933315329218107,0.1111111111111111,9,3.4444444444444446,sao paulo,SP
eb72802c83dc7547529c9546d1a9b8ef,8,1063.92,117.71,8,6.2112832754629625,0.0,8,4.625,rio claro,SP
8fbd63429be6d3e5e6d1a709b6464802,8,1061.4,179.57,6,8.406583719135803,0.0,6,4.833333333333333,santo andre,SP
b2eecf5ea250510da76590ca79d60e5d,11,1060.0,153.15,9,6.1671476337448565,0.0,9,5.0,sao paulo,SP
f5fea3ffed6c2e889bab72705557c63a,3,1059.9,268.28,3,28.703055555555554,1.0,1,3.6666666666666665,rio de janeiro,RJ
1464afc72f696af775557a821c2e253f,30,1059.36,454.42,29,11.55180316091954,0.034482758620689655,29,4.241379310344827,nova friburgo,RJ
de9727ca376d1be6ec121b110aa7954c,12,1058.7,211.39,10,11.991947016460905,0.1111111111111111,9,3.8,sarandi,PR
226b05fe067266c59c15dae208213d06,11,1056.9,188.68,10,9.978346064814815,0.0,10,4.5,curitiba,PR
55dedd83e501d8248880557d9073cbfd,9,1055.3,110.78999999999999,8,4.779639756944444,0.0,8,4.875,rio de janeiro,RJ
04fdea0c111866e6cf812f1570d6b5bd,10,1055.0,206.95,10,18.002058738425927,0.125,8,3.2,sao paulo,SP
9d7a1d34a5052409006425275ba1c2b4,16,1054.82,277.05,13,14.331834935897435,0.07692307692307693,13,4.384615384615385,franca,SP
fcf16b7a8697e559f0123190bb30177d,7,1052.8,499.77,3,15.578668981481483,0.6666666666666666,3,3.3333333333333335,sao paulo,SP
4324dd16853115efb0fd9d0d131ba6f4,18,1052.25,327.22,12,13.36244888117284,0.08333333333333333,12,4.083333333333333,sao jose do rio pardo,SP
bb135baca94c82fcb731335ad5b04a03,38,1049.8,472.88,18,9.276137474279835,0.0,18,3.0555555555555554,sao paulo,SP
b7d5b4b87af9d42b601865d3f3810bff,2,1049.0,41.019999999999996,2,8.628703703703703,0.0,1,2.0,florianopolis,SC
49067458c68f7701fd334ce326accbe0,37,1047.6499999999999,573.85,17,12.204551334422657,0.0,17,3.3529411764705883,juiz de fora,MG
1cbd32d00d01bb8087a5eb088612fd9c,12,1045.47,244.06,11,12.533015572390571,0.09090909090909091,11,4.181818181818182,sp / sp,SP
c03121937e54a93fcc1825c3098bbb6e,7,1043.0,154.94,7,11.15910052910053,0.0,7,5.0,curitiba,PR
89f69225956f951295ca4c7fb1266553,12,1041.3,277.41,11,9.72122159090909,0.0,11,4.2727272727272725,vassouras,RJ
3d4824f20035949c710eaf111f869d39,10,1041.04,173.54,9,8.629752604166667,0.125,8,4.111111111111111,sorocaba,SP
1bc2e21de46adfea6b98cc96b00f3b40,5,1039.95,102.60000000000001,3,16.51103009259259,0.0,3,3.3333333333333335,joinville,SC
7c5b05cbdb5542049f38d90d7815b97d,24,1038.96,306.5,22,7.548407186948853,0.047619047619047616,21,4.363636363636363,sao paulo,SP
633ecdf879b94b5337cca303328e4a25,6,1037.6000000000001,87.89,6,25.722860725308646,0.6666666666666666,6,1.8,sao paulo,SP
7df1fc11cc5cbc518b39faa60cf5d67c,5,1037.6,134.36,5,7.718787037037037,0.0,5,4.2,campo grande,MS
c54679b132454625907c773d273d4126,8,1032.0,107.92999999999999,7,6.164588293650794,0.0,7,4.857142857142857,guaruja,SP
8c5e007d7bd5693fa1386ffefbc99f6c,24,1029.11,378.3,9,10.242138631687244,0.0,9,4.333333333333333,indaiatuba,SP
8f2b51a30523cdecddc2f179f351c7d6,8,1027.9,148.32999999999998,7,13.126109457671959,0.0,7,4.142857142857143,sao paulo,SP
76c47a299e4a8fe992316a85865acbe9,10,1024.46,221.88,6,20.242797067901233,0.3333333333333333,6,4.666666666666667,ribeirao preto,SP
e58a5b390e28abc0b216cfb0e07d27d7,7,1022.6,144.63,7,7.598201058201058,0.0,7,4.857142857142857,rio de janeiro,RJ
7994081388d55b9cf976c050653dd359,6,1020.0,89.65,2,12.970185185185185,0.0,1,3.0,sao paulo,SP
26785a546900236d66f2e4197c211158,15,1019.2,225.45,15,5.767207561728395,0.0,15,4.666666666666667,sao paulo,SP
7aa538dd6e114e503a2e6154ea352253,5,1016.6800000000001,101.92,5,8.87823611111111,0.0,5,4.4,catanduva,SP
a13aaf2d2886ab9fb30fb9a920160b8f,4,1011.52,74.31,4,9.351059027777778,0.25,4,4.5,joinville,SC
28872dc528e978a639754bc8c2ce5a4c,1,1009.9,29.0,1,4.039108796296296,0.0,1,5.0,caxias do sul,RS
5011f0d93373a4c5753adf58ca77af8d,22,1009.4200000000001,381.43,12,10.800631313131312,0.09090909090909091,11,3.8333333333333335,santos,SP
5b664594895aefb418afaee6d40a9a23,22,1008.8,226.38,16,10.405842737268518,0.0,16,3.9375,petropolis,RJ
00720abe85ba0859807595bbf045a33b,26,1007.5,315.98,13,11.786855413105412,0.15384615384615385,13,3.6153846153846154,guarulhos,SP
b45d7ebfb7378630f1bcd74b6ff86ff7,5,1007.5,102.51,5,29.70025077160494,0.0,3,3.8,belo horizonte,MG
fb3cfbc8a86f5d7fbb4d36b8df63f60d,15,1007.3000000000001,217.76,10,7.5278680555555555,0.0,10,4.2,rio de janeiro,RJ
bc47d5d1490df2b36add65d733eafaba,25,1004.8,415.11,24,12.853864087301588,0.09523809523809523,21,3.25,santo andre,SP
980640c45d7a4635885491d077167e4d,14,1004.29,242.37,14,7.608943452380953,0.07142857142857142,14,4.642857142857143,rio claro,SP
ef9952469137ff190bacafe117f51537,5,1002.66,83.94,5,10.250847222222223,0.0,5,4.8,uberaba,MG
515d781150feed28a6ac091bb0e3cb8c,6,1002.35,152.37,6,9.780329861111111,0.0,6,4.166666666666667,campo grande,MS
2379bdc3888025689a9deb7b141507d5,9,999.5,126.11,9,18.42511059670782,0.2222222222222222,9,4.333333333333333,mogi mirim,SP
41c9d3997dd3c072c31139dc5bb5761f,3,998.8,111.74000000000001,3,22.206986882716052,0.0,3,4.333333333333333,araxa,MG
cb4a705d00e100b9732d0ca34817d441,2,998.0,82.56,1,24.12673611111111,0.0,1,1.0,florianopolis,SC
dff87e4de60c9736ce8df835951b09bc,2,998.0,45.43,2,,,0,2.5,sao paulo,SP
b5e3e38609125694d2ea2417522a60b7,17,995.04,301.14,16,18.195497685185185,0.125,16,4.3125,florianopolis,SC
8a43128d7f9a3db592b866e6861a6cce,4,990.5999999999999,67.89,3,6.244818672839506,0.0,3,2.3333333333333335,sao paulo,SP
7ecef8194babfec876ca720714327841,8,990.5,123.76,7,10.141066468253968,0.0,7,4.285714285714286,campinas,SP
d1582f4043306e6b91afa6a8a884f898,9,990.0,131.92,9,12.108569958847736,0.1111111111111111,9,4.111111111111111,sao paulo,SP
6025c79c035c3d772133b8b8238463b2,4,989.74,108.59,2,8.44961226851852,0.0,2,5.0,pinhais/pr,PR
8fdca8e349553f99bc738833a62c8802,29,989.34,380.88,22,10.5466109006734,0.045454545454545456,22,4.190476190476191,sao paulo,SP
edd066cd02126d7800f9b66e980e9931,6,987.6999999999999,186.23,6,11.897121913580248,0.16666666666666666,6,5.0,brasilia,DF
e84ad2127668df3aafc6b73531a0beb8,23,987.0,286.73,19,10.564939692982456,0.05263157894736842,19,4.368421052631579,sao paulo,SP
77dcbb67ccb3659bd58eaf5661560a30,2,984.0,98.56,2,,,0,1.0,lajeado,RS
7a9c12e235c36247c3c81f50d6ea9cea,5,983.9,115.69,5,12.8360625,0.0,5,4.6,sao caetano do sul,SP
325f3178fb58e2a9778334621eecdbf9,46,981.6999999999999,451.67,36,6.405302211934156,0.0,36,4.444444444444445,taboao da serra,SP
83645b1645cdee8953ee54c29ceed564,14,978.9,266.2,14,10.400109126984129,0.0,14,4.428571428571429,santa terezinha de itaipu,PR
e0eabded302882513ced4ea3eb0c7059,8,978.4000000000001,138.79,8,11.449202835648148,0.0,8,4.625,campinas,SP
a99504ac23ed125aaf5302af6cc30af9,1,978.0,47.24,1,16.25554398148148,0.0,1,5.0,batatais,SP
8e670472e453ba34a379331513d6aab1,1,975.0,108.96,1,86.00116898148148,1.0,1,1.0,juiz de fora,MG
3f2af2670e104d1bcb54022274daeac5,7,973.6,360.58,6,19.51496141975309,0.16666666666666666,6,3.3333333333333335,terra boa,PR
c1ed9e3daf6154542826a6996af0fb8c,17,971.25,329.39,9,16.930416666666666,0.125,8,3.888888888888889,itajai,SC
ef2fbc2b607d8492bcffe657a4645434,22,970.8,362.89,20,7.037629751461989,0.10526315789473684,19,3.85,rio de janeiro,RJ
528bcf6680c36dddf07620bd35b33a6f,2,969.98,43.86,2,21.278836805555557,0.5,2,4.5,sao paulo,SP
3c3017960b2dbd72711a61f0400aab8f,10,968.8000000000001,254.09,10,12.523006687242798,0.0,9,4.0,jaragua do sul,SC
9261d76c62caaf0b24677c2ceb7f8f20,7,968.7,247.54000000000002,6,7.901643518518519,0.0,6,3.8333333333333335,palhoca,SC
9e9b539eb2806acee3f5c28085c1db9f,3,967.0,72.47,3,24.787878086419752,0.3333333333333333,3,3.6666666666666665,contagem,MG
b19c48688808720822399ffa9f2dbe2f,1,959.99,24.82,1,6.303900462962963,0.0,1,5.0,sao paulo,SP
05730013efda596306417c3b09302475,4,952.0,216.67,4,9.451623263888889,0.0,4,5.0,criciuma,SC
05a940b4ecae36cadfd8e93bd9c43257,10,952.0,196.94,10,14.254607767489713,0.0,9,3.9,goiania,GO
f0e103c63864d5405b958d984b6e94c9,11,951.7,149.71,11,8.819280303030304,0.0,11,4.7272727272727275,osasco,SP
5b2e94f2c22b39ccc24d34ad0f669672,10,949.78,390.36,10,9.983612268518518,0.1,10,4.9,sao paulo,SP
07017df32dc5f2f1d2801e579548d620,9,946.49,181.75,8,10.079266493055556,0.0,8,4.0,joao pessoa,PB
4f1f1c8666cdb6442f775c4e8caed465,2,944.98,125.41,2,19.96107060185185,0.0,2,5.0,belo horizonte,MG
4e06067cc08b3f41d837768d392c3ee3,46,941.72,572.53,31,10.263179883512544,0.03225806451612903,31,4.129032258064516,betim,MG
6cf476a4ca74498db55cbccdaa9dcfb6,7,939.9300000000001,185.57,6,34.34511111111111,0.2,5,3.0,sao paulo,SP
69b5eaa096c3f9d1e5c398c597f567d6,2,938.0,49.02,2,6.57519675925926,0.0,2,5.0,birigui,SP
79a679c36c08d606b3fd47ead9de109b,7,935.0,137.22,3,11.681172839506175,0.3333333333333333,3,2.0,sao paulo,SP
db46ca7bce82b11f7e247539271fc390,16,933.97,215.89,16,8.149848090277779,0.0,16,4.5625,rio de janeiro,RJ
3d621842b2ed28e2b474132480edac3c,10,928.9100000000001,151.79,10,9.898842592592594,0.0,8,3.9,sao paulo,SP
4ebdc7e6cd6102a022dadc49156d4ea8,32,928.6999999999999,369.2,29,9.965408684546615,0.034482758620689655,29,3.793103448275862,sao paulo,SP
c8025364abeecb115431bf95c11a747f,2,928.0,43.28,2,7.962546296296296,0.0,2,4.5,porto alegre,RS
bfd938b22bc99bce1ae60dc602889f52,12,922.8000000000001,195.46,6,11.562456597222223,0.0,4,3.8333333333333335,rio de janeiro,RJ
343e716476e3748b069f980efbaa294e,24,922.5999999999999,312.1,17,13.035564959490742,0.0625,16,4.3125,campinas,SP
2d42ebcda99fd55f6f4bc2f1ca035d50,11,921.5,282.47,10,9.604912037037037,0.0,10,4.3,uruacu,GO
670a9dda115b5a88b18cfadee8de2332,11,918.9000000000001,183.09,11,12.298190235690235,0.0,11,4.454545454545454,ribeirao preto,SP
7d7d2b7a51328016102d4528c411d630,7,918.8,180.05,7,10.281992394179895,0.14285714285714285,7,4.142857142857143,ibitinga,SP
1caf283236cd69af44cbc09a0a1e7d32,37,917.6,612.65,33,13.810502244668912,0.09090909090909091,33,4.606060606060606,nova iguacu,RJ
dc7192adf8ba09569261f4a8d576afe0,8,917.0,161.43,7,6.234565145502645,0.0,7,3.857142857142857,itapeva,SP
e9729944ba65dc3ce425e0c5a22ae7b2,4,916.7,61.73,4,10.13974247685185,0.25,4,3.75,petropolis,RJ
08d2d642cf72b622b14dde1d2f5eb2f5,21,914.0,321.26,17,15.320594618055555,0.125,16,4.3125,marilia,SP
32e5635e63cb374eb63afdd242fb6134,1,910.0,17.82,1,7.309675925925926,0.0,1,5.0,rio de janeiro,RJ
70849ca4f400aaabb62cb7462a6f1428,12,909.58,233.66,12,10.915981867283952,0.16666666666666666,12,4.416666666666667,belo horizonte,MG
3f9c56764fabca627406093dcb3ef0b4,7,909.3000000000001,105.64999999999999,7,8.48726355820106,0.0,7,4.714285714285714,rio de janeiro,RJ
973f21788dfab357250f69a8dcb7ddee,21,909.0,536.65,10,23.757739197530864,0.5555555555555556,9,2.0,claudio,MG
e5cbe890e679490127e9a390b46bbd20,2,908.99,28.72,2,5.923854166666667,0.0,2,4.5,sao paulo,SP
9198786624eaeb375793215cad26cfa6,10,908.3000000000001,210.07,9,12.971222511574075,0.0,8,3.7777777777777777,rodeio,SC
4a1f694197d05fe70026b016a7316b41,23,907.77,370.98,14,9.060297619047619,0.07142857142857142,14,4.571428571428571,pedreira,SP
e250d617a0ad591ba9bd663e584a895d,20,904.12,300.79,8,8.818719618055555,0.0,8,3.5,guarulhos,SP
ae45df84722b1d15c5f32b23a095746c,12,901.83,163.66,9,7.418199588477366,0.0,9,4.777777777777778,sao paulo,SP
e1c76f339ebd5460999f25a2aa8c92c5,1,899.9,28.8,1,29.84170138888889,0.0,1,5.0,sao paulo,SP
7dc9a3355bae96dd82008b313d3a456c,1,899.0,50.62,1,12.486354166666667,0.0,1,5.0,dores de campos,MG
e51f22821f0c12a16ad5c020cdcd55e9,4,898.71,98.13,4,10.324129050925926,0.0,4,4.75,carapicuiba,SP
1961c3e1272bfeceb05d0b78b5bbfdaf,4,896.0,49.43,3,6.7361921296296305,0.0,2,3.3333333333333335,guarulhos,SP
4ef4c39cf3c24f326434cf0b2e48046a,9,891.0,126.17,8,13.282799272486773,0.14285714285714285,7,3.375,sao paulo,SP
f8201cab383e484733266d1906e2fdfa,10,889.0,255.82999999999998,10,13.045797453703704,0.1,10,4.1,palhoca,SC
160e4f13fd3a64b1b86807be88b5ffb0,4,886.0,94.45,4,14.298266782407408,0.0,4,4.25,colombo,PR
e1dc0754bada9ee4cfe9713f22f61292,12,885.0,264.78,12,8.281831597222222,0.0,12,3.8333333333333335,duque de caxias,RJ
ffad1e7127fb622cb64a900751590acd,15,884.3,206.53,10,7.6742789351851854,0.0,10,4.8,americana,SP
6b9b80d53ba3676eafe60268a810b5a1,10,882.7,172.96,10,12.04213220164609,0.0,9,3.9,belo horizonte,SP
48985c61529077fa4f1e38bcff0f2ed3,7,879.3000000000001,148.07,7,10.342812499999999,0.0,7,4.428571428571429,porto alegre,RS
e644cbadf7eeb30d0d29f335ce7d52ec,10,878.9,184.69,8,6.880929232804233,0.0,7,3.625,sao paulo,SP
134a288e7de827ec5ec62e3ec9c3a295,9,877.45,126.55,9,9.450118312757203,0.0,9,4.777777777777778,sao paulo,SP
68f86ba270525243e68ae74044f992b9,12,876.5,194.81,11,10.094481481481482,0.0,10,4.363636363636363,rio de janeiro,RJ
1f867308a0ce13133a4e639ff4de0c02,13,875.1,209.82,7,11.268655753968252,0.0,7,4.142857142857143,curitiba,PR
cac63f48c38cd7d002a7e846dcd99a23,10,874.0,140.62,10,7.2265243055555555,0.0,10,4.8,sumare,SP
efff9341f3f8f5237b44ff67ed36a7bf,5,872.99,99.66,5,11.931902777777777,0.0,5,4.4,vitoria,ES
9c690ceacd5c66731bf443ea810195cb,12,871.8,249.22,10,7.593199074074074,0.0,10,4.3,camanducaia,MG
bf00385a5f7fc1ef39a13c2e9ee50a5f,29,870.3,342.73,29,5.772894758597884,0.0,28,4.310344827586207,sao paulo,SP
eddd1991bd6d9309995a480c39b95137,3,866.0,132.41,3,14.754149305555556,0.0,2,2.6666666666666665,ponta grossa,PR
557f22c76691849db52d2abccf0015d0,14,865.8599999999999,326.7,13,14.50512538580247,0.0,12,3.0833333333333335,morrinhos,GO
400f221ab83037c0ea78f1267da9624d,1,865.0,20.8,1,,,0,,osvaldo cruz,SP
ab3e0c171fe84a7ba7de130f19cfb485,10,863.42,172.28,7,20.710918209876542,0.3333333333333333,6,3.5714285714285716,colorado,PR
a67780aba9dd436e7ac0aa1f889e73ec,6,863.0,178.04000000000002,6,21.632880015432097,0.16666666666666666,6,3.6666666666666665,presidente prudente,SP
41da412d33e8da4f22baf55cb1bde82c,21,862.9,374.16,15,10.254511574074074,0.0,15,4.666666666666667,domingos martins,ES
20cb7c2fde3e5bf10f0bbe7394e1c6a9,51,861.9,798.38,32,12.365232974910393,0.0967741935483871,31,4.0,andira-pr,PR
6a8a889bde935bafa76d7848782dfaf9,30,860.8199999999999,367.79999999999995,26,7.8881014066951565,0.07692307692307693,26,4.038461538461538,sao paulo,SP
c4fabeea6e569d42d02993bb1f4f1cbc,11,859.3000000000001,277.22,11,21.726757154882154,0.09090909090909091,11,4.0,fortaleza,CE
2c43fb513632d29b3b58df74816f1b06,3,858.0,72.17,3,4.594564043209877,0.0,3,3.6666666666666665,belo horizonte,MG
e8dba4d70f7f2b20e775d09cae01142d,9,855.91,176.48,9,8.808996913580247,0.1111111111111111,9,4.333333333333333,santa barbara d oeste,SP
0aa124728afc1131dff5655f4c6f487b,2,850.92,107.86,2,,,0,1.0,alfenas,MG
f783a638e9c6af4a7d0dbfde811e7a81,5,849.8,153.1,5,17.646319444444444,0.2,5,4.0,sao paulo,SP
1099a00e0ee3a50935e6c2447ca090c5,3,849.6999999999999,61.129999999999995,3,15.039498456790126,0.3333333333333333,3,3.6666666666666665,rio de janeiro,RJ
010da0602d7774602cd1b3f5fb7b709e,5,849.5,230.25,1,26.1146875,0.0,1,1.0,sao bernardo do campo,SP
4221a7df464f1fe2955934e30ff3a5a1,5,849.5,239.54,5,16.569189814814813,0.0,5,4.8,bahia,BA
a0d7fbb07bb5ebc3b05980e750db56f3,4,848.99,236.19,3,16.224313271604938,0.0,3,2.3333333333333335,ferraz de vasconcelos,SP
3dbbce181edfaa4a597ec858c382d2ec,20,848.3,440.27,17,14.002171160130718,0.058823529411764705,17,4.235294117647059,curitiba,PR
fe1b067411b8c5066e962aa146ccee03,8,847.78,143.1,8,8.78437210648148,0.0,8,4.625,presidente prudente,SP
113e3a788b935f48aad63e1c41dac1bd,48,847.35,686.6,39,13.198031517094018,0.05128205128205128,39,4.315789473684211,aparecida,SP
2dd1fb6f0e42a2243b8a01e40cd41216,5,845.89,96.84,4,13.608958333333334,0.0,3,3.0,curitiba,PR
2b03ac196f5ed62ac483960fe0fa3b65,7,843.1,92.09,7,12.89291832010582,0.14285714285714285,7,4.142857142857143,sao paulo,SP
ddd51ae8cda92f3995a51fc0f0f3eec7,25,842.6999999999999,276.92,8,8.139163773148148,0.0,8,4.625,rio de janeiro,RJ
0791d9fc1e30678ecf03d3e55fa108d3,11,842.0,186.99,5,7.8056828703703705,0.0,5,4.0,belo horizonte,MG
a1544b9ea0b2390e020537d4daa89049,8,841.2,107.33,8,10.917319155092592,0.0,8,3.875,jundiai,SP
a3b42d266fa8afc874b909422ce88582,6,839.4000000000001,81.84,1,3.5071296296296297,0.0,1,5.0,orlandia,SP
c37b2059d4f90d4feead554e5246565e,16,839.3,221.98,12,17.34350212191358,0.25,12,3.3333333333333335,sao paulo,SP
6e4f5ff6b086632ba8dcb558fb10249e,5,838.9,214.35,5,10.725724537037037,0.0,5,3.4,flores da cunha,RS
82cb9f452fe8334df74b22d37824b431,18,838.2,317.06,14,8.529109623015874,0.0,14,4.714285714285714,caxias do sul,RS
eba88037e1dca898cd02881f67ced679,6,838.1,93.47,6,11.49054012345679,0.16666666666666666,6,4.333333333333333,sao paulo,SP
b81e3a6c866a764974fe849821abeebd,11,836.1500000000001,216.86,8,6.141940104166666,0.0,8,4.625,maua,SP
28f10b1c5e5abb9d4857745bede6147c,28,835.0,350.42,28,7.637304894179894,0.14285714285714285,28,4.0,sao paulo,SP
297d5eccd19fa9a83b2630071ff105e4,8,834.97,141.76,8,6.882055844907407,0.0,8,5.0,curitiba,PR
1bb3812d5f0747a3ab7348f199001a10,9,834.4000000000001,215.17,9,12.761235853909463,0.0,9,4.888888888888889,sao paulo,SP
91543f9849d68d023e17194926598543,6,834.0,266.57,4,12.869427083333333,0.0,4,4.5,blumenau,SC
c00396cbdd2e088fe4281baa5920aef1,3,832.4100000000001,73.44,1,12.10460648148148,0.0,1,5.0,campo magro,PR
a2deecd5398f5df4987110c80a1972a3,16,827.4300000000001,292.1,16,8.307628205128205,0.0,13,3.625,sao paulo,SP
8602a61d680a10a82cceeeda0d99ea3d,19,826.99,252.91,17,7.840296840958605,0.0,17,4.411764705882353,sao paulo,SP
1cd9e0cc1839d55516843def5600816d,5,825.0,101.72,5,7.781398148148147,0.0,5,5.0,sao paulo,SP
340636a908b13bbe0f4fb63fbe1d0c03,6,823.2,169.95,5,7.826103395061729,0.0,3,3.4,sao jose dos campos,SP
51e4e89242cbb846c2deff3dc015650e,16,822.58,353.17,16,9.21369357638889,0.0,16,4.625,rio grande,RS
10076e5788b8ee532724bcd460baf762,26,821.48,377.29999999999995,23,10.03461956521739,0.043478260869565216,23,4.565217391304348,batatais,SP
28ea411b354f14b1a494be4e79f0ce02,6,820.0,76.93,6,8.916840277777778,0.0,6,4.666666666666667,sao paulo,SP
0aa2205ca24f113f4658a5c536667426,11,815.62,172.48,4,8.79331597222222,0.0,4,4.0,sao paulo,SP
63a79f5a7eb5cb48a7e5787b141c7993,11,815.1,200.82999999999998,11,6.365419823232323,0.0,11,4.545454545454546,patos de minas,MG
daf565f087a52def0fd5c5825b3661bc,9,813.9000000000001,307.93,9,9.307821502057614,0.0,9,3.625,brusque,SC
dc64d75cc406bb0697be983831430e60,4,813.0,92.55000000000001,4,10.212702546296295,0.0,4,4.75,belo horizonte,MG
a1bea7061f61f6fdd9a85a6325ba1033,9,810.95,99.93,9,4.491721965020576,0.1111111111111111,9,4.444444444444445,carapicuiba / sao paulo,SP
5996cddab893a4652a15592fb58ab8db,1,810.0,70.75,1,5.080324074074074,0.0,1,5.0,presidente prudente,SP
17adeba047385fb0c67d8e90b4296d21,3,809.6999999999999,287.61,1,,,0,1.0,guarulhos,SP
bd4431c1a8dfa744b59e1e2a8bc99b9e,7,809.5,204.09,7,7.122043650793651,0.0,7,4.571428571428571,rio de janeiro,RJ
14ee35374a7876217954b5fa08e50463,6,809.0,114.05,6,17.1668074845679,0.16666666666666666,6,4.333333333333333,sao jose do rio preto,SP
ba5daa4041e1f15cdf34b76e3e18a450,15,806.8000000000001,152.55,15,5.692246141975308,0.0,15,4.266666666666667,sao paulo,SP
caa9bc43a9fe8cf9c564ddd8a03cc4a6,14,803.87,233.87,13,9.549083867521368,0.0,13,4.666666666666667,jacarei,SP
a72c2f59332659e361d647515c698798,6,802.9,131.03,5,10.203472222222222,0.0,5,4.8,flores da cunha,RS
11eac105f3f90a9b87b19c89d91e24f3,5,802.89,124.94,5,9.12383101851852,0.0,5,3.6,sao paulo,SP
ba6b4a237f92479743cf0ca06b67a9ac,8,801.89,111.82,8,12.598758680555555,0.125,8,4.25,rio de janeiro,RJ
253f95b3a0e6983ae18aed49fbc2b845,5,799.5,91.44,5,9.206965277777778,0.0,5,4.4,sao paulo,SP
7a91bf945c6fae0779f1c61ce97fe45c,5,799.5,82.57,5,43.84916666666667,0.25,4,3.8,mesquita,RJ
9c7fd21e0aa159b20da593371f08ff7c,8,798.3,123.5,7,7.3877843915343915,0.14285714285714285,7,3.2857142857142856,osasco,SP
13511db12ac61e2f89c53b72a944a60b,6,798.0,265.97,6,9.17029899691358,0.0,6,3.5,caxias do sul,RS
a247197e2e9c19a6a53a6888cb8b660f,2,798.0,143.07,2,,,0,1.0,sao jose do rio preto,SP
365e4bce19bda0082c3d15d83fdb8bcd,7,796.4,98.61999999999999,6,10.377220293209875,0.0,6,4.666666666666667,sao caetano do sul,SP
5a05a16bb50629ee31afab8a6d4c2674,15,794.3,281.18,14,7.040058697089948,0.0,14,4.214285714285714,caxias do sul,RS
e3a386fc36e22064434e1fa256f6a9fa,17,793.9,253.25,16,10.068441116898148,0.125,16,4.1875,engenheiro coelho,SP
0d4c8269e7f0401201794deef160edd6,4,792.64,99.39,3,17.420385802469138,0.0,3,3.6666666666666665,ribeirao preto,SP
52956b80ae65fda598f06f6b9943e7a9,3,792.0,66.85,3,25.609182098765434,0.3333333333333333,3,4.0,maringa,PR
5962468f885ea01a1b6a97a218797b0a,9,791.0,137.04,8,10.914812885802469,0.0,6,4.142857142857143,curitiba,PR
3d5d0dc7073a299e31fa718ce1bc00b6,24,790.7,387.43,23,8.493292548500882,0.047619047619047616,21,4.304347826086956,rio de janeiro,RJ
134b867a0f7f8bbe6abf10f91874891e,1,789.89,132.95,1,12.933530092592592,0.0,1,4.0,valinhos,SP
f9eedec3129e8cc6b6429c42d0808c5b,2,789.8,43.35,2,6.757737268518518,0.0,2,4.5,"rio de janeiro, rio de janeiro, brasil",RJ
ac6417315ae5da8f9a38ee11de6f7780,8,788.9,182.53,8,11.468726851851853,0.14285714285714285,7,3.75,aruja,SP
2305ab43e846518f58dd9d59f3f54e96,3,788.89,42.370000000000005,3,11.829328703703704,0.0,3,3.6666666666666665,sao paulo,SP
4c61e37f664c3c88aff092aa5ac779d7,8,788.3100000000001,119.86,7,15.791797288359788,0.14285714285714285,7,4.0,niteroi,RJ
3492e68f37fd1df87f4f2f2ea247f445,9,787.86,169.4,8,9.321517650462962,0.0,8,3.875,salto,SP
da03c298e3999e9d828591fc2179d109,5,787.7,54.78,4,9.591380208333334,0.0,4,4.75,sao paulo,SP
1cbd50a8c52e6cf8e315c5709fab386f,9,785.97,220.69,9,19.0249537037037,0.1111111111111111,9,3.7777777777777777,fazenda rio grande,PR
9d681c7e12db302cb261e721040dde65,14,785.6,273.08,13,9.304166666666667,0.0,13,4.923076923076923,curitiba,PR
9535a841eecebed61a9fb1ac1cbb5597,2,784.9,33.43,2,9.502650462962963,0.0,2,3.0,sao paulo,SP
de09d00cfc265b8804c7df34075a68fa,3,784.0,43.97,3,6.152604166666666,0.0,3,3.3333333333333335,sao paulo,SP
5f06030071324cc52bf0304014ac7234,4,783.96,100.35000000000001,4,10.357387152777777,0.0,4,4.0,marilia,SP
d4f117125b59ce73c3302f88ee40c458,17,783.29,215.32,17,7.728728894335511,0.0,17,4.823529411764706,sao paulo,SP
ef30892870c278497523264be1be2241,9,783.2,109.33999999999999,9,8.079983281893004,0.0,9,4.555555555555555,araraquara,SP
52a52b9f656520e99716f5bc40f661c8,8,783.1,148.12,7,10.714502314814814,0.0,7,4.0,sao carlos,SP
41c2bad7229b0c25e6becf179ebf63ff,23,782.0,189.92,20,4.69347974537037,0.0,20,4.95,natal,RN
11742f81550ac064cc9a40f67151d9ad,2,781.9,49.11,2,9.095063657407408,0.0,2,5.0,catanduva,SP
70bf57d811208f8923b41bbd499a67a4,7,780.8000000000001,88.93,7,4.817481812169312,0.0,7,4.142857142857143,franco da rocha,SP
e560e4022d8f7aebf155db95946c5c0f,2,780.0,90.21000000000001,2,10.134334490740741,0.0,2,5.0,belo horizonte,MG
cb6c9f5888a7a090c75beaf615925792,11,779.8900000000001,229.08,11,10.160455597643098,0.0,11,3.8181818181818183,vila velha,ES
6524b847b982cd56bb5d4b02b776ee42,2,779.8,55.14,1,42.330416666666665,1.0,1,4.0,campinas,SP
4deebb3199eeafb282ae33229144f94b,5,779.7,141.79,4,10.159623842592593,0.25,4,4.0,sao paulo,SP
5a413ade68e8f8d93071a7f52a64cb9e,14,778.9,153.77,14,4.118708664021164,0.07142857142857142,14,4.642857142857143,sao paulo,SP
d66c11a9572221d92fbb8c4897db5f9b,16,776.56,387.82,16,8.548737702546296,0.0,16,4.5625,rio de janeiro,RJ
71271995e85f5b8530be99ed54a91b89,8,776.0,120.83,8,12.30955825617284,0.16666666666666666,6,2.5,porto alegre,RS
74636e24f01da9268b0ed88dacd8513e,4,776.0,272.61,4,13.129348958333333,0.25,4,4.0,sao paulo,SP
5c3460cd3e8a984382ae254e7dd20d9f,10,775.76,198.54,9,9.911150977366255,0.0,9,4.666666666666667,sao jose do rio preto,SP
d9442042130b7fe579d1295f9f4a248f,22,772.16,338.88,19,10.679895833333333,0.05263157894736842,19,4.368421052631579,sao paulo,SP
25be943a321c8938947bdaabca979a90,5,769.0,138.55,5,3.203792438271605,0.0,3,3.0,sao bernardo do campo,SP
0ff83046c3fa22efee8ecf291888b191,11,768.9000000000001,254.48000000000002,10,12.543672453703703,0.0,10,4.8,caxias do sul,RS
4a1917ef994878940e1fb03eeb787ad7,3,768.0,78.62,2,10.306412037037036,0.0,2,3.0,brasilia,DF
562f8cfc51f265411f487d07e9c40e7f,13,766.9200000000001,199.32999999999998,13,14.032670049857549,0.07692307692307693,13,4.538461538461538,belo horizonte,MG
80f2cf9abf6b5a0e5c612b5eea6646e6,7,766.08,288.7,7,10.581170910493828,0.16666666666666666,6,4.428571428571429,sao jose do rio preto,SP
6f83d9e4da896daae20b9b6b2d3ff8d2,11,765.19,219.85,11,15.023242845117846,0.0,11,4.363636363636363,pinhalao,PR
0b36063d5818f81ccb94b54adfaebbf5,15,765.0,18.0,1,14.543993055555555,0.0,1,5.0,jaragua do sul,SC
5acd070dd3fe441bbb2ec1f1ede515ee,8,764.17,122.2,7,26.1123082010582,0.42857142857142855,7,3.0,jundiai,SP
2063dd1b9f568df1c16741ea7d3e6adb,3,763.1,57.17,3,12.651215277777778,0.0,3,5.0,guarapuava,PR
39c763cca83e654764b7a4a650fb9b7c,11,761.0,223.21,11,13.490741792929294,0.18181818181818182,11,3.8181818181818183,goiania,GO
a56e351445e5863fc8960640ba9190c7,4,760.9200000000001,65.06,3,11.723136574074074,0.0,3,4.333333333333333,itajai,SC
ca77545ca4d2dfd1431bf61334e2fa3c,10,760.0,213.71,6,13.23924189814815,0.0,6,4.666666666666667,maringa,PR
ac51cac5e20d69ff485a54746488ef48,4,759.9,73.87,4,16.31224922839506,0.0,3,3.5,ribeirao preto,SP
7c51de0ab286204ce75ff42bf7c10d92,4,759.0,149.64,4,9.790217013888888,0.0,4,4.5,picarras,SC
458c6fa920810ce2492da71bc26d9eec,2,756.76,105.61,2,25.40222800925926,0.0,2,2.5,catanduva,SP
312ba1d77e9c332ef21f9598b7f64cd7,10,756.0,132.05,9,25.699447751322754,0.5714285714285714,7,2.7777777777777777,guarulhos,SP
cf654707ed6a99f112c7ec3d6f314b8b,4,756.0,33.54,3,5.250501543209876,0.0,3,4.666666666666667,sao paulo,SP
21c62b998a043ebe31161d38f84929fc,4,750.49,90.84,4,13.303304398148148,0.0,4,4.5,fortaleza,CE
61c36f0fc4a47f9532e5512b66668e62,1,750.0,17.69,1,12.314270833333333,0.0,1,1.0,guarulhos,SP
9dc79dd988ac42f4d56c340d7048420a,4,749.6,94.33,4,6.52150462962963,0.0,4,4.75,sao paulo,SP
87d3c3aeb3ead335511b3ce315eb341e,15,749.3499999999999,213.71,15,6.565039351851852,0.06666666666666667,15,3.5,sao paulo,SP
fd435faa3c0422b60440ea3480d0e77c,1,749.0,133.87,1,9.468483796296296,0.0,1,5.0,joao pessoa,PB
191d55f7edb8524d525ed01b20fe32e8,3,747.0,65.8,3,22.529178240740745,0.3333333333333333,3,2.3333333333333335,brasilia,DF
8d46553a36e68f95350a200c12f8f2e2,16,746.6,223.0,13,17.568221450617287,0.0,9,3.230769230769231,campinas,SP
c89cf7c468a48af70aada384e722f9e2,14,745.0,226.01,14,14.189191468253968,0.07142857142857142,14,4.0,petropolis,RJ
ba6ce6de456f6c11d08c17701ba5c26f,7,744.35,130.16,6,12.412860725308642,0.0,6,4.166666666666667,sorocaba,SP
e8a85b5f3df47be0984c55fd4064dbb4,14,743.0,222.99,8,10.681103877314815,0.125,8,4.5,brasilia,DF
6e864f5c4669eff3d98140a07cc50202,13,740.59,191.77,13,9.844045584045585,0.07692307692307693,13,4.461538461538462,sao paulo,SP
2ba91c7ad80ff88b23b7db823b43c233,6,740.4,99.93,6,18.654373070987656,0.16666666666666666,6,3.8333333333333335,itu,SP
5bba18b40e8c973b0f32e748004775b0,1,739.98,44.82,1,7.072442129629629,0.0,1,5.0,itajobi,SP
c522be04e020c1e7b79f3acff36513d5,7,739.9300000000001,98.37,7,15.649359567901236,0.3333333333333333,6,3.5714285714285716,santana de parnaiba,SP
8a40ae794fa3f9892cee24bd5af0488b,6,739.85,206.41,6,27.80233024691358,0.3333333333333333,6,3.1666666666666665,curitiba,PR
ba6b68b55fe8704377a7d43c8e5c0185,5,739.77,92.44999999999999,5,10.590298611111113,0.0,5,4.2,belo horizonte,MG
6bb62a4912377c7bfe7cb17b406bc7e6,6,739.52,105.87,4,4.566553819444445,0.0,4,4.25,jundiai,SP
8c91bfea4263b8fba54081460693e2a1,2,739.0,46.75,2,12.129247685185184,0.0,2,5.0,horizontina,RS
e73bf2cea7fe4b0b4d287a7568ed1099,5,737.6999999999999,100.13000000000001,4,5.497410300925926,0.0,4,5.0,chapeco,SC
89dda63a3c907c468ec88c310ed91213,2,734.99,42.14,2,25.440254629629628,0.0,1,3.0,maua/sao paulo,SP
4200ddf1967c5e41e48db62bc6d4b5ac,42,734.8,487.93,22,10.264541245791246,0.045454545454545456,22,4.2631578947368425,sao bernardo do campo,SP
56db5c0782e8f7ddc9343f9576ff6d16,2,734.8,57.15,2,9.917291666666667,0.0,2,3.0,palhoca,SC
6e1862e15f33d9994bc25922a85e1efc,14,732.49,147.47,8,3.7872585978835978,0.0,7,4.428571428571429,rio claro,SP
808d4348b916efa08e766ebad39f61eb,21,731.1,283.82,21,7.961432870370371,0.05,20,4.428571428571429,sao paulo,SP
33cbbec1e7e1044aaf11d152172c776f,16,730.67,398.83,15,8.429000771604938,0.0,15,4.733333333333333,bento goncalves,RS
da4d149c0ddbac90557103ac0a0ec356,1,730.0,45.98,1,,,0,3.0,sbc,SP
014d9a685fd57276679edd00e07089e5,12,729.88,146.93,11,9.154871632996633,0.0,11,3.727272727272727,maringa,PR
7210cd29727d674c00741e5e387b3ccd,13,729.0899999999999,145.09,9,3.7764146090534982,0.1111111111111111,9,4.444444444444445,sao paulo,SP
da6a60cc8cc724fe51be021ff8be779c,13,728.79,255.79,12,7.834971064814815,0.0,12,4.75,sao pedro da aldeia,RJ
aac51c486b672a9850d59f3e84b1cf88,13,728.28,131.29,10,4.651243055555556,0.0,10,4.8,sao paulo,SP
8132b9bd16876e1b0f8808d43825dd48,3,727.9,41.04,2,16.81113425925926,0.0,1,3.0,florianopolis,SC
f19516b9ff26bfeb091b30108db4ddbd,5,727.6,141.84,5,10.648128858024691,0.0,3,2.6,artur nogueira,SP
d29ba1220fb8634fa3a107e54497b8a4,9,724.94,182.92000000000002,9,6.488707561728395,0.0,9,3.2222222222222223,sao carlos,SP
fe1bbc5feda5c8979a8a1b3b2512d5a6,10,724.72,137.53,9,11.927600308641976,0.1111111111111111,9,3.888888888888889,arinos,MG
6d22a1fcebb6dd08c9cd90b92a93e8d0,13,723.7,222.73,12,15.403934220679012,0.0,12,4.25,joinville,SC
d9e7e7778b32987280a6f2cb9a39c57d,13,722.5,263.89,11,18.465708122895624,0.18181818181818182,11,3.5454545454545454,sao paulo,SP
07d75e33f2750d97d467fb57e4dfdd8a,2,722.4,37.19,2,11.796643518518518,0.0,2,2.5,sao paulo,SP
c8cc60ffd415254af5d9b9f34f32c369,9,722.2,194.03,8,5.47861255787037,0.0,8,4.75,sorocaba,SP
b16d3dadc47d4eb18be3d88bad0775ce,11,722.1,178.44,10,6.42946875,0.0,10,4.3,estancia velha,RS
94231344608e603693b0a8891143f65d,3,722.0,102.17999999999999,3,12.531454475308642,0.0,3,4.0,porto alegre,SP
d79e8478eed9999493990b44955fb22e,5,721.89,80.72,5,8.199113425925926,0.2,5,4.0,rio de janeiro / rio de janeiro,RJ
68ca56ce86830f3d31b1b7ec6a54da3e,6,719.59,143.37,6,4.891428240740741,0.0,5,3.8333333333333335,guaratuba,PR
07de60b03d150fb3ea09eab5da5e4c8b,9,719.1,169.9,9,13.419634773662551,0.1111111111111111,9,4.333333333333333,ibitinga,SP
75a4764c108403a7a0575140cb22287c,9,716.9,210.15,5,11.546094907407408,0.0,5,4.6,caxias do sul,RS
d558ebe531605a1285ab2b1bc3256dfb,3,709.0,73.23,3,9.418445216049383,0.0,3,4.666666666666667,divinopolis,MG
024b564ae893ce8e9bfa02c10a401ece,8,706.4000000000001,212.0,2,15.339438657407406,0.0,2,4.5,sao paulo,SP
e21a1e8be4715b0fcfd5385643bc49c4,24,703.5999999999999,472.28999999999996,21,16.619786458333333,0.0,20,3.6666666666666665,jaguaruna,SC
18e694e0e48ed6f7aa3f24aade5fd697,34,701.54,504.23,31,6.011871266427717,0.03225806451612903,31,4.67741935483871,varzea paulista,SP
39d61be7a92eb77b7da367bd4845bc0e,14,700.59,209.03,7,10.782415674603174,0.0,7,4.0,sao paulo,SP
3ef37b7ca6dd2b80bd8af81a62504996,2,700.0,40.97,2,14.346006944444444,0.0,2,4.5,sao paulo,SP
328acb143b4a73aad6bee8e734f5d20d,2,699.98,34.769999999999996,2,12.058634259259259,0.0,2,4.0,foz do iguacu,PR
1b4b28463457a256e9a784ebe2a8f630,1,699.42,15.92,1,14.144814814814815,1.0,1,1.0,piracicaba,SP
59cea8e446d3834393058e7e0666b6fb,10,696.6,204.54,10,7.272856481481481,0.0,10,4.6,maringa,PR
c7fdb77fdbff3c41981bc52f787e959e,12,696.32,175.56,10,16.80525720164609,0.1111111111111111,9,3.3,santo andre,SP
0d83f8e03188682112cc0d93523705cc,8,696.26,124.31,4,16.91439814814815,0.25,4,3.75,porto alegre,RS
1352e06ae67b410cdae0b2a22361167b,4,696.0,69.22,4,34.307094907407404,1.0,2,2.3333333333333335,rio de janeiro,RJ
fac35d150712afb921ec59ac5f39bb11,6,696.0,104.64,5,10.14049537037037,0.0,5,4.4,bonfinopolis de minas,MG
83d7070a0b9a8b4625fa8682b819fabb,2,694.77,127.63,2,,,0,1.0,cotia,SP
73b8eb4a9a729d4019b24ed1be748cbf,8,692.41,105.57,8,4.136651785714286,0.0,7,4.375,campinas,SP
b4b447d715f9ab302a188fb43d3e96b3,5,685.9300000000001,93.73,5,3.623861111111111,0.0,5,4.8,sao paulo,SP
b2c97074649f92197d9387d9033dda5f,11,684.71,279.37,10,12.233510416666666,0.1,10,4.7,botucatu,SP
4e6015589b781adaa5ce7f1892d06bb1,3,684.0,56.5,3,5.894976851851851,0.0,3,3.6666666666666665,guaruja,SP
2fb25ab44bdbeae6a4d816e0d0c9d500,5,683.08,78.21000000000001,5,8.520905092592592,0.0,5,4.8,volta redonda,RJ
9aa388272ee334b6ae07bc73706e254a,7,678.0,183.46,6,8.413715277777778,0.0,6,4.333333333333333,muriae,MG
d9cd369bffa979d1634f8e1318bf2f1b,3,678.0,66.81,3,11.24925925925926,0.0,3,5.0,bady bassitt,SP
89a51f50b8095ea78d5768f34c13a76f,11,677.16,177.1,10,7.424040509259259,0.0,10,4.7,brasilia,DF
a513150f33f99a06569e9cd5c4bb889b,2,677.0,34.25,2,9.656533564814815,0.0,2,4.5,sao paulo,SP
6861de0f40cacb0602e473c51639f980,8,674.0,275.73,5,13.836252314814814,0.2,5,3.6,curitiba,PR
c6218512d16fcac0af02fe92691cf274,8,674.0,194.64,8,14.866530671296296,0.0,8,4.0,contagem,MG
8c0de775f52fe41590b376a3b7c50f68,9,672.7,135.32999999999998,9,6.2137239583333335,0.0,8,3.888888888888889,sumare,SP
7354220fb240bde543b3c40c060d41e7,7,672.0,165.13,7,11.098485449735449,0.0,7,4.571428571428571,brasilia,DF
e4ebd3f87bf70440014f07ddda7fbe03,7,671.5,115.75999999999999,7,17.889925595238093,0.0,7,4.571428571428571,presidente epitacio,SP
0a85ebe4e328db81ac9109781205e2f7,12,667.9,137.75,12,5.248940007716049,0.08333333333333333,12,4.583333333333333,jundiai,SP
6824a69c9ea0313eba299dd4a2dba09a,7,666.9,117.18,6,4.810596064814815,0.0,6,4.666666666666667,formiga,MG
7bcd7c5f8631701474db233ccf1c094b,11,666.0,194.94,11,14.234526909722222,0.0,8,3.6363636363636362,sao paulo,SP
5f7300535881cef3b625fd683cf7d145,11,665.98,170.85,10,8.813859953703703,0.0,10,4.4,canoas,RS
55c26bcb609f480eb7868594245febb5,6,664.4000000000001,161.82999999999998,6,9.694230324074075,0.0,6,4.0,tabatinga,SP
bdae679a9b282249bc23b9b69dae9a99,12,663.15,188.82999999999998,6,10.398778935185184,0.0,6,3.5,brasilia,DF
1430239a858e7682bbc43b20758af153,23,660.79,268.75,18,7.671258850762528,0.0,17,4.111111111111111,sao paulo,SP
49383af7ab774e4e8f3000f49c83dc4b,12,660.0,242.23,8,8.085562789351851,0.0,8,4.375,taubate,SP
299c89a525fee36c567f4fe72f038100,2,658.0,99.75,2,9.31943287037037,0.0,1,2.0,varzea alegre,CE
525e75a6fb1454a2325ab1734bcec221,11,657.0699999999999,120.0,10,6.366539351851852,0.0,9,3.6,barueri,SP
b0398568231ba5e6734af1881671a317,4,656.77,113.35,4,13.211869212962963,0.0,4,4.0,colatina,ES
c447f8dd3ed213f291d65ef074a268eb,8,655.0,122.22999999999999,7,11.032149470899471,0.0,7,3.7142857142857144,assis,SP
b7cc6c5e001441ae8cdd5c69a480cbe4,6,651.8,220.49999999999997,6,12.828016203703703,0.0,5,4.166666666666667,curitibanos,SC
cd3d09fbe6e3e9ff0c0ac0c300e93ae7,12,651.04,229.19,12,11.708241705246913,0.08333333333333333,12,4.166666666666667,nova odessa,SP
5d043cd5512d4bd2f88e5ccdd5736c38,1,650.0,64.91,1,9.573449074074073,0.0,1,2.0,sao paulo,SP
43402bdf22aa2310e8f99e2f94f78628,5,649.95,187.15,4,16.566171875000002,0.0,4,2.5,ribeirao pires,SP
f435898e493ba0356019a0b1cb8b55b1,12,649.76,230.92000000000002,10,10.871199074074074,0.0,10,4.4,curitiba,PR
236585a4ddb5fea9fa40233e2249ed91,11,649.53,188.14,11,13.136474116161617,0.09090909090909091,11,4.090909090909091,caxias do sul,RS
9cad4b68bb993ee401a3c5aaa2bc26dd,7,649.3000000000001,114.03,5,18.695247685185187,0.2,5,2.8,birigui,SP
54aa8463e87776b5612f4bdc4bd5d4de,7,649.3,123.53,7,13.480618386243387,0.0,7,3.857142857142857,belo horizonte,MG
95b293867b5862941c9cd74f756a3c68,9,648.1,98.12,9,21.46414480452675,0.4444444444444444,9,3.5555555555555554,sao paulo,SP
b26741d31a563d769b4af0465ab20c56,2,648.0,47.03,2,12.684010416666666,0.0,2,4.0,florianopolis,SC
72c38a04bd6a1c3dbc5298425a0db86d,5,647.3,113.35,4,8.807887731481483,0.0,4,3.75,cascavel,PR
2aa3443d7bf9d9bb11133f420d75e083,10,647.0,134.12,10,10.573586805555555,0.2,10,3.0,rio de janeiro,RJ
13f57c12a00ed4610db646b913a7f5c6,13,645.2,175.95,7,12.374728835978837,0.14285714285714285,7,4.857142857142857,santos,SP
8d899e15a5925f097cca50faa49b15e3,10,645.0,150.98000000000002,4,6.067864583333333,0.25,4,3.75,sao roque,SP
ad273c9eb54ecb4532de4bf75bae9e4e,11,645.0,184.75,10,12.209924768518519,0.0,10,4.1,curitiba,PR
f3295428338a40977a03f555246a70f4,7,644.98,124.4,7,14.829621362433864,0.14285714285714285,7,3.5714285714285716,vitoria,ES
5882f40daf39bc2a465e0cb453ddc222,1,640.0,58.9,1,,,0,2.0,sao paulo,SP
bd1d49a326abfa9b1036772e40445430,13,637.7,188.5,12,12.412584876543209,0.08333333333333333,12,4.083333333333333,bauru,SP
bc503e244f187939d10c92a5c8e378ce,16,637.67,222.13,7,11.930763888888889,0.0,6,3.2857142857142856,birigui,SP
7b98de631987e26dd6d803490c43a13c,8,634.2,144.43,8,10.583616898148147,0.0,8,4.625,loanda,PR
385799a1cddbd26dfeb9157356a42282,7,633.93,82.61,5,8.503075810185186,0.0,4,4.0,sao paulo,SP
be8e909810184b9b19e886129149d8e5,15,629.85,216.23,15,15.356016203703705,0.13333333333333333,15,3.7333333333333334,piracicaba,SP
c33a5c3c983090c8b78a28e65052a20d,9,629.1,145.06,9,11.570222800925926,0.0,8,4.222222222222222,criciuma,SC
685b870da5b52a710782c9c0fefbeb5b,2,627.0,43.98,2,39.61394675925926,1.0,2,2.0,sao bernardo do campo,SP
8759e7aedd644f487315e5860962f162,3,627.0,166.34,3,32.80336033950618,0.3333333333333333,3,3.6666666666666665,santo andre,SP
0570350b23eda5444f8d1d9544932058,11,626.9,124.86,6,5.071749614197531,0.0,6,5.0,sao paulo,SP
d8cf3b6a2151949f930d0252b180ec42,19,623.7,406.48,6,7.142662037037037,0.0,6,3.5,mandaguacu,PR
3969863bb8af7f72580b3b1ffd3a17b3,13,623.15,226.87,12,10.236331018518518,0.0,12,4.083333333333333,sao paulo,SP
26bad72add1f86e08a776ce4ffdaf1ca,7,622.0,123.92,7,10.942886904761906,0.0,7,4.428571428571429,pedregulho,SP
b5bb2b985208834bd5bd86c7a402bbad,2,621.06,38.66,2,11.335590277777778,0.0,2,5.0,venancio aires,RS
6b15924333bd1a741595fe981ea04822,21,614.3199999999999,240.14000000000001,21,7.780927579365079,0.0,21,4.666666666666667,sao caetano do sul,SP
b0b346d3a89f5eb4c2968af3f083cd43,12,614.0,212.60000000000002,11,23.350222479423866,0.3333333333333333,9,3.272727272727273,campinas,SP
1d29dfba02015238dfbe2449a5eaa361,12,612.8,177.12,12,15.374400077160495,0.08333333333333333,12,4.5,vicosa,MG
b44dbfbf62e52125f3c15d230569ea91,8,609.37,89.69000000000001,4,4.995295138888889,0.0,4,4.75,sao paulo,SP
3d3ccf2b2f8134b10dce9dd446f0e075,3,608.6,141.93,3,16.772862654320985,0.3333333333333333,3,3.3333333333333335,ibitinga,SP
c6a7539d424a8402232c2228d7a03c5e,15,607.5,393.82,10,14.271766203703702,0.1,10,3.1,sao paulo,SP
2059c39f76271d4ca3f15b5ffaccc8b8,12,604.9,186.39000000000001,12,9.585923032407408,0.0,12,4.5,curitiba,PR
aae5e7b457a3c72ee230a47d98fceda5,7,604.8,140.77,5,11.924442129629629,0.0,5,4.2,sao jose dos pinhas,PR
5a6a02f419701fc8c605af71d4fc57a4,11,600.5,113.91,10,5.593672453703704,0.1,10,4.8,americana,SP
6179a28a13a726c29b3bf54c070dccab,2,600.0,86.24000000000001,2,25.23008101851852,0.0,1,3.0,varginha,MG
1588ac4010787100dddef64568f0ae35,3,599.97,46.0,3,19.871010802469137,0.0,3,3.0,maringa,PR
8e29d051f810eb22959ede205b462b9f,2,599.8,213.48000000000002,2,31.752569444444443,0.5,2,4.0,mirassol,SP
ad8ada0ffa993cb1197d102d9ab21a3e,2,599.8,56.36,1,,,0,1.0,araguari,MG
3be5841cdcc46de4ed3f9116f104b2c5,4,599.6,88.35,4,8.005859375,0.0,4,4.75,barueri,SP
53336f97ddbe53e2a617d07b17447b95,1,599.5,75.33,1,19.431122685185183,0.0,1,5.0,sao paulo,SP
262237171f48e85819065498cac80d7b,10,599.0,150.0,4,11.070480324074074,0.0,4,4.25,brusque,SC
d94ba08b99bedd6a5f6c875ecc4a6fac,10,599.0,179.27,9,12.503735532407408,0.0,8,4.777777777777778,apucarana,PR
d0d70d21e2234dd7cd3cf63fe414148a,9,598.4,366.59,8,9.144545717592592,0.0,8,4.25,sao bento,PB
638cba8be1fb599bbb76fd6948351eb3,26,598.1999999999999,315.67,17,8.141051070601852,0.0,16,4.647058823529412,sao jose dos campos,SP
8bd0e3abda539b9479c4b44a691be1ec,13,596.55,248.79000000000002,7,23.688628472222224,0.3333333333333333,6,2.2857142857142856,tres de maio,RS
791cfcfe22fe4a771ece27f90017da92,2,596.26,57.49,2,28.20550925925926,1.0,1,1.5,ribeirao preto,SP
38e6dada03429a47197d5d584d793b41,12,596.14,206.91,7,10.115011574074074,0.0,7,4.428571428571429,sao paulo,SP
11938fcc75f6902fea1d0a6f72b54a57,2,594.98,142.16,2,22.36358796296296,0.0,2,3.0,sao miguel d'oeste,SC
3d68c634a99a1ba46dbca3967a69c623,2,594.0,263.7,2,9.19443287037037,0.0,2,5.0,nova trento,SC
eebb3372362aa9a46975164bed19a7e7,8,591.92,119.4,7,52.582190393518516,0.5,4,2.5,sao paulo,SP
6e0908ef4d4efadbc3cc2b74ea477cb0,11,589.4499999999999,160.82999999999998,8,12.315208333333334,0.125,8,3.75,rio de janeiro,RJ
768a86e36ad6aae3d03ee3c6433d61df,17,587.46,180.24,17,5.081859340958606,0.11764705882352941,17,4.647058823529412,sao paulo,SP
6e4a902d1054e4e17aa6eab87fac1c75,8,586.57,109.13,7,6.74422123015873,0.14285714285714285,7,4.142857142857143,sorocaba,SP
b274baf5bbd142410eb2958cf685d684,7,585.9,148.67000000000002,7,6.354259259259259,0.0,7,4.285714285714286,montenegro,RS
bf961104a38e01b9062ee026bb657dee,4,585.56,79.9,4,9.057149884259259,0.0,4,4.5,ribeirao preto,SP
851773c885feb5e2da3b4f82bc2b17ce,10,585.3,251.82999999999998,10,16.660394675925925,0.2,10,4.2,lencois paulista,SP
70b52a4cfc823994561b00bad161b4ed,10,585.0,100.35,8,12.888871527777777,0.0,8,4.375,sao paulo,SP
83353a83fd769dfafa4f21a72b15e3e5,5,579.5,94.83,5,18.56,0.2,5,3.8,sao paulo,SP
be3b4b0f050a6aa1b2d901c4b77e979f,8,578.1999999999999,155.52,3,8.301018518518518,0.0,3,4.0,imbituva,PR
f524ad65d7e0f1daab730ef2d2e86196,2,578.0,31.5,1,24.899224537037036,1.0,1,1.0,soledade,RS
01c97ebb5cdac52891c0ed1c37ba0012,12,577.5,178.5,9,13.929164094650206,0.0,9,4.222222222222222,catanduva,SP
5ef131ac72773e5b3f6c0d63cf424657,11,575.79,246.2,10,5.92846412037037,0.0,10,4.1,ribeirao preto,SP
ed8cb7b190ceb6067227478e48cf8dde,17,573.5,242.71,15,7.3134652777777776,0.06666666666666667,15,3.4,santos,SP
26af45f5dfd967225a832838aa4e24a3,11,573.1,198.51,10,9.771618055555555,0.0,10,4.1,curitiba,PR
4e326052e5dbba8adcd512f3450a307e,6,570.0,85.96,3,17.967380401234568,0.0,3,2.3333333333333335,sao paulo,SP
9599519be538b98748162a2b48248960,3,570.0,60.06,1,22.617453703703703,0.0,1,1.0,sao paulo,SP
a35ef466c6fd6d052f5d241240d3c5e2,3,569.9,79.65,3,11.831080246913581,0.0,3,4.666666666666667,novo hamburgo,RS
3f9be91358837bff69df67edfa3e42e8,7,569.7,132.36,7,9.842959656084657,0.0,7,4.428571428571429,londrina,PR
a254c682cc01e119f83530446f1df9a9,7,569.4,240.02,6,15.069197530864196,0.16666666666666666,6,4.0,cafelandia,SP
cd2169d9f31ff6fbb9ca3373b0c9e354,1,569.0,56.33,1,15.16494212962963,0.0,1,4.0,nova friburgo,RJ
4170f6a9367e6b5d6401d03ce6d54569,5,568.78,93.03,4,24.803373842592592,0.25,4,4.0,brasilia df,DF
89ad3263c0931c47f976d7c5778e60f6,6,568.2,131.54,6,6.547744984567902,0.0,6,4.166666666666667,sao paulo,SP
f52c2422904463fdd7741f99045fecb6,13,567.79,177.01,12,5.673889853395061,0.0,12,4.25,santo andre/sao paulo,SP
b7ed9fb14c8eadb37adb9c45d67ab0fb,11,566.0,221.75,7,12.563201058201058,0.0,7,3.2857142857142856,jacarei,SP
2f74af7a0ee5636f12c2336f9fffed47,13,560.6999999999999,163.76999999999998,13,9.696574964387464,0.0,13,4.3076923076923075,sao paulo,SP
5f5a58930c3c35f3b5af264f34fb8c85,3,560.0,68.59,3,7.959606481481482,0.0,3,5.0,ribeirao preto,SP
6dc9bec584588412a6a338830946a3e4,2,560.0,107.83,2,21.719467592592594,0.0,1,1.5,sao paulo,SP
b12cfd255810394b60caef18ae163547,2,560.0,166.14999999999998,2,15.839143518518519,0.0,2,4.5,cascavel,PR
820c7c9eaf76d2b226b6c242bcf3f34d,1,559.0,18.0,1,17.76011574074074,0.0,1,4.0,sao paulo,SP
35b96509602ec4b7da831b5cd73ff2c2,2,558.9,47.55,2,9.125092592592592,0.0,2,4.5,sao leopoldo,RS
6eeed17989b0ae47c9f11ece6f38ea90,3,557.0,119.01,3,6.500030864197531,0.0,3,3.6666666666666665,sao paulo,SP
48fb026ed7455a42f5d3e9390ed5088e,11,555.71,223.43,11,11.88611239711934,0.0,9,2.6363636363636362,barra mansa,RJ
8a207b6080964f3c1fc9d35bd6096ba4,3,553.7,176.34,2,22.713935185185186,0.5,2,5.0,jaci,SP
74871d19219c7d518d0090283e03c137,7,550.04,87.87,6,3.870761959876543,0.0,6,5.0,sao paulo,SP
eb9cd5b35d95206585e2185318cb5c61,3,550.0,61.55,2,16.270862268518517,0.0,2,3.0,sao paulo,SP
bb2afe2061d53c6968aa0cffa233a8ec,6,549.4,94.62,5,4.431162037037037,0.0,5,4.8,sao paulo,SP
e433f5fd4050e3352b5d83522b7fe24b,1,548.06,48.71,1,7.448333333333333,0.0,1,4.0,arapongas,PR
0d33a55da925bbf1ff02af5f6059fc7f,24,547.3,385.61,22,8.47973327020202,0.045454545454545456,22,4.454545454545454,sao paulo,SP
6c99c983ce3b6ba0ab813e6790e81691,9,546.75,205.76,9,6.133632973251029,0.0,9,3.7777777777777777,uberlandia,MG
9c1c0c36cd23c20897e473901a8fb149,7,544.97,172.07,6,6.220837191358025,0.0,6,5.0,praia grande,SP
af7cdac9d9897cddead9c6b08976c642,6,543.54,150.47,6,15.225084876543209,0.16666666666666666,6,3.6666666666666665,laranjal paulista,SP
4cc4fd4fdd406a85bbdc1f824b731bd7,2,539.98,31.24,1,8.304594907407408,0.0,1,5.0,toledo,PR
228e4c1a0be164f613d41c24345f9d2c,5,539.7,229.74,5,11.118863425925927,0.0,5,5.0,bandeirantes,PR
6c17baf138731a4aaacc3210adf2037b,5,538.8,89.92,4,7.55021412037037,0.0,4,5.0,franca,SP
08d1c9478fb0d7d7fcac9c0da4e82fc7,1,538.0,67.57,1,10.392372685185185,0.0,1,5.0,belo horizonte,MG
79ee721b6f766066a80264402548d359,2,538.0,30.36,2,,,0,1.0,bauru,SP
ff314fa6033cc68ec451c47aee2d6ba4,2,537.9,32.44,2,10.687337962962962,0.0,2,5.0,sao paulo,SP
1fe61aa5494bd3ae92a2c13e067c810f,2,537.76,100.82,1,7.990543981481482,0.0,1,4.0,santa cecilia,SC
cb9fb4ca75d7ba8437480e8dde64fe98,10,532.14,173.42000000000002,10,9.250421296296297,0.0,10,4.0,sao paulo,SP
1f7fd2a6fcd5a6fa5d8a4dabc72aaae0,3,531.8,100.88,3,7.109780092592593,0.0,3,5.0,venancio aires,RS
6650fcccd8cd2f7e55ffa524f30c4c59,3,529.7,166.0,3,8.132112268518519,0.0,2,2.6666666666666665,sao paulo,SP
2e7ea2aafec5835e781b21d6d1faf1f1,7,528.4,118.22,7,7.159899140211641,0.14285714285714285,7,4.5,sao paulo,SP
7402d13c03a7e91366337cd1de471144,4,528.38,131.19,4,9.903695987654322,0.0,3,3.5,cambe,PR
6879c4d287a8dd06b11f54ea8f78e4da,6,527.67,149.46,6,6.816903935185185,0.0,6,4.333333333333333,osasco,SP
979e9f8b5b39dd243a2550c8b05aecf0,4,525.0,46.88,3,9.339444444444444,0.0,3,5.0,sao paulo,SP
3968920b9aa752ab98f7d5888c9252f2,10,523.3,157.71,8,9.638804976851851,0.125,8,3.875,bauru,SP
02b72cdeb9cfcc429f1af6f4e3f3b737,4,522.65,225.99,4,12.510251736111112,0.0,4,4.75,ibitinga,SP
6e13dd869aa7185f601c941423abcc8f,6,522.0,76.08,5,4.2793425925925925,0.0,5,4.8,sao paulo,SP
c026ef0d72e9132d9fa112308090c8dc,1,520.0,37.72,1,11.181145833333334,0.0,1,4.0,rio de janeiro,RJ
fc59392d66ef99377e50356ee4f3b4e1,5,519.99,86.97,5,7.950819444444446,0.0,5,3.6,salvador,BA
f9ec7093df3a7b346b7bcf7864069ca3,9,519.2,118.93,9,6.317723765432099,0.0,9,4.777777777777778,sao paulo,SP
d197aa8fbc64087f61984deef05f6227,7,519.09,111.56,6,7.411525848765432,0.0,6,4.833333333333333,sao jose dos campos,SP
b6dc74ed30f124f95227bed4e43a3bed,13,518.9599999999999,228.63,11,18.03835390946502,0.1111111111111111,9,4.0,arapongas,PR
ff4e2d38692ce827b1a4f4b8196e680d,11,518.9,150.28,11,9.210698653198653,0.0,11,4.2727272727272725,sao paulo,SP
a7dc4098e4da6e41b426269d12ae7e91,3,518.0,36.45,2,6.348055555555556,0.0,2,3.0,sao paulo,SP
3296662b1331dea51e744505065ae889,1,517.8,27.71,1,3.404826388888889,0.0,1,5.0,catanduva,SP
7e79d65b5c6f1f544b7daea036acf720,4,517.8,62.09,4,8.56722511574074,0.0,4,4.5,sao caetano do sul,SP
9e6967d3cf386d284251784b18ccb485,11,517.67,137.23,9,7.245511831275719,0.1111111111111111,9,3.888888888888889,sao caetano do sul,SP
64cc804291f90c81f02bfc2bb58ff55a,2,517.6,46.54,2,14.760040509259259,0.0,2,5.0,curitiba,PR
1d503743d2526f03f0c2c89540ee008c,17,516.04,204.49,12,10.80260513117284,0.08333333333333333,12,3.9166666666666665,sao paulo,SP
b87a7ea0c30fad2dd6781b74a0064859,9,515.4,122.35,9,15.243249742798355,0.2222222222222222,9,3.4444444444444446,sao paulo,SP
a06c8ff043abea0528ee44171e2140a2,8,514.5,92.42999999999999,8,3.879386574074074,0.0,8,4.75,divinopolis,MG
c157bdeedcbc9a8e3c8bf0d87ff24428,10,514.27,208.7,7,12.136866732804233,0.0,7,4.428571428571429,mairinque,SP
7e959205cebc10adefcb331f934238a4,2,513.9000000000001,32.65,2,,,0,1.0,sao paulo,SP
4a82168aaef173cbb6e46ae88728f919,4,512.0,100.39,4,6.717989004629629,0.0,4,4.0,irati,PR
c84592044b180dec206770c38603814b,15,511.94000000000005,224.26,15,12.918706183862435,0.0,14,4.2,sao paulo,SP
2b2fed75b8e5ea3a052fc4c0825da485,4,510.9,59.93,3,5.570671296296297,0.0,3,5.0,juiz de fora,MG
c3aad7dc65449ae90a5e9c3c6c1e78e0,6,510.0,130.36,6,7.48622299382716,0.0,6,4.666666666666667,auriflama/sp,SP
c53bcd3be457a342a97e39e5a9f0be22,5,509.5,186.09,5,12.383395833333333,0.0,5,3.2,neopolis,SE
270d3ef21830ad0ecf3a6c53d08a533a,18,509.0,234.67,6,11.543194444444444,0.0,5,2.3333333333333335,carapicuiba,SP
4be6b962d83299498bae2190f95d6566,12,508.8,182.29,11,7.897717803030304,0.09090909090909091,11,4.1,sao carlos,SP
f650a9708fa1bab22bdd8d3a818cc415,5,507.75,86.83,5,15.323486689814816,0.0,4,3.4,ararangua,SC
33cbda8716511e27e556dff9d8418bf2,6,507.40000000000003,108.17,5,12.712717592592593,0.0,5,4.8,blumenau,SC
5e49e3a44bdeb5aab2684258bbd4f525,3,507.0,52.769999999999996,3,16.658904320987656,0.3333333333333333,3,4.666666666666667,balenario camboriu,SC
3ea00e1dea2b0659dbaf654735929220,7,505.0,144.97,7,11.446294642857143,0.0,7,4.857142857142857,curitiba,PR
e627629ba868740e287800f1a9be81c2,13,504.5,139.05,13,6.900215698653199,0.0,11,4.461538461538462,sao paulo,SP
2493dc3f20131696a0ecdb9948051a8d,4,504.38,70.69,4,9.174956597222222,0.0,4,4.75,brasilia,DF
20a7efa9721046319bdde5d60b6b5365,6,501.20000000000005,95.39,3,19.369699074074074,0.0,3,5.0,laguna,SP
39a5005f2605cbdb4f9ac14485cabfd1,8,501.07,232.59,3,9.623873456790124,0.0,3,5.0,barretos,SP
28fb0829fd777877cdc350d25cb5bd5b,4,499.6,69.66,4,14.081875,0.0,2,3.75,sao jose do rio pret,SP
97e995629983723d11830a829bc2b246,5,499.5,99.37,5,17.008074074074074,0.0,5,4.8,lorena,SP
13c2ed7698b3ca92dad49e849219da59,9,498.61,154.68,8,10.88997974537037,0.0,8,4.375,ponta grossa,PR
265fdc289dffa9f1ad801c74f7d0de47,1,495.0,51.55,1,7.357453703703704,0.0,1,5.0,jaci,SP
ccbd753e6863fe7314dc6c0ca5a074e7,1,495.0,101.56,1,11.860879629629629,0.0,1,4.0,blumenau,SC
e59e489e2ea74bd409b798b5daf49de3,5,495.0,86.76,3,15.36360725308642,0.0,3,1.6666666666666667,maringa,PR
c458e2045a8aa8964f8879af03fdcce6,9,494.91,196.79,4,16.03906539351852,0.0,4,2.75,sao caetano do sul,SP
fcba71d4d5db057f43249145e4eb1e27,3,494.55,53.72,3,18.62317901234568,0.0,3,4.666666666666667,limeira,SP
c286ec035ee04ba81c97508f0b5df544,2,493.0,72.9,2,14.242025462962962,0.0,1,2.5,curitiba,PR
0951a6e282947e09cd47969f4ed0b47f,7,492.3,88.02,7,4.719513888888889,0.0,7,4.857142857142857,taboao da serra,SP
e601b04acf48b4576e73ddca9481f0dc,16,491.94,211.0,15,6.84870987654321,0.0,15,4.066666666666666,sao paulo,SP
b9c0ffa92f3ff9a5a3d45ef7213c0842,3,490.0,82.17,3,21.183537808641976,0.0,3,5.0,sao paulo,SP
64b87978a11c1ea7501a89eabe8c2c1a,7,489.92999999999995,101.9,7,,,0,2.0,presidente bernardes,SP
7816cd9c5b1238e320545f5bf7eb80e8,1,489.0,22.76,1,10.901851851851852,0.0,1,4.0,araraquara,SP
d65f31d2413268e671989503f6cf9993,3,488.8,71.15,2,,,0,1.0,artur nogueira,SP
f88adb15807168d3c43d71021090ce4a,3,488.8,52.26,3,6.365833333333334,0.0,3,3.3333333333333335,porto ferreira,SP
09bad886111255c5b5030314fc7f1a4a,5,487.5,72.86,5,6.468912037037038,0.0,5,5.0,sao paulo,SP
6219ba2359cfb97f2e38fd4c321eb309,6,487.5,103.05,6,23.707979166666668,0.6,5,3.4,sao paulo,SP
83a75eea11694e36e56dd0cb2240229a,3,487.0,42.47,3,4.093989197530864,0.0,3,5.0,amparo,SP
b3f19518fcec265b2e97af287725f981,9,486.91,137.57,9,10.665917245370371,0.0,8,4.222222222222222,tanabi,SP
6ee85be3693ed79a8e80718743d80655,13,484.5,170.82,9,29.121037037037034,0.4,5,2.3333333333333335,sao paulo,SP
c7a0a13cbcf29d5ce51c8f80afdc0b89,9,483.08,174.72,8,10.866258680555555,0.0,8,4.125,laurentino,SC
70c4eedec9cb4a85cda2f3f9673557b4,2,479.8,32.75,2,7.002696759259259,0.0,1,5.0,sao paulo,SP
c1f12f926d0ba950578b4fa41115cbb6,4,479.6,76.96,2,36.750966435185184,0.5,2,4.0,sao paulo,SP
0c7f30ae9b147eca07affbef92832a6a,5,479.5,87.61,5,8.54264814814815,0.0,5,5.0,ponta grossa,PR
32fdd5d44ecb43dfd6a24b9369eca144,8,479.2,138.68,8,16.070402199074074,0.0,8,4.375,carmo do cajuru,MG
bac692d6c0ed08467878018e6cc9c26c,3,477.0,82.23,1,7.197361111111111,0.0,1,4.0,blumenau,SC
f1198c871e0171278b63f40d112caeec,2,475.8,82.27,2,11.401388888888889,0.0,2,4.5,sao paulo,SP
29e6e05b65f93bc224c644319dc52ecf,4,475.6,83.32,4,6.916348379629629,0.0,4,4.75,juiz de fora,MG
768de2a4fc06aacecb9a586ccc30746a,14,475.59999999999997,237.93,14,14.864153311965813,0.0,13,4.428571428571429,brasilia,DF
e1b12447a7563944843191754aeb5562,10,472.46000000000004,126.67,9,14.48102752057613,0.2222222222222222,9,4.444444444444445,guarulhos,SP
e3dd723429d1b23614b7fa85e2c7a853,8,471.05,126.57,7,13.620887896825396,0.14285714285714285,7,3.7142857142857144,sao bernardo do campo,SP
2953ce3a88f5e3c3b696d77fc9e4c8eb,15,470.0,161.32,14,8.224686673280424,0.07142857142857142,14,4.642857142857143,sao paulo,SP
8fec2e460530482132c436cfb5439925,5,468.46,80.15,3,21.85567901234568,0.3333333333333333,3,4.333333333333333,laranjal paulista,SP
038b75b729c8a9a04b0d07cba7eabe86,2,467.0,90.85,2,22.549861111111113,0.5,2,3.5,sao jose dos campos,SP
c42fd8e4d47dfb18ce5222f2dd7752f9,11,466.99,161.64000000000001,7,26.340785383597883,0.2857142857142857,7,3.8,osasco,SP
9fc70243fb26800cba56e8f014797004,7,466.6,104.7,6,9.69967785493827,0.0,6,4.5,belo horizonte,MG
feb793c88d836c3a75efa4b5a3465d70,1,466.0,64.17,1,5.986342592592592,0.0,1,5.0,sao paulo,SP
2c3d56f92f360fb89d849b84e8f50eae,8,465.6,124.84,8,13.617607473544975,0.14285714285714285,7,3.125,barueri,SP
ee2fbacc2fc3794e656cc4d933d59ce7,3,464.97,53.73,2,7.072615740740741,0.0,2,4.0,sao paulo,SP
651fe66032c9520ee5587f694908040d,7,464.0,128.73,7,6.706140873015873,0.0,7,4.0,alvorada,RS
40536e7ca18e1bce252828e5876466cc,4,463.96,499.04,2,,,0,1.0,caieiras,SP
0a82f5fb06a4fe4ac2cf7cb412ec71b8,2,462.0,22.799999999999997,2,5.281736111111111,0.0,2,5.0,sao paulo,SP
cb0b3bcf14e0a709df412a99424a59d7,2,460.0,47.43,2,22.21970486111111,0.0,2,4.5,sao paulo,SP
aec99834ab5d38ead22766ada8497e87,1,459.0,17.51,1,7.261747685185185,0.0,1,5.0,colombo,PR
8b2d4ab22f42c5cfc338b846decfda60,9,458.0,185.32,6,15.661452546296298,0.0,6,4.833333333333333,fazenda rio grande,PR
dd88d13bea9e4c2bf47daf224f8141e5,1,458.0,29.38,1,5.675613425925926,0.0,1,5.0,lajeado,RS
c7dcd301ecfe5ab7f778ac172cf74be7,4,457.69,62.14,4,25.347723765432097,0.0,3,2.5,belo horizonte,MG
38102b031c2a15e54623d711bfc753d3,11,457.0,352.41,9,21.181413483796295,0.0,8,3.6666666666666665,mucambo,CE
e546117ed9cafbc40239c0c78635c584,2,456.0,28.34,2,6.369074074074074,0.0,2,4.5,sao paulo,SP
117cfc326c6d50da67ca858ff5c0c852,5,454.6,81.47999999999999,5,6.073467592592593,0.0,5,4.6,sao joao de meriti,RJ
35857757f553273b1056c1cabdace7fb,6,454.6,118.74000000000001,6,18.20813271604938,0.16666666666666666,6,4.0,ribeirao preto,SP
b248792ac0b60ec3f93d80af1b4fae47,9,454.5,153.85,7,6.652924933862434,0.14285714285714285,7,3.857142857142857,sao caetano do sul,SP
55029529919c0123526150bd26ca8f20,7,453.95,134.88,7,8.695739087301588,0.0,7,4.714285714285714,contagem,MG
fc4751cfe3b279c419615b9b00c1abb4,1,453.7,17.35,1,8.010011574074074,0.0,1,5.0,londrina,PR
7994b065a7ffb14e71c6312cf87b9de2,7,453.0,144.34,5,9.00992824074074,0.0,5,5.0,cariacica / es,ES
e5899683388855d3dabe8913bbe365de,3,452.88,80.98,3,7.7213618827160495,0.0,3,4.0,sao carlos,SP
777a0c55737f34ffeb78010f7542ab41,6,452.5,75.83,6,4.23389274691358,0.0,6,4.333333333333333,sao paulo,SP
eb5b6204dde3a6e03b5f1bb8479f055b,21,452.2,275.13,19,10.447398269980505,0.05263157894736842,19,3.9473684210526314,embu guacu,SP
08f5819815f3d06545011850bd70f0a8,3,452.0,70.83,3,8.471766975308642,0.0,3,4.666666666666667,santos,SP
4de6e4ba574aa9dfdc824bc44dc47fdd,14,451.1,253.32,14,9.368518518518517,0.07142857142857142,14,4.071428571428571,colombo,PR
b98b715fe9e276204e2a3464f48cd796,6,450.58000000000004,67.03999999999999,6,11.317511574074075,0.0,4,3.3333333333333335,sao paulo,SP
101a3a003516bc11253298b2fad3cb65,6,450.0,74.0,5,6.493062499999999,0.0,5,4.8,rio claro,SP
968ee78631915a63fef426d6733d7422,2,450.0,71.67,2,15.264716435185186,0.0,2,3.0,erechim,RS
d90fe2229fee1a5da999ccd0c06c1667,3,450.0,66.91,3,9.816265432098765,0.0,3,4.666666666666667,sao paulo,SP
bbaff50f3b708fda865918715276cd87,16,449.7,202.07,12,10.197382330246914,0.16666666666666666,12,4.75,atibaia,SP
a11a0e0ca67423425691db355cff69b0,2,448.9,28.080000000000002,2,5.527760416666666,0.0,2,5.0,indaiatuba,SP
3d0cd21d41671c46f82cd11176bf7277,11,447.8,174.57999999999998,9,12.853112139917695,0.0,9,4.666666666666667,joinville,SC
5e106d93b717c2682b9383da480364a1,1,445.9,21.71,1,7.260185185185185,0.0,1,5.0,santa terezinha de itaipu,PR
a5bff0f43eb51f0cad7c37fac7244c8a,5,445.0,96.27000000000001,4,15.874427083333334,0.0,4,4.75,sao paulo,SP
6c1b6d0c604b776f844125f911eb7377,5,443.06,81.44,5,17.514010416666668,0.0,4,3.4,sao paulo,SP
d4e4b5192cba4e0e66eb12a9d347239d,12,441.8,210.29,12,13.376001683501682,0.0,11,4.166666666666667,toledo,PR
f22a247b79dd22ecd91dc8e3b2a1b07c,8,439.94,134.9,8,18.033972800925923,0.25,8,4.0,itaquaquecetuba,SP
64c9a1db4e73e19aaafd3286dc448c96,1,439.0,43.6,1,9.469189814814815,0.0,1,5.0,curitiba,PR
c3251e13f1bbda6c74e37c160f991e19,2,437.79999999999995,75.28,2,13.26116898148148,0.0,2,5.0,porto ferreira,SP
b29d3380981c51df13fc6fbe87e1763d,7,435.3,98.58,6,8.02613425925926,0.0,6,3.8333333333333335,ribeirao preto,SP
98115075dd26cb8835946fc6086f5d30,4,434.96000000000004,56.24,4,4.25859375,0.0,4,4.75,ao bernardo do campo,SP
26d6bbee02420494d471c9f6436929c0,13,434.51,247.19,12,8.373374807098765,0.0,12,4.666666666666667,curitiba,PR
c0e6839516f5398edc34adf5f1d53d1a,3,432.92,87.92,3,5.102037037037037,0.0,1,2.6666666666666665,guaruja,SP
4e480be820e37de1444325ff358c9296,2,430.3,143.44,1,12.108287037037037,0.0,1,5.0,tres coracoes,MG
f7df46c1e0ec44eed5c6726478da4a17,3,429.70000000000005,57.739999999999995,3,,,0,1.0,novo hamburgo,RS
939e6227d6964a11a70aa91243e418f2,4,425.0,63.25,4,5.3417332175925925,0.0,4,4.25,conselheiro lafaiete,MG
a45314082d50d578a4721c9787ce09ab,2,424.9,29.020000000000003,2,5.23833912037037,0.0,2,5.0,mirassol,SP
dc50afafdfa325eadc890c7fa42a8f4e,4,424.2,57.28,4,6.205685763888889,0.0,4,4.75,maringa,PR
b080809eaacb49e5ca07290981472431,11,424.0,143.4,11,10.537906144781145,0.0,11,4.818181818181818,belo horizonte,MG
acf974e4d5950ad143a247471b831eb9,12,423.8,329.82,5,11.84618287037037,0.0,5,4.75,caxias do sul,RS
41e0fa5761c886a630994a55c12087e7,5,423.6,68.31,5,10.239402777777778,0.0,5,5.0,guaruja,SP
7c1fea10b5b006671d608b1d7c446ec4,14,423.59999999999997,224.15,14,16.23116898148148,0.07142857142857142,14,4.0,boituva,SP
5dc203c7b84a0e71e878a179de05fb9a,5,421.9,128.15,5,8.570122685185186,0.0,5,4.0,pompeia,SP
c714262700f93defc16bf17a51a4cb23,4,421.8,69.53,4,10.20859375,0.0,4,3.75,sao paulo,SP
9d5604a1f112324ad6b2aa552122e0fb,17,421.5,340.48,13,12.491833155270655,0.0,13,3.5384615384615383,florianopolis,SP
cc80e2f693fa6e2408f47ccf62413fc1,2,420.0,88.63,2,14.152598379629628,0.0,2,4.0,curitiba,PR
189ca3538ce9f920cacf0f982cbe223b,5,419.0,62.67,4,4.121629050925926,0.0,4,4.25,sao paulo,SP
6d7f8d9d594e28796b6b3205b00f459c,3,417.9,59.11,3,15.28804012345679,0.0,3,3.6666666666666665,curitiba,PR
7b7f91e98f8c6def45a1407923304402,14,417.47,203.01999999999998,11,13.368617424242423,0.09090909090909091,11,4.181818181818182,osasco,SP
b64d51f0435e884e8de603b1655155ae,23,416.18,357.36,17,7.401608796296296,0.11764705882352941,17,4.294117647058823,garulhos,SP
a53f60f05f822b5c621a50ff6a5cb362,6,415.40000000000003,129.13,4,11.473101851851853,0.0,4,3.6666666666666665,uberlandia,MG
34a557286ead8fe75c989e0afcf7d98c,4,414.9,58.56,4,8.269539930555556,0.0,4,4.75,franca,SP
35fb511489d9ee3ee27a76debce9df06,7,414.5,172.29000000000002,7,16.808877314814815,0.14285714285714285,7,3.5714285714285716,londrina,PR
ff1e15b778c700abdd4d239b81ac466d,7,414.3,114.86,7,7.551547619047619,0.0,7,4.571428571428571,curitiba,PR
bd149ed516d4c5d418d5781f8e18919f,9,414.0,141.94,8,8.387290219907408,0.0,8,4.875,guarulhos,SP
acb6c2ca5c82411c1fdb88d5fd5eb95e,11,413.88,161.61,10,10.168471064814815,0.0,10,3.9,sao paulo,SP
042573af89b6d931f672efaf789d8358,3,413.48,65.09,3,20.024783950617284,0.3333333333333333,3,3.6666666666666665,sorocaba,SP
ead2bab70821ea148476ae9bc08548ac,9,412.1,116.2,9,7.322022890946503,0.0,9,4.555555555555555,belo horizonte,MG
a35124e2d763d7ca3fbe3b97d143200f,7,411.5,78.89,4,10.707777777777778,0.0,4,4.75,sao paulo,SP
86ff3eaef0267069cc891a2ed9d10a17,7,409.75,140.61,7,8.963817791005292,0.0,7,4.714285714285714,palhoca,SC
5275ca25d0358ca73864e0ae41be1320,4,409.6,69.22,4,7.039756944444445,0.0,4,4.75,guarulhos,SP
f4ce8ca9fa7157e3b33f536ac9a4487d,4,409.6,97.53,4,6.975619212962963,0.0,4,4.75,penapolis,SP
c3f5668699a1b04c0fa61ecea1e2bff6,3,407.81,107.12,3,12.12863811728395,0.0,3,5.0,apucarana,PR
20a8b0dc55da94fe74d112082427c84f,7,407.4,123.98,7,8.23525462962963,0.14285714285714285,7,4.285714285714286,itu,SP
89bc797e2e29667aa035d4368f9b7f92,20,407.3,252.15,17,15.388719618055555,0.1875,16,3.7058823529411766,sao paulo,SP
6b803197e03abd5056b4313306b4f29d,12,407.0,123.62,7,5.328425925925926,0.0,7,4.714285714285714,sao paulo,SP
4a23adac87cf538689fa600d976f78b2,3,405.0,35.41,3,8.555979938271605,0.0,3,4.333333333333333,sao paulo,SP
179d859f51292aac5c10806a356f7af9,19,404.46999999999997,395.8,18,8.988954475308642,0.05555555555555555,18,4.388888888888889,ribeirao pires,SP
ed9eef5be0992d413d251fadba1a410d,9,404.09999999999997,143.24,3,10.529228395061729,0.0,3,4.666666666666667,mogi guacu,SP
5563732abe64c3036cb97ad924128dd1,3,404.0,37.6,2,12.159421296296296,0.0,2,4.5,guarulhos,SP
0ddefe3c7a032b91f4e25b9c3a08fca1,10,402.9,150.0,9,7.80940072016461,0.0,9,4.555555555555555,sao bernardo do campo,SP
3d01d1c414c44b5943a09619ff3853cb,5,402.6,82.33999999999999,5,13.825367476851852,0.0,4,3.8,campinas,SP
29fe9f200d3fa0c668d2aa1ec7e08dfb,5,400.0,114.16,5,10.749125000000001,0.0,5,4.0,balneario camboriu,SC
ceb7b4fb9401cd378de7886317ad1b47,1,399.9,16.55,1,,,0,3.0,04482255,RJ
d7485b33791774c36108f8c69602d48d,10,399.82,219.32,10,8.889136574074074,0.1,10,3.7,curitiba,PR
62d977e2b2aee830de3e039a28490d12,2,399.8,32.32,2,,,0,1.0,curitiba,PR
63ffcb71394dd8ea3872ed9ffda17c74,17,399.0,264.72,17,13.25094566993464,0.058823529411764705,17,3.176470588235294,itaborai,RJ
d263fa444c1504a75cbca5cc465f592a,1,399.0,45.07,1,9.542453703703703,0.0,1,5.0,americana,SP
fadb07c842a2aef5d5a676b85f220e71,7,398.75,171.62,7,6.430039682539683,0.0,7,4.714285714285714,sao jose do rio preto,SP
73da1880b39c71de2b262bc7720c1494,2,398.0,46.99,2,8.223836805555555,0.0,2,5.0,sao carlos,SP
c52c644cc0dc85121207a27013efc6af,2,397.8,283.16,1,7.146863425925926,0.0,1,5.0,tiradentes,MG
48e954b2da4f6a750c844173b347ed40,6,397.79999999999995,159.01,2,8.116221064814816,0.0,2,4.5,porto alegre,RS
12a8eb0f8d1cd3270695bf2a99f55966,2,397.0,39.67,2,20.976712962962964,0.0,2,3.5,sao paulo,SP
62760d278921b5f352461620d68a9cee,3,397.0,53.1,3,19.679513888888888,0.3333333333333333,3,3.6666666666666665,salto,SP
41b14765bd56c8ad10971074380f9c0c,10,395.5,119.13,8,7.047965856481482,0.0,8,4.625,santo andre,SP
9b76ad3d04236f76bc71c59470305e13,3,394.70000000000005,61.93,2,5.747731481481482,0.0,2,5.0,boituva,SP
0249d282d911d23cb8b869ab49c99f53,11,393.0,138.88,11,10.258965698653197,0.18181818181818182,11,4.2727272727272725,sao paulo,SP
a2fa0bdc798ee84cdb08281337cf4fb6,13,392.75,218.27,10,18.204419849537036,0.0,8,4.0,florianopolis,SC
bc30de0d71bd6260b936a026b5cf7200,3,392.37,90.47999999999999,3,12.237530864197531,0.0,3,4.666666666666667,pedreira,SP
59cd88080b93f3c18508673122d26169,12,392.33,175.38,10,13.021471064814815,0.1,10,4.7,praia grande,SP
fe4cd9461203cee790d36792420b310f,3,391.15,54.379999999999995,3,14.347658179012347,0.0,3,4.0,caratinga,MG
c13ef0cfbe42f190780f621ce81f2234,1,390.0,61.28,1,28.063055555555554,1.0,1,3.0,sao paulo sp,SP
8936ba0de1073ee888cb3185ae5dc661,1,389.99,22.22,1,13.190671296296296,0.0,1,5.0,sao paulo,SP
4049512728d969bec69f84088b012416,9,389.84,160.43,7,10.469077380952381,0.0,7,5.0,belo horizonte,MG
ea00f977a203ff88adf7057cb7806998,19,389.71999999999997,183.68,19,5.417617669753087,0.05555555555555555,18,4.105263157894737,santos,SP
0fe2d9733ed841eb064503920015a8c0,3,389.64,108.71000000000001,3,8.665925925925926,0.0,3,4.666666666666667,ourinhos,SP
a7ecf689b40a44361e259b28939023e4,1,389.0,21.91,1,10.922962962962963,0.0,1,5.0,vila velha,ES
c1849d4d32d7a6cecd5aa471809d3135,3,388.98,41.730000000000004,3,5.419305555555556,0.0,3,4.333333333333333,santo andre,SP
2009a095de2a2a41626f6c6d7722678d,12,388.89,193.54,8,8.679225983796297,0.0,8,4.375,sao jose do rio preto,SP
78ef7e885d17f35e2382a47aae8b8cce,3,388.0,65.44,3,8.66204861111111,0.0,3,4.666666666666667,santa cruz do sul,RS
e4fc40017a6d22c46a14ac2e17f87c3e,3,387.0,275.05,3,10.291921296296296,0.0,1,2.3333333333333335,arapongas,PR
94d76e96eedd976258cd3278ce56d5f2,1,385.61,68.56,1,7.032673611111111,0.0,1,5.0,sao roque,SP
559d56f3b8f0bc2e5a9a62fe2ce2a39f,2,385.0,48.72,2,12.295746527777778,0.5,2,2.5,joinville,SC
79565f7d5603b24ddf07ade262547f2f,8,385.0,109.07000000000001,8,13.240676256613757,0.2857142857142857,7,4.0,araraquara,SP
a21c11ec5c3f03e7cc9f9203bff9e1c6,4,385.0,90.88,3,9.542469135802468,0.0,3,3.6666666666666665,santana de parnaiba,SP
a080fc8a850289b27500f6b49cca2553,4,383.0,52.57,4,5.423171296296296,0.0,4,4.75,sao paulo,SP
ab27bbbad5239bc31a34709275a70db4,11,382.9,102.15,3,8.455354938271606,0.0,3,5.0,tatui,SP
933446e9a59dece7ae9175103820ca8f,3,381.39,57.459999999999994,2,24.027141203703703,0.0,1,3.0,curitiba,PR
9853a239ab7b7ebbdc3a21248d5b8e1f,5,381.0,90.00999999999999,5,17.958078703703706,0.25,4,3.8,campo largo,PR
1967a9e2ad6f51802b093147d861df58,2,380.0,45.760000000000005,2,,,0,1.0,sao paulo,SP
f7315bb81aea4ddca2d39e249a801c98,2,379.8,50.28,2,10.214172453703704,0.0,2,4.5,guarulhos,SP
f5b44895715ddfe3087dc414f30268f3,19,378.8,275.64,19,12.497305677387915,0.0,19,4.0,sorocaba,SP
b7ba853e9551f4558440881fd3e5c815,2,376.8,37.989999999999995,2,34.95599537037037,0.0,1,1.0,santo antonio da patrulha,RS
bd15ee794d5e640d9dd71b665b2ab15b,12,374.79999999999995,219.32999999999998,12,14.46503375771605,0.16666666666666666,12,4.0,ribeirao preto,SP
c24173065483e421f9e5e7f599de101d,9,373.91,117.3,9,15.815204475308642,0.1111111111111111,9,3.5555555555555554,sao paulo,SP
404e1ba01358af4cd63f679b2c4d1fa1,12,373.9,177.82999999999998,8,8.209917534722223,0.0,8,5.0,juiz de fora,MG
101921376b577a4540dc30e9009133ca,1,373.0,21.49,1,,,0,2.0,rio claro,SP
08084d990eb3f53af056ccbc1730c8a7,12,372.5,234.29,12,8.503523341049382,0.0,12,4.454545454545454,sao paulo,SP
6d988d6174a2c27441597174f8905515,23,371.73,365.47,19,20.590691398635478,0.10526315789473684,19,4.105263157894737,maringa,PR
0bfd0b434243adc5c2e1aa6baf19c6aa,6,371.20000000000005,65.78999999999999,6,8.463200231481482,0.0,6,3.6666666666666665,rio de janeiro,RJ
70125af26c2d6d4ef401a1d02ae7701f,8,371.2,258.42,5,10.582993055555555,0.0,5,4.6,goiania,GO
0f0c984a4a955310903b6b6008660bad,4,369.81,111.57,4,14.240300925925926,0.0,4,3.75,franca,SP
131fcb0a0c9a47bba4474aacff0f14b7,4,369.8,36.61,4,4.300601851851852,0.0,4,4.0,sao paulo,SP
916748bc99315c2d202898ae58b1617e,32,369.40000000000003,377.11,25,10.472281944444443,0.0,25,4.28,sorocaba,SP
d73cbd89533ce8b041a9190241453ac8,4,368.6,65.02,4,12.21965663580247,0.0,3,3.5,guiricema,MG
63191ead8d3b2f937cd1996fdcbbad20,1,367.0,53.29,1,11.917349537037037,0.0,1,5.0,jundiai,SP
ce616e1913288884e7742faac9d981db,24,365.1,274.93,15,6.777799272486773,0.07142857142857142,14,4.466666666666667,cotia,SP
499ec63c58e51296c9cf57edcfe1c8a8,5,365.0,47.93,5,5.2333750000000006,0.0,5,4.8,sao paulo,SP
f12d3c2a14729ae461b920c11fe20fdc,11,364.45,94.87,9,5.310752314814815,0.0,9,4.444444444444445,santo andre,SP
4e85b538b0dad58852641540686d0e14,4,361.97999999999996,74.36,4,17.22519675925926,0.5,4,3.75,sao jose dos campos,SP
35ef5aa32949680f627efec3c23e705c,5,361.59999999999997,156.81,4,11.067511574074073,0.0,4,3.75,sombrio,SC
a435b009cd956ea60748b5cfbddf2e24,3,361.18,45.209999999999994,3,30.40936342592593,0.3333333333333333,3,4.333333333333333,franca,SP
76de363de16dacc923eec8daf91df504,2,360.0,50.42,2,13.318443287037038,0.0,2,2.5,xaxim,SC
b56828a9f9027f3c918c04ca720d9e3c,3,360.0,111.61000000000001,3,16.972858796296297,0.3333333333333333,3,2.6666666666666665,praia grande,SP
fa14641f57b655e933124a9ea49cd7a5,7,359.92999999999995,83.06,7,6.980003306878308,0.0,7,4.571428571428571,sao paulo,SP
03bd479e1d9484cdb14104d3023f7321,3,359.70000000000005,57.72,3,20.46724151234568,0.0,3,4.333333333333333,uberlandia,MG
184725737946a1a938bbbd1a9e978103,3,359.70000000000005,43.870000000000005,3,8.57604938271605,0.0,3,4.666666666666667,maua,SP
1e8c6a4c538f286aee9573239740a4b4,5,359.7,87.12,5,7.40725925925926,0.0,5,3.8,itatiba,SP
51209b446b2073894bdc0face6c73ffc,4,359.6,79.28,2,9.960538194444446,0.0,2,4.0,vila velha,ES
3076499bbc033a927bf4a8a41bcf7fd4,9,359.33,124.3,7,7.401684854497355,0.0,7,4.285714285714286,auriflama,SP
173d56ffbd4c56cb80fc3615487d712b,2,358.0,39.61,2,6.838940972222222,0.0,2,5.0,sao vicente,SP
f44bdc12aa39f5271f0b95f66cd4c289,7,357.5,74.57,5,11.502087962962964,0.2,5,3.2,braganca paulista,SP
9dd59e43f0c9f0553244e8f9c2fb247e,10,356.3,151.82,10,13.135447916666667,0.1,10,4.8,foz do iguacu,PR
24c1de8d9551c0b4fbc53317d53efda8,1,355.0,57.12,1,12.779282407407408,0.0,1,5.0,serra redonda,PB
761681a821d8275bc79f552116d06869,3,354.92,159.98000000000002,3,8.154621913580247,0.0,3,5.0,sao paulo,SP
8fd3b4468f6425810648177996c14cbd,1,354.9,21.67,1,9.97412037037037,0.0,1,5.0,sao jose do rio preto,SP
9b00cad94ef3078faf6fba2e792c158f,1,354.9,18.92,1,19.39923611111111,0.0,1,5.0,janauba,MG
b88e7c57cb2d8b973b7dd4a2bfa14b36,4,353.9,65.77,4,9.365081018518518,0.0,4,4.25,curitiba,PR
de66a66f2dd06bb9ec37aa96987466a3,8,353.32,115.66,7,15.27156746031746,0.0,7,4.142857142857143,rio de janeiro,RJ
b67d6c666e8dce1d078c882825e12704,8,352.84,104.19,7,7.684325396825398,0.0,7,4.857142857142857,sao paulo,SP
cbbd5ae8f53de5f5097cd8217b529e24,2,351.8,70.44999999999999,2,20.768761574074073,0.0,1,2.5,santana de parnaiba,SP
52092ddbd3a58c450a4459bf051b2287,6,351.7,75.35,6,12.89526234567901,0.0,6,4.333333333333333,dois corregos,SP
e53d5b9b29d1218281f4a907ada18626,5,350.67,133.25,4,6.505842013888889,0.0,4,4.75,toledo,PR
97e4a63591ca439a2b8b7efd20e6e19e,5,349.95,78.55,5,6.431298611111112,0.0,5,4.4,rio de janeiro,RJ
ad87df7699e83b8a91822a4a0b765c3a,7,349.9,88.72,6,10.893604166666666,0.0,5,3.8333333333333335,jaguariuna,SP
52bb00821bcdd358a5a5a27e1f6be5a1,2,349.8,38.629999999999995,2,15.994728009259259,0.0,2,4.5,osasco,SP
079d295dcbf06ee8bb1b65ba964eb2b6,10,349.3,190.79,5,8.265361111111112,0.0,5,4.6,sao paulo,SP
27a56ff04b34c2ba34ce6ba4d3b9d616,8,349.28999999999996,102.98,8,12.881733217592593,0.125,8,4.125,campinas,SP
5c603ffb38cbbf25a0e0698941324143,2,348.8,44.81,2,,,0,1.0,varginha,MG
249f0e9905a6e06ad6c6bea7547ab9f6,3,347.95,39.04,3,6.271500771604939,0.0,3,3.6666666666666665,rio de janeiro,RJ
0747d5bb69f0586cc869d8af4c50f93e,15,346.59999999999997,208.89,14,14.152275270061729,0.08333333333333333,12,3.357142857142857,saquarema,RJ
918717417d88a9f9ae9735567e6c7682,4,345.70000000000005,43.52,4,8.146559606481482,0.0,4,5.0,sao paulo,SP
48efc9d94a9834137efd9ea76b065a38,34,345.6,320.40000000000003,33,10.793470468574634,0.0,33,5.0,curitiba,PR
38af8acfd46ac4a7bf754e8ca6736664,5,345.0,52.94,5,6.385703703703704,0.0,5,4.8,sao paulo,SP
a37c340b91cb0169e8b029db6440fba2,5,345.0,94.95,5,11.123074074074074,0.0,5,4.8,sao paulo,SP
26b482dccfa29bd2e40703ba45523702,4,344.78,67.63,3,3.5925617283950615,0.0,3,5.0,santa barbara d oeste,SP
3985a3c45be355a4c57fde108bfabd1c,8,344.2,172.0,7,11.443118386243386,0.0,7,4.0,rolante,RS
7957cac1a02f45d0a4a7e45626382ec2,1,343.0,21.64,1,26.32175925925926,0.0,1,4.0,curitiba,PR
2a73cba571d90c694b7caca072ccf6ce,2,342.78,38.7,1,21.333020833333332,0.0,1,5.0,sao caetano do sul,SP
b9ec22de23f18567de0e09d776ca0309,2,341.98,40.49,2,6.534861111111111,0.0,2,5.0,brasilia,DF
89de2d6f23e9746ff309705b23581faa,8,340.0,160.08,8,9.644796006944444,0.0,8,2.7142857142857144,londrina,PR
ae8bfdbf1c2a2a2dee92d799db0a31c6,8,339.92,146.22,8,8.8746875,0.0,8,4.125,toledo,PR
5ca5d579b5857ee8709479b1047cecc3,2,339.89,23.990000000000002,2,17.78358796296296,1.0,1,1.0,sao paulo,SP
a2e85714b56b1cb6bb24a9a6e6cad36f,3,339.70000000000005,40.74,2,,,0,1.0,miguelopolis,SP
8fff28c4263ddec387f28d237fb42773,6,339.4,82.28,4,5.756741898148148,0.0,2,3.0,sao paulo,SP
2f4b0d3b9634b647d4edee577d7ebb7e,11,337.9,84.41,10,6.147945601851852,0.0,10,4.9,sao paulo,SP
0743a0239d764b9a0f959a57d07e36ab,4,336.96,66.26,4,5.358070023148148,0.0,4,4.75,sao paulo,SP
4e42581f08e8cfc7c090f930bac4552a,4,336.0,117.8,3,47.10233796296296,1.0,1,1.0,portoferreira,SP
333c4210e76a1aa2ab817b99437e3ff1,2,335.0,67.43,2,7.161348379629629,0.0,2,5.0,vargem grande do sul,SP
a64e44665225d19dfc0277eeeaaccc57,6,335.0,91.76,6,7.929162808641976,0.0,6,5.0,sao paulo,SP
c8660dcf9ba70575f45d80fe28c27713,7,335.0,103.99,4,14.991455439814814,0.25,4,4.5,sao paulo,SP
2c538755f1ca9540af144f266e70df6c,1,334.99,24.92,1,6.557847222222223,0.0,1,5.0,castro pires,MG
3a3e46d10f74d8a6ca76e2b538f106a0,6,334.9,75.08,3,19.48721064814815,0.0,2,3.3333333333333335,sao paulo,SP
61b18775be84fb700a6b2d0ba097bf66,5,334.5,101.51,4,10.575578703703703,0.0,4,4.75,araraquara,SP
7c4618c82226628831613e95e9c22f44,13,333.92999999999995,165.54,13,11.065274216524216,0.07692307692307693,13,4.076923076923077,sao roque,SP
c113b8df1fc375bc3d73d29c1b1144d1,5,333.0,67.87,3,6.7548109567901236,0.0,3,4.333333333333333,sao paulo,SP
76d336555bb25f3165d2f0d6da719c40,2,330.0,23.63,2,11.495,0.0,1,2.0,sorocaba,SP
d7b2377bae6ace1b11fc69a11900ac36,4,329.6,51.96,4,19.543175154320988,0.3333333333333333,3,3.25,sao paulo,SP
09883d9ab71c8fe8a9bfc7fc3075b07e,5,329.5,76.67,5,14.43830150462963,0.25,4,3.4,sao paulo,SP
d36b07fd3c5088e477a72d1fccfe29d4,1,328.9,10.96,1,13.235810185185185,0.0,1,5.0,itapetininga,SP
f18112da765e0971ca5d510dec322bdd,2,327.8,82.95,2,17.898136574074073,0.0,2,4.0,brusque,SC
4b98b0428fc1932cc2514ef9ce2505e6,2,327.63,35.8,2,22.573813657407406,0.5,2,3.0,taboao da serra,SP
08d0949a9a17c027262db1f3c450c26c,12,324.8,233.04000000000002,12,14.330144675925924,0.0,12,3.75,cascavel,PR
6bd503a8230299c9316fb0f726933927,5,324.28999999999996,129.6,4,9.820989583333333,0.25,4,4.75,morrinhos,GO
7dea6f73af847b42cc3985bd620f994d,2,324.0,56.17,2,5.594658564814814,0.0,2,4.0,cascavel,PR
c79151301b9d90985d1fa52879213105,8,322.3,130.81,4,9.062461419753086,0.0,3,3.75,maringa,PR
92d14edfb62ee5ae7fdff70b0f4e7233,13,322.0,165.65,8,8.299565972222222,0.0,8,3.375,sao bernardo do campo,SP
a81466620e46a6970b22ef40379fdfc9,2,321.8,32.98,2,7.190133101851853,0.0,2,5.0,sao ludgero,SC
7b7ed56ae755e2880f2b69632e839c1e,5,321.5,135.1,5,7.304652777777778,0.0,5,4.2,goiania,GO
d149de2f383552baea37a7198c2296ce,3,320.70000000000005,33.67,3,4.890138888888889,0.0,3,5.0,sao paulo,SP
d2f3e277560ed4c6361284429b00f037,7,320.55,134.11,7,8.06350033068783,0.0,7,4.714285714285714,atibaia,SP
4f40d2ed38d1cc945364a7cd202a82c7,1,319.9,16.99,1,,,0,1.0,sao paulo,SP
eb9267cccc90f1b49c8d2f9887c7dd97,1,319.9,26.37,1,7.810868055555556,0.0,1,5.0,recife,PE
883dd81e82754ac2c65e9790a7db8c9a,5,319.5,74.96000000000001,5,7.172194444444445,0.0,5,4.4,curitiba,PR
c611f4ce9ce875bcc063fa97fd4d7d12,1,319.0,13.25,1,4.072800925925926,1.0,1,4.0,atibaia,SP
ea1776927851da2532aa70d6a32c095a,3,318.8,53.519999999999996,3,8.655138888888889,0.0,2,2.6666666666666665,sao paulo,SP
1e9d5a33694bddb76316fd1f54734d20,2,318.0,150.94,2,12.253842592592592,0.0,2,4.5,jaciara,MT
57d2ba47f7a3209aa347532ae75c1165,2,318.0,140.24,2,15.687424768518518,0.0,2,4.0,sao bento do sul,SC
2d22fc3089eb907b29ebff50581fb472,3,317.70000000000005,59.69,3,9.620108024691358,0.0,3,3.6666666666666665,macae,RJ
ea4e9ce63a2134743b4a92777437fcdd,4,316.6,65.7,3,10.11315200617284,0.0,3,4.666666666666667,palhoca,SC
9cf787a239c1aa29dbd76f153dc13f9a,4,316.0,52.400000000000006,4,6.560300925925926,0.0,4,4.75,franca,SP
cf1313c6e2c01c2f4b014f97db4bcd2b,5,315.70000000000005,81.3,5,8.240326388888889,0.0,5,5.0,rio de janeiro \rio de janeiro,RJ
3b18f9856c6eb2413eafedb58e9eecd9,1,315.0,20.09,1,9.18412037037037,0.0,1,5.0,santo andre,SP
da20530872245d6cd9d2f5725613c430,3,314.96000000000004,79.25999999999999,2,10.269930555555556,0.0,2,4.5,igrejinha,RS
12c2ed9cded6138cf0c75f525f565fc7,4,314.96,51.05,4,13.442248263888889,0.25,4,4.25,praia grande,SP
9ac4f14370b1e24ddc58be041b7f99df,5,314.51,122.14,5,9.02382175925926,0.0,5,4.4,jaragua,GO
8c9348f33ae3dada25c99c99ade2af78,2,312.99,51.94,2,10.17058449074074,0.0,2,5.0,carapicuiba,SP
5f0057b677eb963672bf05dfa3f16c34,5,312.88,67.01,5,7.040208333333333,0.0,4,4.2,sao paulo,SP
3afc536624bc2e65bddfb5db33cc01f3,6,312.0,107.07000000000001,6,9.890516975308643,0.0,6,3.5,belo horizonte,MG
1acde099eb406aa220b1169b188b42da,10,311.1,147.4,9,12.07942772633745,0.0,9,4.222222222222222,sao paulo,SP
df47da4ae86fa4db890d05aaf24e21d8,5,310.5,77.18,5,7.044877314814815,0.0,5,4.2,sao paulo,SP
ba89796db68db180bd389de96b2ff3b6,2,309.8,43.46,2,8.601232638888888,0.0,2,5.0,sao paulo,SP
0cab2da43793a6f3c5ed8514c5f54627,3,309.70000000000005,57.2,3,5.005370370370371,0.0,3,5.0,curitiba,PR
ebd1417732defaf66c50b5a800eb293e,1,309.0,16.33,1,6.121712962962963,0.0,1,5.0,londrina,PR
152ee17e4c8aaf53dac99f3462e4999b,6,308.96000000000004,95.97,6,10.735235339506174,0.0,6,4.333333333333333,garuva,SC
1b45169b635ef59425637e9a33eb5fb3,8,308.9,110.45,7,7.974323743386243,0.0,7,4.571428571428571,maringa,PR
dbbcfe2c8d026742134ac3e28ccde274,4,308.59000000000003,54.379999999999995,4,8.287314814814815,0.0,4,4.0,curitiba,PR
b127efdabeffb5d559349c7b172eb75d,10,308.5,112.77,10,9.848835648148148,0.1,10,4.8,sao paulo,SP
85cc55e048b6bcc90c75afe7f0e72f72,9,308.28,193.48,9,13.153153292181068,0.2222222222222222,9,4.444444444444445,barra mansa,RJ
a7a9b880c49781da66651ccf4ba9ac38,4,307.6,65.47,3,9.482303240740741,0.0,3,3.6666666666666665,itirapina,SP
9c3c24eca51c52b91c1de727d2a2ae06,6,307.5,113.66,6,10.611865354938272,0.0,6,4.5,caxias do sul,RS
48bad451945f5227341793478d6353ea,3,307.0,77.49000000000001,3,22.083051697530863,0.3333333333333333,3,4.0,sao paulo,SP
e94b64dc6979b302a5a5be1662c83bb6,2,306.89,31.740000000000002,2,9.009612268518518,0.0,2,5.0,itapecerica da serra,SP
bc39d8938f90a3a2b98193723ed59774,2,306.8,22.31,2,4.553125,0.0,2,4.0,cajamar,SP
6d2f2e3b539480db1e0842b3a4e32e6e,6,305.96,168.3,3,6.255354938271605,0.0,3,3.6666666666666665,guarulhos,SP
085f6f7e049c996695fb2074fe38d45e,8,305.4,130.56,6,10.56288387345679,0.0,6,4.0,taubate,SP
c76d418370990614e89e956c7a7567d9,2,305.24,64.53,2,10.554403935185185,0.0,2,3.5,taboao da serra,SP
51f108f62cb87d61918159902c8f8583,3,303.73,75.03,3,5.971261574074074,0.0,3,4.333333333333333,cascavel,PR
25debeafbce801fdd479539350185eee,7,302.84000000000003,100.01,6,14.982872685185185,0.0,5,2.6666666666666665,igaracu do tiete,SP
ad75519a07f039025e83795a4418470f,9,302.1,115.82000000000001,3,9.542349537037039,0.0,3,3.6666666666666665,santa terezinha de goias,GO
a3082f442524a1be452e3189e003b361,4,301.6,97.65,3,11.537480709876542,0.0,3,4.333333333333333,curitiba,SP
2b3b9ce054da76a7428df143a567b156,6,301.0,62.28,5,8.186101851851852,0.0,5,3.6,sao paulo,SP
3dc69bf2c42f0568a5c4791ec3fd3745,2,300.0,34.43,2,26.271979166666668,0.0,1,4.0,sao paulo,SP
2b402d5dc42554061f8ea98d1916f148,1,299.89,63.9,1,6.000300925925926,0.0,1,5.0,irece,BA
69a43819c758c65a5befb0b471c954d7,3,299.85,100.91,2,12.98847800925926,0.0,2,4.0,apucarana,PR
3606774ec64634822d78dc2db6d37045,2,299.8,45.400000000000006,2,15.816574074074074,0.0,1,3.0,sao caetano do sul,SP
ea3ebea5317b0efbc663ecc8ce5e9bc2,3,299.70000000000005,57.65,3,9.390617283950617,0.0,3,4.0,florianopolis,SC
6d1b9c9579132c87d2703ec38c30f2c5,4,299.69,67.7,4,9.304976851851853,0.0,4,4.5,curitiba,PR
7fe21dd00d2f4943ae09525efa2fd674,4,299.6,57.36,4,7.602222222222222,0.0,2,3.0,rio de janeiro,RJ
71593c7413973a1e160057b80d4958f6,5,299.5,45.85,2,9.129704861111112,0.0,2,3.0,sao paulo / sao paulo,SP
b76f4d90e85657a240495c876313adc5,1,299.0,19.3,1,2.6615972222222224,0.0,1,5.0,hortolandia,SP
f00f5b35d0abcacbdd863672f4bb2c1a,1,299.0,14.43,1,12.155833333333334,0.0,1,4.0,sao paulo,SP
a8739afb32aaa45e01815ca76f76f54b,15,298.83,264.73,13,9.569594017094017,0.0,13,3.769230769230769,sao bernardo do campo,SP
9d489893ff6af05029671b785f54b998,6,298.7,102.53999999999999,5,7.294662037037037,0.0,5,4.0,leme,SP
b76a1f8356322f12529c37b67d5c96c2,5,298.5,56.39,5,7.468219907407407,0.0,5,4.8,santos,SP
666658b8da8370f30e1f89893b1de5e6,2,298.0,23.34,1,,,0,5.0,sao paulo,SP
c5ebe6598748b0aeaa61cfb820478b92,3,297.0,40.17,3,4.9036535493827165,0.0,3,4.666666666666667,lajeado,RS
e603cf3fec55f8697c9059638d6c8eb5,11,297.0,185.47,8,6.320124007936507,0.0,7,4.25,pelotas,RS
0ec28cec4046a4a199b6de9b4c891d97,4,296.6,56.04,3,10.472314814814816,0.0,3,5.0,goiania,GO
508808d438fe2ff972ed13bb8f4a82e2,11,294.83,122.64,10,4.809108796296297,0.0,9,4.3,sao paulo,SP
55c96925041a14097b6a7825554f4ad5,10,294.8,188.57,6,11.164361111111111,0.2,5,4.0,sao paulo,SP
a806a4bb063ea7ca6d374eafa50a6058,6,294.4,110.87,5,12.707159722222222,0.0,5,4.0,serra,ES
9b1ab052f5fca308ba743ac789ebb2e1,2,294.09000000000003,31.99,2,10.214050925925925,0.0,2,4.0,pitanga,PR
2bf28e311bba65237358230cabac3f15,8,294.0,183.88,7,11.378096891534392,0.2857142857142857,7,3.7142857142857144,londrina,PR
2f4b9d112bfa44a214bc6cef085d17c8,6,293.99,119.27000000000001,5,14.775958333333332,0.0,5,4.4,afonso claudio,ES
9d39404483343dd55c7ae254494d8388,10,293.2,141.07999999999998,10,14.386840277777779,0.1,10,3.5,sao paulo,SP
5dc4bdaf869e8c77c648078cbe8d59c2,1,292.99,34.5,1,,,0,1.0,florianopolis,SC
48b6c3f4c6a93171da04b75313f2130f,2,290.26,37.8,2,24.125260416666666,0.0,2,5.0,osvaldo cruz,SP
aadfe0417e61315688b6bd7043361e25,1,289.9,14.28,1,6.484421296296296,0.0,1,4.0,goiania,GO
ede2977fbaf3738583170735ca403f6c,1,289.9,37.35,1,14.979814814814814,0.0,1,5.0,curitiba,PR
f410c8873029fcc3809b9df6d0b28914,2,289.8,37.3,2,7.698258101851852,0.0,2,5.0,caxias do sul,SP
4dc646b9b9e8e411ef48ba000ea3ac6f,5,289.7,63.56,4,11.460755208333333,0.25,4,2.75,valinhos,SP
adbe70ab2c97442046d393988c8d1d27,5,289.5,65.15,5,7.185418981481481,0.0,5,5.0,maua,SP
aded58c8142dedc5494a81f948431fab,5,289.5,89.98,4,8.741727430555557,0.0,4,3.75,rio de janeiro,RJ
04ee0ec01589969663ba5967c0e0bdc0,1,289.49,24.83,1,3.0675925925925926,0.0,1,5.0,lajeado,RS
d1e2fe627180431ffda076abb303c56f,1,289.0,9.05,1,,,0,1.0,rio de janeiro,RJ
392353362d22cc2c236e1ee81ff19890,10,288.7,191.97,5,7.727078703703704,0.0,5,4.6,blumenau,SC
bbe87dce25ba8b38bb61cc7210a3f10b,2,287.0,68.39,2,6.258229166666666,0.0,2,5.0,sao joao da boa vista,SP
ce20a2ec1514c25e16f2b5b39bc818f0,7,287.0,209.03,4,14.237659143518519,0.0,4,4.75,sao paulo,SP
615005a3ef192c00c6f0e977cee3d2bc,11,286.5,155.64,10,13.925006944444444,0.1,10,3.8,itu,SP
e83e93b71371817b11d78a63ff156aee,3,286.0,87.38000000000001,2,15.808663194444446,0.0,2,4.5,barueri,SP
a9ae440659f48b7849df83e82734150b,1,285.0,27.02,1,13.342361111111112,0.0,1,5.0,santo andre,SP
e628d4a53c109f09ca88098338b3a3f5,1,285.0,58.9,1,,,0,1.0,belo horizonte,MG
10264f60a8f0a4d2f30810f5c661c673,4,284.6,41.86,4,4.128816550925926,0.0,4,5.0,campinas,SP
86bf77bdb52e615674772d5817c6212f,5,281.8,97.58,4,7.522086226851852,0.0,4,4.75,viamao,RS
83c465a786b06574376909b35ef6752a,3,281.4,49.06,3,5.269764660493827,0.0,3,5.0,sao carlos,SP
b8a0adc91af209270c2c725168eb00fd,6,281.4,107.09,6,11.105634645061729,0.0,6,4.0,ibitinga,SP
d5c530f4884a75ae0dba9c148718d278,9,280.88,164.05,6,10.283006944444445,0.2,5,3.5,centro,MG
579891617139df7d8671d373f0669622,8,280.3,128.2,8,18.420879629629628,0.25,8,4.5,rio de janeiro,RJ
4e0d109ccfba9a1151c103049880c857,2,279.89,67.84,2,19.22804398148148,0.0,2,3.0,sao joao de meriti,RJ
58e4b302b54937e55a678c4d15111da4,3,279.79,49.06,3,7.158981481481481,0.0,1,2.3333333333333335,colombo,PR
19a7c9f66ffa6452ff4b4c0cca71da27,1,279.0,59.74,1,25.18634259259259,0.0,1,5.0,itaipulandia,PR
d2572f31e9023e9850ef986a636ff9bf,1,279.0,26.69,1,10.130671296296295,0.0,1,5.0,belo horizonte,MG
debe6615cd90cc0c2eac2b8988e1f628,5,278.5,95.53,5,11.604266203703705,0.0,5,4.6,sao paulo,SP
4d6fb82c629c7a5028bfd973c07b05e0,2,278.0,49.43,2,,,0,2.0,belo horizonte,MG
fb8904a8ea99f8831b64ce27db2c1765,2,278.0,24.36,2,11.159346064814816,0.0,2,4.5,sao caetano do sul,SP
94c49f20a123aeb9360dbf80ff912bf6,3,277.75,61.540000000000006,3,14.152438271604938,0.0,3,3.6666666666666665,sorocaba,SP
ab9db4cf53b08b828b64dccaafc2d9f0,5,277.67,125.76,5,11.719855324074075,0.0,4,4.2,paraiso do sul,RS
e46bc031f2c5bae4ccb40bb90712e9b4,1,277.3,50.09,1,,,0,1.0,sao paulo,SP
32f1bb9dfa65bc7df5c0d9d95a616be4,6,276.39,55.78,5,6.589253472222222,0.25,4,4.0,sao paulo,SP
15ead3a5037a918ddb520dfe39a3d2b9,8,275.5,158.45,7,17.651520061728394,0.16666666666666666,6,4.285714285714286,conselheiro lafaiete,MG
2ee0a0689f2f6a72f35a7cb6033f6e7e,4,272.0,52.84,4,9.681559606481482,0.0,4,4.0,presidente prudente,SP
f682e0f848abafc6f41e0d4e868c66ef,2,269.98,34.02,2,19.699797453703702,0.5,2,3.5,mairipora,SP
87d73636a3acf123e842bb890a4db036,1,269.9,43.71,1,13.000717592592592,0.0,1,5.0,nhandeara,SP
9a208dee8f95cfdf00760c4d627828ec,1,269.9,26.09,1,,,0,1.0,belford roxo,RJ
bab0a8cd684e41ba6e2637dca0979d3b,1,269.9,19.14,1,13.315324074074073,0.0,1,5.0,rio de janeiro,RJ
dcf3755cefcdc158ad0b7bdde51e871b,3,269.70000000000005,89.33,3,13.252658179012348,0.0,3,4.0,cachoeira do sul,RS
6bb66d9870c2e01c05655c7ed0e7ee13,3,269.0,52.02,3,8.319984567901235,0.0,3,3.6666666666666665,sao paulo,SP
58c851d1a3c7cd3da329eb59453fed44,2,268.99,24.270000000000003,2,4.611643518518519,0.0,2,5.0,rio claro,SP
184a67a8f9f63234d3a92340bbdb727f,11,268.66,208.34,8,17.62088458994709,0.0,7,3.875,joinville,SC
830379336fad8c6f3b15a4a3ddb5c66e,4,268.0,170.38,2,6.126064814814815,0.0,2,4.5,sao paulo,SP
f9bbdd976532d50b7816d285a22bd01e,2,268.0,30.369999999999997,2,14.890231481481482,0.0,1,5.0,sao paulo,SP
4be2e7f96b4fd749d52dff41f80e39dd,1,267.0,32.84,1,,,0,1.0,rio branco,AC
65a7c0788e4d632ccb5e1b594b87f0bb,9,266.7,117.42,3,11.02778549382716,0.0,3,4.333333333333333,sao paulo,SP
5236605f4d4b0b3e4df85b850393fca0,5,265.3,82.18,5,10.492495370370369,0.2,5,4.8,sao paulo,SP
483ca627d131e18f988349b1655c0acd,1,264.0,19.73,1,15.342986111111111,0.0,1,5.0,mogi mirim,SP
5c853bb56f70f4d14218944bae111d7a,24,263.13,251.06,23,8.65661533816425,0.0,23,4.0,cotia,SP
f8d5c7085db9a4ad2b8c1ffbeb2798c8,6,263.0,100.41,6,12.526377314814814,0.0,6,5.0,sao paulo,SP
53088c75f948b48a7ece173ac17f0c12,3,261.70000000000005,54.53,3,10.963942901234567,0.0,3,5.0,triunfo,RS
252e76235acb79183cfca6e34f13337d,4,261.2,60.57,3,14.127746913580248,0.0,3,3.3333333333333335,campinas,SP
6da1992f915d77be95d7fa48b36904af,9,261.0,122.66,7,9.04173115079365,0.0,7,4.0,sao paulo,SP
aa762680c40618316a896838866140ea,3,261.0,62.46,3,22.5642862654321,0.3333333333333333,3,3.3333333333333335,curitiba,PR
21d59342ba150175ca2aa4f8faddeca6,2,259.9,74.39,2,8.62144675925926,0.0,2,4.5,itaquaquecetuba,SP
92c8bc6e8f925792247656fed09aad65,3,259.7,39.870000000000005,3,13.436047453703704,0.5,2,2.3333333333333335,sao paulo,SP
800214c63934acd05d47e84214db8ba8,4,259.6,61.74,4,11.791327160493827,0.0,3,5.0,jaragua do sul,SC
984c273121e743dd14767befe6cb17f5,1,259.6,21.31,1,33.85025462962963,1.0,1,1.0,americana,SP
bdb3edbaee43a761e2d4f258dc08f348,5,259.5,68.86,5,11.946273148148148,0.2,5,3.8,lencois paulista,SP
c9e5ad1f6647f5dbd1172adf6ae3cada,4,259.03,60.95,4,9.245217013888889,0.0,4,4.75,porto alegre,RS
5e25c632f9db6cfb8bc100421c2737b6,1,259.0,19.91,1,6.050219907407407,0.0,1,5.0,chapeco,SC
1e26c56af8d48424e1df0140a2401f83,2,258.9,33.49,2,5.251145833333333,0.0,2,5.0,jaguariuna,SP
a0e19590a0923cdd0614ea9427713ced,7,258.3,139.12,2,,,0,1.0,sao jose dos pinhais,PR
f543ba3c973276f519d89d59bd46cead,2,258.0,164.04000000000002,2,,,0,1.0,sao jose do rio preto,SP
0af977692321d895349eded183341d28,2,257.75,19.47,2,2.5402256944444446,0.0,2,4.5,santos,SP
7d294cf9a6a69dc6a0c3e540fff0e039,5,257.25,194.13,5,8.816810185185187,0.0,5,4.4,barra velha,SC
31eec405c9bb71dec8e2629a92e764fa,5,256.89,170.24,5,8.572550925925926,0.0,5,4.6,cachoeiro de itapemirim,ES
6f1a1263039c76e68f40a8e536b1da6a,7,256.39,100.45,4,51.000538194444445,0.5,2,1.5,sao paulop,SP
ebef8d8c92b4fd3226e5d407bbff21ac,3,253.70000000000002,48.36,3,40.11726851851852,0.3333333333333333,3,2.6666666666666665,ribeirao preto,SP
88ef59b51bdaa941d10a853429f2b6ce,2,252.9,41.8,2,6.199189814814815,0.0,2,2.0,guaratuba,PR
446cc09cdbb130904da114e807dbec40,3,252.8,54.17,3,4.268302469135803,0.0,3,4.666666666666667,sao paulo,SP
7f35f9daf223da737b78738fbae4d977,5,252.0,101.01,5,7.866502314814815,0.0,5,4.0,valinhos,SP
e88c9b79e592e370d6bd852eeefbf057,9,251.87,142.10999999999999,8,8.435091145833333,0.0,8,4.75,pato branco,PR
ae45ad30c2d2e5913094769690a239d2,2,251.8,31.26,1,19.199479166666666,0.0,1,5.0,franca,SP
e88f7a2995ba184710d339c5c4bf2e30,2,251.6,35.91,2,10.833229166666667,0.0,2,5.0,votuporanga,SP
85ecf03781da592876b7844acc1b729f,2,251.0,43.9,2,15.553564814814814,0.5,2,4.5,sao paulo,SP
46ef1a25845fc051c2998d878354810c,5,250.41,98.04,5,16.845016203703704,0.0,5,4.4,claudio,MG
001e6ad469a905060d959994f1b41e4f,1,250.0,17.94,1,,,0,1.0,sao goncalo,RJ
8ccf3cf69651cc1d8a02c8bfaf3b8568,2,250.0,38.629999999999995,2,25.706637731481482,0.5,2,3.5,rio claro,SP
b2bdc5e7940a7d7ca8c4a37953b27a42,1,250.0,62.49,1,,,0,5.0,vargem grande do sul,SP
13d95f0f6f73943d4ceffad0fc2cd32c,1,249.99,59.33,1,22.338900462962965,1.0,1,3.0,goiania,GO
1703bc09972dab9782e7a9194943b69f,1,249.9,106.21,1,12.12505787037037,0.0,1,5.0,minas gerais,MG
5d505d2298ad549e4e4e835562fa0c1e,2,249.8,28.339999999999996,2,5.899982638888889,0.0,2,5.0,birigui,SP
c0f783394e37cd9c9d7f5f81141450fa,6,249.39999999999998,87.35,6,13.170179398148148,0.0,6,3.6,piracicaba,SP
880eda903e719a5f179f7e9fceb3a69d,1,249.0,42.72,1,,,0,1.0,ipua,SP
4b90495391ac0bd181a80a459df1e718,1,248.0,18.11,1,11.879664351851853,0.0,1,4.0,bage,RS
42b6488f5b8246d9141712abd4b1b693,2,247.99,41.81,2,7.897939814814816,0.0,2,4.0,maringa,PR
ec21206b7894c503788a684a7bc822a6,3,247.8,48.61,3,8.111898148148148,0.0,1,2.6666666666666665,armacao dos buzios,RJ
baa49d93c8c8841e27400a300f5d74b2,6,246.39999999999998,88.02,6,12.282937885802468,0.0,6,4.5,sao jose,SC
88ae906ea2acf6971f26c3e8b7cb4357,3,246.0,42.01,3,15.088244598765433,0.3333333333333333,3,3.3333333333333335,sao paulo,SP
5721089ba9214e80074f27d5a03fc0eb,7,245.92999999999998,66.64,5,7.435550925925926,0.0,5,5.0,sao paulo,SP
5194c22ed1f616ec0c0f33c571542879,4,245.6,80.85,4,12.323978587962962,0.0,4,4.25,santa rita do sapucai,MG
28405831a29823802aa22c084cfd0649,7,245.0,88.18,7,7.19403163580247,0.0,6,4.285714285714286,sao paulo,SP
c3fe93ba3085f92855c97e57f38c8c05,7,245.0,113.97,7,13.222635030864197,0.0,6,5.0,curitiba,PR
d6cd01c59123df02fc226eadbadb5f89,3,244.9,31.21,2,18.50306712962963,0.0,1,3.0,sao paulo,SP
14f2b3587172b9db894c9bad8dab520b,2,244.0,86.06,2,14.027887731481481,0.0,2,2.5,ipe,RS
5733d806668f8712c24b9abaefbfa642,2,243.8,85.88,2,15.00157986111111,0.0,2,5.0,chapeco,SP
77714512e8d4dda9c234da8e3faf16e4,6,243.39999999999998,105.58,4,12.183356481481482,0.0,4,4.25,guarulhos,SP
c70a353f02429c00775a46a75fb787da,6,242.0,94.94,6,6.758491512345679,0.0,6,4.666666666666667,sao paulo,SP
31be790e64fc99f8ff48ec2bd18a3104,6,241.39999999999998,72.28,6,6.493200231481481,0.3333333333333333,6,4.333333333333333,sao bernardo do campo,SP
0761743cbffb25d7148189e9f1a5f03a,7,241.2,86.2,3,13.137214506172839,0.0,3,4.666666666666667,ribeirao preto,SP
85044848b1b767db2a4a58526adef4b4,4,240.60000000000002,64.91,4,8.78732349537037,0.0,4,3.25,osasco,SP
5e9f5bd34e0830569f05c9d4f56e04a8,2,239.98,34.88,2,10.026510416666667,0.0,2,4.5,porto alegre,RS
422be4cc81a457fdb46f47edeb968ae5,1,239.9,77.47,1,18.136979166666666,0.0,1,5.0,ibitinga,SP
2d9e8987a2ea5cf88dce330249043ff1,2,239.8,104.37,2,8.896828703703704,0.0,2,4.5,jaci,SP
70f7e8018e3d46c748c92f026aa2585a,2,239.8,37.88,1,7.02681712962963,0.0,1,5.0,sao paulo,SP
ec8463980a4e0ea9f8517aea1ed0c419,8,239.2,118.75999999999999,2,11.225914351851852,0.5,2,5.0,florianopolis,SC
d1a5cc844736958c11b8efab9a2b4c87,1,237.6,16.41,1,30.294270833333332,1.0,1,1.0,curitiba,PR
e83c76265fc54bf41eac728805e4da77,8,237.29999999999998,99.19,8,32.602546296296296,0.125,8,3.625,aracatuba,SP
2e0dba2da448400b1c11d7b4b22f32a4,13,235.87,171.83,7,8.869021164021165,0.0,7,3.142857142857143,santo andre,SP
534a01cc6df1e034e05c32028a291fa2,5,235.59,59.86,5,10.692097222222221,0.0,5,4.4,jundiai,SP
578460d8319c51dab351cd9db95eadfe,1,235.0,35.45,1,,,0,3.0,goiania,GO
a663d9c3797e90eac99ff60939416a56,1,235.0,14.08,1,5.360590277777778,0.0,1,5.0,sao paulo,SP
94b9108d4b637ba65bb4f1e53cfcf8d8,8,234.95999999999998,99.13,7,17.020074404761903,0.14285714285714285,7,4.428571428571429,guarulhos,SP
1e47defeeadeca0e9a18fa5a9311e735,3,234.12,57.5,3,12.017928240740739,0.0,3,5.0,catanduva,SP
cb32766839f443db85c82a43c4a6c19e,2,234.0,31.51,2,19.473778935185187,0.0,2,3.0,rio claro,SP
d9cb0052a666de5308b32f32ad5f1b1c,3,231.89999999999998,38.59,3,13.012816358024692,0.0,3,3.6666666666666665,olimpia,SP
e64882b4ef12aee8d0faca4db5b681f4,2,230.0,43.22,1,25.008819444444445,0.0,1,4.0,goiania,GO
1746c1ae87ac63d530c7c943d0ac42e2,1,229.9,22.45,1,23.021400462962962,0.0,1,5.0,santana de parnaiba,SP
72431a818f97fe6ab9c81eee3e297e54,1,229.9,19.49,1,12.434548611111111,0.0,1,5.0,rio das pedras,SP
740205fedfe4e90ca6857bc77db0f2b4,1,229.9,21.93,1,3.4825694444444446,0.0,1,5.0,caxias do sul,SP
9539213aa8e023c01937bef95dc006da,9,229.1,89.94,9,11.792710905349795,0.1111111111111111,9,4.555555555555555,sao paulo,SP
615c3462099ffa940d37b17dfda19594,2,229.0,32.05,2,7.6487442129629635,0.0,2,5.0,rio de janeiro,RJ
75745ef7bc7d4f3ea3380f6f5303f514,3,228.4,48.92,3,5.69443287037037,0.0,3,5.0,brasilia,DF
4ce6e5f6c52515177e18c1c9361d8677,1,226.6,25.67,1,,,0,3.0,sao bernardo do campo,SP
8dfbc5ff27df12f6cef751d3b9554222,4,226.0,90.12,4,10.066796875,0.0,4,4.5,curitiba,PR
b05b432bf68945d4d9783f9e3ca29ee8,2,224.8,26.09,2,5.414924768518519,0.0,2,4.5,birigui,SP
8a8835a43bda99fd37310ad76c457510,3,224.34,34.2,2,7.462633101851852,0.0,2,4.5,sao caetano do sul,SP
94ca168e8bcb407ab85c5da308863027,5,224.3,87.36,5,12.487648148148148,0.0,5,5.0,clementina,SP
6c6e3d67f969468f3bfd33f827a31222,6,224.0,92.41,5,8.505372685185185,0.0,5,4.8,maringa,PR
81ed90f07c0bacb7594940ba2ef676aa,2,223.9,33.56,2,16.095561342592593,0.0,2,4.5,divinopolis,MG
0e44d110fa6a54e121cb2c095a77762f,6,223.32,70.06,6,12.001626157407408,0.16666666666666666,6,4.333333333333333,francisco morato,SP
08ad4ac1388e4420ca531c3edfc46198,7,221.61999999999998,89.05,6,6.36944637345679,0.0,6,2.8333333333333335,itapevi,SP
f419677537694f0462a91990df6ca44f,6,220.5,78.78,6,14.250243055555556,0.16666666666666666,6,4.0,sao bernardo do campo,SP
7e3dde9ffba72d5340f9aaf09b4424be,1,220.0,22.03,1,,,0,1.0,cambe,PR
bec568278124768c474ee90971ca94d1,2,219.9,29.16,2,3.4400520833333337,0.0,2,4.5,sao paulo,SP
edf3fabebcc20f7463cc9c53da932ea8,1,219.9,24.12,1,21.082037037037036,1.0,1,4.0,sao paulo,SP
20611af7866c6068fd5ae1f9dbe15c92,2,219.8,114.5,2,8.539311342592592,0.0,2,4.5,porto ferreira,SP
e0a3c37054ade6478d923a6efc10f308,2,219.8,35.18,2,7.835486111111111,0.0,2,5.0,camboriu,SC
f8e2c1b59cd4225a3e4fd0d013a76b93,3,219.8,44.63,2,10.010943287037037,0.0,2,5.0,ribeirao preto,SP
a5dd1946fb63ada8bcaa0c9cd8f11e22,7,219.62,206.71,6,16.939828317901235,0.0,6,3.8333333333333335,caruaru,PE
6e2d3e2dc84fb30f6078f39dd3bddd6f,1,219.0,16.28,1,,,0,1.0,colombo,PR
3442f8959a84dea7ee197c632cb2df15,3,218.70000000000002,27.9,3,13.018587962962963,0.3333333333333333,3,3.0,campinas,SP
751e274377499a8503fd6243ad9c56f6,2,218.0,17.84,1,1.9974652777777777,0.0,1,5.0,campinas,SP
6548c2550b6e2d8f18053216e1c7b6f3,5,217.7,69.85000000000001,3,6.486157407407408,0.0,3,5.0,diadema,SP
d594982fd877af63ace38ea1fca27c76,7,217.04,92.66,7,8.089442791005292,0.0,7,4.428571428571429,sao paulo,SP
3d49bfdd1b43a7fe169b3740067acc61,3,215.0,61.82,3,8.759347993827161,0.0,3,4.666666666666667,montes claros,MG
a4b8d97cd5d3674eeff96abc99d8ed67,1,214.08,19.3,1,6.10394675925926,0.0,1,1.0,sumare,SP
33ab10be054370c254ddfcf0a6253422,4,213.2,52.33,4,5.813640046296296,0.0,4,5.0,rio de janeiro,RJ
4ea2f12dbe91deeacd2c1e74f069a6e6,6,210.2,70.07,4,9.45769386574074,0.0,4,4.75,sao paulo,SP
a9415cf907dfa12f9ed18693244f5329,2,210.0,175.42,1,11.134502314814815,0.0,1,5.0,prados,MG
d9d43faf741ceaa8da52fdbb81d9e0e3,8,210.0,211.25,6,9.143130787037038,0.0,4,3.6666666666666665,juiz de fora,SP
fec6912baad85d41729669edd6b4d3b8,1,210.0,51.97,1,,,0,1.0,ribeirao preto,SP
661ad5fcc28cdfb8bcadb12bb2272475,7,209.92999999999998,119.78,4,12.388914930555556,0.0,4,5.0,balneario camboriu,SC
269c5fc9fcadee614364c3620c30a1f9,6,209.6,45.12,3,4.606662808641976,0.0,3,5.0,guarulhos,SP
3fadb4cba4c35bce6a7eaf9872d5623a,5,209.5,68.02000000000001,3,9.260574845679013,0.0,3,3.3333333333333335,caxias do sul,RS
929f342384a6607afe143d789ade1316,4,209.4,63.36,4,4.4983478009259255,0.0,4,5.0,londrina,PR
3fefda3299e6dfaea3466ef346a3571a,1,209.0,16.21,1,6.3142708333333335,0.0,1,4.0,curitiba,PR
10cdd491d1dbea8fb4ead97b19c334ce,3,208.9,78.86,3,7.089984567901234,0.0,3,5.0,santa rita do sapucai,MG
1de62b6f2fd96227629786db492433db,2,208.8,28.73,2,8.235648148148147,0.0,2,5.0,sp,SP
ad8b531ae67582f096925cff5630d0d1,3,208.35000000000002,67.56,3,20.48488425925926,0.0,2,3.0,castro,PR
353e21e8bf8de2722b4fae1636664b76,4,208.0,91.89,4,9.107554976851851,0.0,4,2.5,canoas,RS
5a9c0859cb00fd8aa4db443837f0a700,2,208.0,47.59,2,9.005376157407408,0.0,2,4.5,treze tilias,SC
90b36c5aeb728d5504a39f435bef0c5f,7,207.85999999999999,132.37,5,11.74271412037037,0.0,4,4.2,conchal,SP
90b57083da5d803237da74daec6dcb2b,2,206.9,34.31,2,7.904450231481482,0.0,2,5.0,curitiba,PR
762fafdaa57a532ee0119731697579dd,5,206.7,54.17,5,4.124875,0.0,5,5.0,itu,SP
3bfad056cf05c00dabe2f895925d83b1,5,206.64999999999998,46.7,1,,,0,1.0,osasco,SP
e5d4b2b0c3bca22085f7a19a28de0c42,4,205.8,63.76,4,12.684464699074073,0.0,4,4.5,joinville,SC
dd8a29ce82d5c705ba932d81494600a5,2,205.75,27.5,2,8.930642361111111,0.0,2,3.5,sao paulo,SP
643c01d7c56a724bec0454f4780e8a3e,2,205.55,41.1,2,9.720231481481482,0.0,2,4.5,joinville,SC
37ceb404da208418c9032f0674e57804,3,204.93,69.17999999999999,1,,,0,1.0,sao paulo,SP
efb628aa07c8ca93d7db0d85b91a4f5a,1,204.0,58.1,1,25.588310185185186,1.0,1,4.0,nova iguacu,RJ
e819bcfade7b5d88a27325eb6cfd62c5,11,202.89999999999998,135.35,5,9.983587962962963,0.2,5,4.2,guarulhos,SP
f26d70155c2b6326fcfa1780c8c684e4,1,202.89,16.17,1,8.901666666666667,0.0,1,5.0,presidente getulio,SC
bcc9dd23e2a8bd8267cf92b19304a1b9,3,202.79000000000002,43.43,3,22.54966049382716,0.6666666666666666,3,2.3333333333333335,ibitinga,SP
19484c79cef6c062cb177aa4ef2fcc3c,1,201.9,10.16,1,21.42582175925926,1.0,1,1.0,valinhos,SP
28c7d8743fbc8679f484868cc0fcaefb,3,201.5,68.86,3,13.52462962962963,0.0,3,5.0,itaporanga,SP
72146da5774cabf2632faedcae097a76,6,200.94,110.49,4,35.939108796296296,0.25,4,4.0,marechal candido rondon,PR
c990d6cf976a5718aaedc539f383ab88,11,200.9,141.09,10,19.757588252314815,0.375,8,3.3,paulinia,SP
3f84fefc07dc159b268d4a77d3e8c425,3,200.6,51.32,3,8.068271604938271,0.0,3,5.0,fazenda rio grande,PR
5db42a6cd9bf1bf0d3aab9582767f168,1,200.0,19.33,1,16.873449074074074,0.0,1,5.0,vitoria,ES
3289d8c3eef4873f91ce0b1343c0dd58,1,199.99,19.28,1,13.827824074074075,0.0,1,5.0,praia grande,SP
dbc51f5e45d654ecc16cb68e6817ecea,1,199.99,18.14,1,17.74240740740741,0.0,1,4.0,franca,SP
dda37071807e404c5bb2a1590c66326f,1,199.99,19.28,1,16.582835648148148,0.0,1,5.0,sao paulo,SP
3fe7120d6257285ac6a3ce7cb071ccec,2,199.98,28.28,2,9.570578703703703,0.0,2,3.5,governador valadares,MG
651530bf5c607240ccdd89a30c9c9712,1,199.9,24.55,1,11.76519675925926,0.0,1,4.0,ipira,BA
e59e575a175fadcadf8479e191770425,1,199.9,50.98,1,5.350474537037037,0.0,1,5.0,nova iguacu,RJ
2a50b7ee5aebecc6fd0ff9784a4747d6,2,199.8,64.44,1,39.73696759259259,1.0,1,1.0,brasilia,DF
2cb4700db635baa1c0d4f90ed27b6669,2,199.8,28.92,2,16.483385416666668,0.0,2,2.0,curitiba,PR
4f0d637c1197fd65405ebd755ac9f86b,2,199.8,32.67,2,7.353680555555556,0.0,2,5.0,taboao da serra,SP
ec5c1d94df153d473b37f880977ae58e,3,199.67000000000002,84.07,2,10.320208333333333,0.0,2,2.0,rio de janeiro,SP
4e2627090e6e5b9fabba883a37897683,5,199.5,68.12,2,3.97537037037037,0.0,1,1.0,belo horizonte,MG
8060d731897e33b5c5ae575ce1e209e1,5,199.5,91.45,5,7.804481481481481,0.0,5,4.8,blumenau,SP
4450bd8327d471c4a11a83d1445b1b62,1,199.0,15.56,1,7.305891203703704,0.0,1,5.0,cotia,SP
4ce8b55b4bfa4659184e7becc1fba3f2,2,199.0,59.870000000000005,2,12.415815972222223,0.0,2,3.0,fazenda rio grande,PR
52f6f9f13ba19504c02781132a049e75,1,199.0,23.13,1,16.289837962962963,0.0,1,3.0,curitiba,PR
e1bed63d68ac36fe1f3061befe196af5,1,199.0,18.0,1,8.606180555555556,0.0,1,5.0,mogi guacu,SP
e9874ae10b2d60d43917b6bbfa13a599,1,199.0,23.1,1,6.675798611111111,0.0,1,5.0,rolandia,PR
3d290fe363c60a77498c1126fd3fb8d3,3,198.98,35.06,3,7.46141975308642,0.0,3,4.333333333333333,itapevi,SP
e503f22be6a4f456d9851920a5d9c670,2,198.9,32.44,2,5.669965277777777,0.0,2,4.0,sao paulo,SP
586a871d4f1221763fddb6ceefdeb95e,2,198.0,41.48,1,68.62114583333333,1.0,1,1.0,porto alegre,RS
b57e8460909fa137df7951b4a3b5ea84,2,198.0,84.14,1,,,0,2.0,porto alegre,RS
d8dd176509baa37f359644d082bf7f7b,2,198.0,31.9,2,30.358559027777776,1.0,2,1.5,sao caetano do sul,SP
6f835fd4be26989b1b064399da346143,2,197.8,31.450000000000003,2,6.953078703703703,0.0,2,5.0,curitiba,PR
9da15f4a4ea758d9eeb49000dbe57e22,1,196.9,37.71,1,22.51039351851852,1.0,1,2.0,osasco,SP
fe8055980a4ff7f64ed889c2b5926929,3,196.70000000000002,53.28,3,6.485983796296296,0.0,3,4.666666666666667,curitiba,PR
809413606dbfe5deefd2db646693ef67,5,196.68,50.37,3,7.579143518518518,0.0,3,4.333333333333333,sao paulo,SP
8def3db7f272735afb2ecd03aeca09a7,2,196.0,33.64,2,2.659195601851852,0.0,2,5.0,rio de janeiro,RJ
0f7eea709efdf942b5f95c7516dbacd7,3,195.74,44.32,3,8.043919753086419,0.0,3,4.0,pedrinhas paulista,SP
f356c348fbc8df6a882823e21f5ce8b7,2,195.18,30.47,2,7.22974537037037,0.0,2,2.5,canoas,RS
9c54608f0996c32ae4743089d915f845,3,194.8,109.92,3,12.21988811728395,0.0,3,4.0,loanda,PR
b5f49fe968dff6b112861e6cd8e192ef,2,194.70000000000002,42.97,1,13.995439814814814,0.0,1,5.0,curitiba,PR
7d948535954aaf8c5d39db007f74372e,4,194.0,43.8,4,5.600842013888889,0.0,4,3.75,guaruja,SP
f626e15b7314c267e4429010866f70e9,7,193.54999999999998,125.47,5,9.946752314814814,0.0,5,3.8,marechal candido rondon,SP
05e107217c7266362fd44b75b2cd4cc4,8,193.38,82.00999999999999,5,8.186863425925926,0.2,5,4.2,sao paulo - sp,SP
747c1cdcd1737dcfbd1547f6eb6f2cf3,2,193.1,29.27,2,15.132824074074074,0.0,2,2.5,ibitinga,SP
4d9fea3499bdc22aa4da4e339365f215,2,192.54000000000002,30.2,2,12.668061342592592,0.0,2,5.0,sao paulo,SP
78ba5933c21686d1c2f64669c8c459e7,2,191.8,20.770000000000003,2,6.5282175925925925,0.0,2,4.5,mogi das cruzes,SP
f5403d3f50089112c4eed37928b7f622,2,190.8,32.4,2,,,0,1.0,fernandopolis,SP
f307937c1bb287c3efc2a514b94b0d1d,1,189.99,26.61,1,12.577673611111111,0.0,1,5.0,araxa,MG
778323240ce2830d68aab11794e00bfb,3,189.98000000000002,52.45,3,10.546203703703704,0.0,3,4.333333333333333,sao paulo,SP
43a1d4bab73b816e44ef4e4facd9f9b5,1,189.9,15.5,1,9.82519675925926,0.0,1,4.0,maringa,PR
7cf4ea70955b00d6b3c22542598e2715,1,189.9,14.91,1,7.103148148148148,0.0,1,5.0,sao paulo,SP
119c7f1a00ef43fad0e57604e76a747c,2,189.8,17.02,2,5.977835648148148,0.0,2,4.5,sao paulo,SP
213fafb0ca06fb3d5886579c2565791b,3,189.70000000000002,27.16,3,4.259791666666667,0.0,3,2.3333333333333335,sete lagoas,MG
686886775c8f6b1191c7b953fb52708c,1,189.0,13.62,1,3.546076388888889,0.0,1,5.0,pedreira,SP
b00af24704019bd2e1b335e70ad11f7c,1,189.0,18.25,1,15.554780092592592,0.0,1,5.0,salvador,BA
e0482f2c769468c3bbcd8a01e09d98c5,1,189.0,45.4,1,5.906377314814815,0.0,1,4.0,sao paulo,SP
c360e4787614ed31ac7a2f95d3b22dc6,1,188.9,30.05,1,12.66162037037037,0.0,1,2.0,lencois paulista,SP
c0aff2da32c17759d30b22fb0af6649d,5,188.8,83.53,4,7.762465277777777,0.0,4,3.75,florianopolis,SC
4c1c7281388a33dd06daac44f9fadbd1,5,188.32,81.59,5,8.786493055555557,0.0,5,4.8,marilia,SP
74c7dec0a384d8a05950e629bd23bde9,5,187.68,61.199999999999996,5,11.539169560185185,0.0,4,3.6,mogi guacu,SP
a3b0df0065e264a91b7bbf5f844af5cd,2,186.69,32.06,2,13.619450231481482,0.0,2,5.0,sao bernardo do capo,SP
3a79f35a2344ede41af21267f61d5ec6,1,186.0,31.71,1,14.27412037037037,0.0,1,1.0,campinas,SP
c32fc744b9160ac853450488e3cfea93,3,185.70000000000002,37.82,3,15.516493055555555,0.0,2,2.3333333333333335,ribeirao preto,SP
eec3469d83e142f9a104886655338c37,4,185.7,54.74,4,9.977416087962963,0.0,4,4.5,bauru,SP
f9eda05b67bef472deaddbba84aca289,1,185.0,51.79,1,,,0,1.0,orleans,SC
9e7c5f4d7770eab65738cca38f9efccf,2,184.8,38.08,2,7.437210648148148,0.0,2,3.5,sao paulo,SP
2075d8cd4dd63ff12df0749a5866bb06,3,184.70000000000002,57.53,3,4.744471450617284,0.0,3,5.0,curitiba,PR
7d484ca289afaac6bf5fc6a1e96d2226,2,183.2,65.22,2,12.156967592592594,0.0,2,4.0,campo grande,MS
1c56ffe0e9dea2657fc6e95b53f40b13,3,183.0,84.39,3,6.678163580246913,0.0,3,4.333333333333333,sao carlos,SP
23ca5f678e0b3ea6c630b30fa8bf51ea,7,183.0,96.39,6,7.270869984567901,0.0,6,5.0,sao paulo,SP
3dfd3dc96f7f8598eca74e9ac8a2fa31,6,183.0,75.7,6,12.230414737654321,0.16666666666666666,6,4.0,sao paulo,SP
478bfe564db21eeb44386606aa30b650,3,182.70000000000002,48.1,3,13.974162808641973,0.0,3,4.666666666666667,pedro leopoldo,MG
5659d77e8d90378e39b960ad5956f64e,2,182.48000000000002,30.65,2,20.48904513888889,0.5,2,2.5,taubate,SP
31e60bf8d103ce47932a85f5562deb16,1,181.0,58.04,1,14.461574074074074,0.0,1,5.0,goiania,GO
8ca5b19e0263150d2c57afdde2b3d011,4,180.60000000000002,44.08,3,4.8608217592592595,0.0,3,4.666666666666667,maua,SP
7ad41305e96a6cab8294cd65891e9a86,2,180.0,57.6,2,11.66113425925926,0.0,2,5.0,rio bonito,SP
88cd3681e0a2ba85e190f7d817629c4c,1,180.0,19.36,1,7.015775462962963,0.0,1,4.0,brusque,SC
94165aea8a35c3c21499cbcae239b16c,1,180.0,16.11,1,6.158113425925926,0.0,1,2.0,uberlandia,MG
964ff64dc05b13811c6d0f41e0aa5f6b,1,180.0,24.06,1,6.680775462962963,0.0,1,5.0,sao paulo,SP
9c57bc60cfad5ee62d35d3f1ce4593a1,1,180.0,15.43,1,37.03043981481481,1.0,1,1.0,curitiba,PR
9dd459b29a14bf89d47183cf2cd0e4c7,2,180.0,18.82,2,6.62347800925926,0.5,2,5.0,sao paulo,SP
05ca864204d09595ae591b93ea9cf93d,1,179.9,8.52,1,5.168472222222222,0.0,1,5.0,barueri,SP
50bf89f1349bc0409a268c3a49678009,1,179.9,102.57,1,9.616319444444445,0.0,1,5.0,jaci,SP
7f5e4d5efad7e44b91115dd1decb65f3,9,179.9,77.42,3,7.696072530864197,0.0,3,5.0,jacarei / sao paulo,SP
762ed976527cddf02787edba70fffa2a,4,179.8,60.31999999999999,3,7.851986882716051,0.0,3,2.3333333333333335,londrina,PR
2235cf78d3e2073a88146a9cb60f0dd0,1,178.99,25.77,1,14.215081018518518,0.0,1,5.0,sao paulo,SP
880ce4951cf857ab1d9e0b75c1d856f4,1,178.9,18.82,1,15.04616898148148,0.0,1,5.0,belo horizont,MG
f3975e8a41157005d4bcbb358678cd9b,2,178.8,83.97999999999999,2,8.65745949074074,0.0,2,5.0,pinhalzinho,SC
57fe6232e67823593374a2281d7a8af8,8,178.68,105.36,8,9.581882233796296,0.0,8,4.75,capivari,SP
19e0f40a907ec568c34bfac15de4f4a1,4,178.0,41.620000000000005,4,5.835399305555556,0.0,4,5.0,americana,SP
2d2322d842118867781fc737e96d59a1,10,176.4,104.97,8,8.09072193287037,0.125,8,4.875,sao paulo,SP
a0a14e50070f3225b3eabba5b85da517,4,176.2,72.44,4,6.053330439814815,0.0,4,4.5,curitiba,PR
c353f8fc0ce8344999f17d578eb69a5e,2,175.98,36.59,2,9.96112847222222,0.0,2,5.0,porto alegre,RS
485452467ff670447e84a8370c3fc898,3,175.7,139.74,3,14.225609567901236,0.0,3,4.666666666666667,taio,SC
4dc2e811a1760953cb7c6a590b498943,1,175.0,24.84,1,6.671539351851852,0.0,1,5.0,itapui,SP
b906dd0e57f282c7089171b6ed07982e,2,175.0,35.75,2,6.987065972222222,0.0,2,4.0,parana,PR
f92d8c817434bd2d84d4e9c61322b7fa,5,174.84,50.769999999999996,5,8.32550462962963,0.0,5,4.6,sorocaba,SP
23ff42c4bf1f8f16cddb19d8b972974a,3,174.70000000000002,52.97,2,11.843969907407407,0.0,2,4.0,itau de minas,MG
dd9661d3cda1e6feb237f0c4d8b26f2e,1,174.0,16.98,1,18.197858796296295,0.0,1,5.0,campos novos,SC
0692610d8abe24f287e9fae90ea0bbee,4,173.99,31.73,4,6.603399884259259,0.25,4,4.0,sao paulo,SP
99a25c39b28a74d1151c35c18d178292,6,173.94,44.76,1,2.230983796296296,0.0,1,5.0,sao paulo,SP
aae5953b9edddf14749c0d65d60eb4b9,2,173.0,29.9,2,12.825434027777778,0.0,2,5.0,belo horizonte,MG
ccada0ef508e698917a6eab263375905,3,172.8,59.160000000000004,3,9.912824074074074,0.0,3,3.6666666666666665,pato bragado,PR
1e483cc5c76fef08d3ca05f9a8af7d01,11,171.99,123.08000000000001,10,8.48593492798354,0.0,9,4.1,sao paulo,SP
50770d25768b0486d89be26afca3108f,6,171.76999999999998,76.08999999999999,6,13.481597222222222,0.16666666666666666,6,4.0,santo andre,SP
cd52a8efd71af3336b14b5039b951cc1,3,170.8,59.74,3,11.198726851851852,0.0,2,2.3333333333333335,palhoca,SP
3ea08c48e851106d2f584349daba335f,1,170.0,22.94,1,6.003807870370371,0.0,1,4.0,barbacena,MG
e1643dff33666ca629e3644c02738179,3,170.0,29.31,3,4.555775462962963,0.0,3,4.333333333333333,sao paulo,SP
5444b12c82f21c923f2639ebc722c1ea,1,169.9,9.56,1,,,0,4.0,sao pauo,SP
6e85dc5ecd97a61094b89b046a509d8e,1,169.9,12.69,1,,,0,1.0,marapoama,SP
695051e2981c8b19e77cafe450d5bdf3,1,169.76,12.69,1,20.190590277777776,0.0,1,5.0,osasco,SP
b01c2b7b8599b325103ebcddc67413e1,4,169.45,72.67,4,8.455002893518518,0.0,4,4.75,venancio aires,RS
4bc3d93e4a5f88a598d3d8ce4ae510b3,1,169.0,19.28,1,,,0,1.0,sao paulo,SP
d9c349beabc06aa6ff1c6d68b5e9e22e,1,168.1,37.55,1,21.02513888888889,0.0,1,5.0,sao paulo,SP
c7c7b2682c648339a0e9846bb1023a39,3,168.0,31.68,2,10.275578703703705,0.0,2,4.5,braganca paulista,SP
51a04a8a6bdcb23deccc82b0b80742cf,1,167.99,31.93,1,35.314861111111114,1.0,1,1.0,braganca paulista,SP
7178e1eaa97257d8b6d4b80efd77a025,1,167.9,16.81,1,7.122962962962963,0.0,1,5.0,tatui,SP
89d9a386b0b6e5fc8403071b03f7206a,5,167.0,68.25,2,13.494710648148148,0.0,2,4.0,sao paulo,SP
1d1bbb8ac1581824986f582583fff01d,4,166.88,59.589999999999996,4,9.16330439814815,0.25,4,3.5,indaial,SC
1cbdc7cf130a41fd13a3c2a7d2fcfda7,2,165.8,59.81,2,8.690578703703704,0.0,2,5.0,lambari,MG
2ea0861cc19e94cad86438c984c52da4,6,165.6,62.449999999999996,6,5.2506057098765435,0.0,6,3.3333333333333335,sao paulo,SP
33d677f27a69b84051204ee4ae76eaca,10,165.0,173.49,9,8.826325874485597,0.0,9,4.555555555555555,joinville,SC
ace601496e211a664100321f038f50af,1,165.0,14.92,1,,,0,2.0,sao paulo,SP
bd4ff04377f974574f7f0bf9d6ce7dde,4,164.96,50.14,4,21.992728587962965,0.25,4,3.5,santa maria da serra,SP
e45edf75f568ed2f93f78d060e246e25,7,164.29999999999998,113.92,6,12.346981095679013,0.0,6,4.166666666666667,rio de janeiro,RJ
fc5a0d7a310a7a41abf86a458585ff2b,2,162.8,27.36,2,13.929652777777777,0.0,1,2.5,sao paulo,SP
98e164d549402270247f3c96a1a158ef,2,162.7,24.72,2,8.833802083333333,0.0,2,2.5,sao paulo,SP
fa5fdc4e4bb6bd1009ad0e4ac4096562,1,161.99,32.86,1,7.057268518518518,0.0,1,5.0,santo andre,SP
bff9deb0ec77d437f3305a79cf25529e,5,161.95,80.78999999999999,5,6.972201388888888,0.0,5,4.0,limeira,SP
87f3e35268860433e13d577825aada95,3,161.7,41.78,3,51.49710648148148,0.0,1,1.0,bom jesus dos perdoes,SP
3442033154be05bac582e173ef54fd12,1,161.0,8.39,1,3.9064699074074074,0.0,1,5.0,sao paulo,SP
d3e7d37c0df9aef383f3f2a15b0dddfb,1,161.0,40.34,1,13.07738425925926,0.0,1,5.0,sao jose dos pinhais,PR
fc6295add6f51a0936407ead70c1001d,4,160.0,70.52,1,13.800219907407408,0.0,1,1.0,sao paulo,SP
533d46c1b06970e99f09523a61df4972,2,159.98,32.64,2,16.602592592592593,0.0,2,4.5,itapetininga,SP
aa2640d851ec322526f1295bbeb20092,2,159.98,22.36,1,3.9644328703703704,0.0,1,3.0,sao paulo,SP
2039c5e51785b5dde7cf93ccb3b7be2c,1,159.9,13.78,1,8.269247685185185,0.0,1,5.0,guaira,SP
913fd0ebba70bb919f7254a02239173c,1,159.9,19.22,1,13.430914351851852,0.0,1,1.0,blumenau,SC
fc0b214b59a83615fea981c6424a02ae,1,159.9,12.14,1,4.384398148148148,0.0,1,5.0,maua,SP
2ec6e37d992a95eaddb3369dcbcc76d9,2,159.8,24.14,2,9.651765046296296,0.0,2,1.5,porto alegre,RS
4bde6149c15cf7e177b36fa060dd6de8,2,159.8,32.66,2,10.623096064814815,0.0,2,5.0,carazinho,RS
6902157ee16728322d61a1321fa79e58,2,159.8,31.630000000000003,2,10.457511574074074,0.0,2,3.0,sao paulo,SP
99cd94252748d2bdde08e17858233602,2,159.8,21.520000000000003,2,3.0130844907407406,0.0,2,4.5,sao paulo,SP
b7e1750c1157341d2abd0251e07c186b,4,159.6,60.96,3,10.344594907407407,0.0,3,4.333333333333333,sao paulo,SP
0ade5cc4a305ed7093a23f68ca47519c,2,158.88,42.39,2,6.875769675925927,0.0,2,5.0,curitiba,PR
954e95f20808d7e5d11f0de292d078e0,4,158.78,119.17999999999999,3,9.138657407407408,0.0,3,4.666666666666667,joao monlevade,MG
c04d70d515d15a7e3db3a73320598566,4,158.2,56.62,3,6.294768518518519,0.0,3,5.0,niteroi,RJ
98dddbc4601dd4443ca174359b237166,2,158.0,53.67,2,8.23082175925926,0.0,2,5.0,sarandi,PR
ce3ad9de960102d0677a81f5d0bb7b2d,1,158.0,16.21,1,4.042291666666666,0.0,1,5.0,rio de janeiro,RJ
f1ce5fdecd64935c28b9ff932751d0dc,2,158.0,22.53,2,10.23626736111111,0.0,2,4.5,santana de parnaiba,SP
902c99f1ac505c0d18778b61bcd636f7,4,157.96,100.16,4,4.851431327160494,0.0,3,4.0,mogi guacu,SP
d2df77822373f19934e87694d8640767,2,155.9,40.5,2,22.154542824074074,0.0,2,3.0,arapongas,PR
dde698c6d0bd24834c586e5111c2bba7,1,155.9,19.19,1,7.692013888888889,0.0,1,5.0,petropolis,RJ
a4e634166243bbb3a13fa584463fa468,2,155.55,45.629999999999995,2,,,0,2.0,osasco,SP
b9de031b671cd48b28fae9d828cbf2b4,1,155.32,43.37,1,9.232627314814815,0.0,1,5.0,sao paulo,SP
3c88ed2e76a2247933a15daa7161eb1c,1,155.0,151.2,1,19.908125,0.0,1,5.0,cosmopolis,SP
61f159ef6da2d441951d2c0efa719362,3,154.97,61.01,3,,,0,1.0,serra,ES
4dab98ca6cd6d3df586203cefd28a042,1,154.9,18.33,1,28.008784722222224,0.0,1,5.0,porto alegre,RS
f664f98bfda2eaf266a23ff144e7a872,2,153.99,7.8100000000000005,2,2.6854803240740743,0.0,2,3.0,sao paulo,SP
0b09101900100c0e9d312861fad5a1b9,1,153.75,14.61,1,18.53783564814815,0.0,1,4.0,sao paulo,SP
6601ee6383e7f452be71929f8de48bbb,2,153.6,28.34,2,14.825185185185186,0.0,2,4.0,ribeirao pretp,SP
d26aa40b90272d4843d63be7c1462c8d,2,152.9,24.52,2,4.590243055555556,0.0,2,4.5,sao paulo,SP
78813699ffac347fe27dba345a5f1551,1,152.42,48.12,1,9.042847222222223,0.0,1,5.0,bento goncalves,RS
4ddeb3e828550cddc8d45c8bc36ab2d1,1,152.0,12.45,1,7.869930555555555,0.0,1,5.0,sao paulo,SP
56f413900b5166ab4d730e9ac0b12cb0,3,151.79,42.45,3,10.19193287037037,0.0,3,4.666666666666667,sorocaba,SP
bd0a1b0aadca9a83d9304f7e8ff5fbd5,4,150.6,54.59,4,5.896536458333333,0.0,4,4.5,sao paulo,SP
2d34636518ba88f5349b732fcf8ba2e4,1,150.0,18.63,1,10.83261574074074,0.0,1,5.0,sao paulo,SP
4867209cb29b56b92893d7bde3ce8012,1,150.0,19.15,1,10.228275462962962,0.0,1,4.0,jau,SP
578fa3a9cb6b6dceab39231ad59cdaca,3,150.0,37.2,3,22.39690200617284,0.3333333333333333,3,3.6666666666666665,fortaleza,CE
c398bc00a606d33758afd91f4e64fd15,2,150.0,15.5,2,3.7029050925925926,0.0,2,4.5,rio de janeiro,RJ
1e47d8b6546eb3a77b1acddcc9406242,1,149.9,16.81,1,35.493993055555556,0.0,1,1.0,campinas,SP
49f8d2ea7b718d0ce587d34207caf2b4,1,149.9,15.36,1,6.839895833333333,0.0,1,5.0,sao bernardo do campo,SP
f266295f49a28eee21f413e0cbb0521d,2,149.8,28.14,2,12.08870949074074,0.0,2,4.5,ponta grossa,PR
6ba4733aa33f6386e9fb0c0fd3993b38,3,149.79,60.09,3,12.429888117283951,0.0,3,4.666666666666667,torres,RS
3d700782d7818f2c1e0d7a9e9d75fc00,3,149.7,85.41,3,25.728460648148147,0.3333333333333333,3,3.6666666666666665,sertanopolis,SP
63272377184e969942f7fff221be858d,2,149.7,66.53,2,12.299733796296296,0.0,2,5.0,sao paulo,SP
7a188843479798ca813108fa7b959286,3,149.7,26.160000000000004,1,,,0,1.0,sao paulo,SP
d8b8f2cf9ff6ba0389072541cb42498c,1,149.0,20.01,1,12.159155092592593,0.0,1,5.0,formosa,GO
e00d85ce20ea50c1224c66ca5050527d,1,149.0,8.3,1,2.049375,0.0,1,4.0,osasco,SP
37303482a42fb700d8d127e70a9cd6c8,2,148.89,22.490000000000002,2,2.051712962962963,0.0,1,3.0,campinas,SP
f35becee938e982bd615edf8ef12bcfb,6,148.59,78.22,6,7.9204591049382715,0.0,6,4.0,alvares machado,SP
8fbe2ee446b97e128471be4ce983dc0d,3,148.5,40.0,3,8.099621913580247,0.3333333333333333,3,3.0,sorocaba,SP
538caafddff204241cecbf3a02e6b3cf,9,148.3,98.19,9,17.311448206018518,0.375,8,2.5555555555555554,sao paulo,SP
ca7c6bd577e559472af1c699de9e764e,8,148.0,70.82,6,4.6808198302469135,0.0,6,4.333333333333333,sao bernardo do campo,SP
7d7866a99a8656a42c7ff6352a433410,5,147.89,59.49,5,4.886585648148148,0.0,5,4.4,sao paulo,SP
2a7c6c0b0d5efde2bf75ec1e1cec2d41,3,147.6,44.44,3,10.607287808641976,0.0,3,3.3333333333333335,maringa,PR
9523fb39dd240aa958e040f8183d64f3,1,146.99,21.3,1,21.88304398148148,0.0,1,1.0,sao paulo,SP
0b3f27369a4d8df98f7eb91077e438ac,2,146.51,24.88,2,7.161655092592593,0.0,2,4.0,aruja,SP
782f78b632a43875dd5b53e3e49c9564,3,146.01,41.56,2,9.88162037037037,0.0,1,3.0,campinas,SP
4bcec44888b30ba9001234c534716d3f,5,146.0,63.23,5,9.158854166666666,0.0,5,4.6,santo andre,SP
398cb257329ef7af7f1943a8974a3cbc,1,145.9,15.47,1,7.091377314814815,0.0,1,5.0,salvador,BA
8e34331b7eedd03be4e5d965c1956225,5,145.0,65.44,5,13.948203703703703,0.2,5,4.8,sao paulo,SP
f3041c2e75ec683697a6a5ea82192210,1,145.0,24.0,1,4.528425925925926,0.0,1,5.0,itauna,MG
0daf5180aa44356f60f8effa533b55a2,2,144.8,38.83,2,8.025891203703704,0.0,2,5.0,goiania,GO
553a440137d6e0cf776aee0bb83ac9f5,2,144.8,30.34,2,23.00158564814815,0.5,2,1.0,limeira,SP
15ac3c501e2599e4917316fde5c5669a,1,144.2,51.61,1,,,0,1.0,sao paulo,SP
4a82c4af97ffc0fb2dc26bfdc03b1842,3,143.7,67.2,3,12.739297839506174,0.0,3,5.0,lagoa da prata,MG
c8143b3069f6746a77421b5ce30a450c,1,142.47,43.41,1,24.404675925925925,0.0,1,5.0,abadia de goias,GO
2f9b7ce230a057a98a9f5df5893ee36c,2,141.82,30.03,2,10.458252314814814,0.0,2,4.5,barueri,SP
d3891911c2feae53c52fea2bd14054e5,2,141.0,25.990000000000002,2,4.062760416666666,0.0,2,5.0,sao paulo,SP
0e72c1a751b496722a6cb1f10653b62a,3,140.8,51.300000000000004,3,6.891940586419753,0.0,3,4.666666666666667,sao paulo,SP
50a7e551a7b3f8d37cd6e32d8bfbe5ea,1,140.0,27.96,1,12.586157407407407,0.0,1,5.0,sao caetano do sul,SP
a89e143d5211473ae18db9577ee34b64,2,140.0,19.68,2,9.211030092592592,0.0,1,3.0,limeira,SP
52a50b42accf164f9f019941e5759d9b,4,139.96,57.059999999999995,4,5.381053240740741,0.0,4,4.75,monte alegre do sul,SP
19d62d484cba71963c93f0f00ab42013,1,139.9,22.69,1,13.946666666666667,0.0,1,4.0,gaspar,SC
3f8247d0f772ffa58560e5c682521ad5,1,139.9,18.55,1,,,0,3.0,joinville,SC
d8bf0fc082fd4a77fc2e5679b6c00133,1,139.9,9.14,1,7.092939814814815,0.0,1,5.0,sao paulo,SP
fa8d335d68129e464e60c1826a683e96,1,139.9,34.78,1,22.21934027777778,0.0,1,4.0,tres coroas,RS
e8ff5a6ceb895583033fc2a0f314e3c2,1,139.89,19.08,1,3.1886111111111113,0.0,1,5.0,blumenau,SC
1b0b0f4f95e962d6f32fe90c759d0479,2,139.8,23.37,2,9.46238425925926,0.0,2,5.0,sao paulo,SP
59bbc819b99a733f02f0d6b49d1c253d,2,139.8,22.950000000000003,2,5.458657407407408,0.0,2,5.0,campinas,SP
a154d7316f158bb42e6fa18bbe3afd3a,2,139.8,50.33,2,47.48453125,0.5,2,3.0,sao paulo,SP
6a53b90c3ad9e0b56d9fe5c69165fff5,4,139.78,55.0,2,11.870266203703704,0.0,2,3.5,curitiba,PR
657969cca82e884d272385ec0ef06edd,3,139.70000000000002,51.86,3,8.105501543209877,0.0,3,4.666666666666667,estancia velha,RS
63b9ae557efed31d1f7687917d248a8d,7,139.5,102.81,5,18.660875,0.0,5,4.2,sao jose do rio pardo,SP
818d28f936e791926d33bcb6ee94ef79,5,139.5,77.2,5,12.943929398148148,0.0,4,4.0,sao paulo,SP
26e2e5033827d2ba53929f43e03d8ffe,1,139.49,15.29,1,5.269074074074074,0.0,1,5.0,sao paulo,SP
4a5b36211b1f51bf7eaa5c10a57fa483,1,139.19,16.07,1,4.035162037037037,0.0,1,5.0,sao goncalo,RJ
57a834594e1e9e9219603bfec184eadc,1,139.0,27.05,1,6.109594907407407,0.0,1,5.0,santa rosa,RS
5a9b3bcab695173c820e53934574ae80,1,139.0,64.77,1,7.143958333333333,0.0,1,5.0,salto,SP
712efd3b68f9686dc856b84abd0f21ae,1,139.0,17.16,1,7.23662037037037,0.0,1,4.0,curitiba,PR
c747d5b92c7648417faea95d36d763e8,1,139.0,85.75,1,12.949432870370371,0.0,1,5.0,pacatuba,CE
f114dca2828bf718548db175ebe2cfcd,1,139.0,13.99,1,10.483483796296296,0.0,1,1.0,cambe,PR
f049a72cf58fd31b11f8919cade515e7,4,138.75,32.24,3,4.592179783950617,0.0,3,3.3333333333333335,sao paulo,SP
96f7c797de9ca20efbe14545bed63eec,3,138.60000000000002,38.37,1,1.946226851851852,0.0,1,1.0,cravinhos,SP
717b78b0950b51ed00b1471d858b0edc,5,138.6,81.15,5,21.32962037037037,0.2,5,4.0,alambari,SP
8cb7c5ddf41f4d506eba76e9a4702a25,2,138.0,44.37,2,16.01363425925926,0.0,1,3.0,anapolis,GO
044668ccd5316b12a7cf0d54a156e3e9,4,137.8,53.55,3,7.8470100308641975,0.0,3,5.0,osasco,SP
0b64bcdb0784abc139af04077d49a20e,4,137.6,68.21000000000001,4,8.495092592592592,0.0,4,4.75,canoas,RS
ea846a0e7ad98a741783e886d89dfa44,3,137.0,55.26,2,10.279629629629628,0.0,2,5.0,aracatuba,SP
db6a4d4b5f1f5f98820ce6ce2619e2de,1,135.99,12.16,1,3.113460648148148,0.0,1,5.0,sao paulo,SP
377bc18334c78dd2f1535ef22a3ad225,1,135.98,88.46,1,9.886643518518518,0.0,1,5.0,sao jose dos pinhais,PR
dd39ad39b5d3df33037e141c72497ba6,2,135.8,29.049999999999997,2,8.673096064814814,0.0,2,5.0,sao paulo,SP
e3e290b38963293022cdcd6db8328103,3,135.7,46.34,3,9.766523919753086,0.0,3,3.3333333333333335,sao paulo,SP
59de1d4c8c057c2a53acd4ca66531af2,1,135.0,21.75,1,18.68167824074074,0.0,1,5.0,curitiba,PR
7c4adcc13272c0e26fa23aac642adb7b,2,135.0,30.630000000000003,2,17.025104166666665,0.5,2,3.0,sao goncalo,RJ
83c8aafbefb034674a70de0eac5b8954,2,134.9,50.97,2,5.073425925925926,0.0,2,5.0,francisco beltrao,PR
5def4c3732941a971cba8fdee992ede1,6,134.8,66.24,5,4.562969907407408,0.0,5,4.6,sao paulo,SP
c5e60e39c0f42b8e827daa13cff74afa,8,134.0,89.10000000000001,6,3.7670466820987656,0.0,6,4.5,sao paulo,SP
8e4f041ff58e7845456d3482524014b3,2,133.8,48.59,2,24.080474537037034,0.5,2,3.0,porto alegre,RS
062c325cd6a2b87845fab56b4ec2eeae,2,133.22,23.86,2,5.495763888888889,0.0,2,5.0,sao paulo,SP
c87abc38c8ed3240861729e1aeadf221,1,133.0,15.68,1,10.748113425925926,0.0,1,1.0,sao paulo,SP
7adbd3210a7b3cc2235e225eef33574d,3,131.9,72.96,3,10.077029320987654,0.0,3,4.666666666666667,sao paulo,SP
fedf2c1386e137f296b3bbf3b635e69d,5,131.74,79.16,2,10.332349537037038,0.0,2,3.5,sao paulo,SP
a218df5c097b0ca409cfaac1488cc7f6,4,130.69,110.00999999999999,4,11.561912615740741,0.0,4,2.75,araraquara,SP
939f6e231201f26803cb5c3a3d2940b3,4,130.6,95.02000000000001,3,10.861435185185185,0.0,3,4.666666666666667,bauru,SP
2f3d8b4c9e2ee165075331fea3f3095a,1,130.0,17.35,1,12.331180555555555,0.0,1,5.0,sao jose,SC
60ad151920c4f6f3ebbe8cfdf6166779,2,130.0,20.67,2,,,0,1.0,carapicuiba,SP
88af55b4a7ca402b27df16f7c7c9b5d2,1,130.0,11.52,1,,,0,1.0,taboao da serra,SP
9fe7c6641c79970ab48185498f547c09,1,130.0,34.71,1,17.920046296296295,0.0,1,5.0,sao paulo,SP
dc120d932ddf9d4dfb6fd68beefda622,1,130.0,14.44,1,14.64236111111111,0.0,1,1.0,sao jose dos pinhais,PR
0f80a40c312b2472dca482cf50f5186f,1,129.9,20.1,1,5.3246064814814815,0.0,1,3.0,lencois paulista,SP
b6f52e346160519c24a23af05410ad32,1,129.9,13.35,1,12.60994212962963,0.0,1,4.0,sao paulo,SP
e5def42655b7490edac5a56fe8e9e603,1,129.9,11.52,1,5.83462962962963,0.0,1,5.0,amparo,SP
44ed138eca6214d572ce1d813fb0049b,3,129.79,56.01,2,8.518258101851853,0.0,2,4.5,canoas,RS
45c20d94d9171b0bcfab3c955e47d67b,4,129.45999999999998,81.11,4,14.431024305555557,0.0,4,4.5,cordeiropolis,SP
ef728fa1f17436c91ed1ccd03dcf9631,4,128.7,58.12,3,4.7905594135802465,0.0,3,4.333333333333333,jau,SP
391bbd13b6452244774beff1824006ed,2,127.8,35.4,2,44.565300925925925,1.0,1,1.0,campinas,SP
47f55702f598c7c6cc8458b0fbc1c49a,2,127.5,35.9,2,17.29196759259259,0.0,1,5.0,dores de campos,MG
5bc237df65098fe211bb4818f4d26d78,2,126.80000000000001,57.09,2,12.479837962962963,0.0,2,4.5,uberlandia,MG
7c9130f5f3729edd32aa059141d92484,4,126.0,67.15,3,7.452966820987655,0.0,3,3.3333333333333335,garca,SP
c26ba52cf8d2f34915f2f6b7ffa0a3f3,4,125.96,46.69,4,7.716890432098765,0.0,3,4.0,rio de janeiro,RJ
f9a02f1922d1de564392e656d82b3fda,1,125.9,11.49,1,,,0,4.0,ferraz de vasconcelos,SP
934ed5cd1b9c1c7382d0a94a94b9e639,1,125.85,26.62,1,13.127384259259259,0.0,1,5.0,curitiba,PR
788f22bafdd7ab0e1e79f19db72f16a4,2,125.80000000000001,26.240000000000002,2,3.541741898148148,0.0,2,4.5,sao paulo,SP
9558aa23f77a9e0a0eca83540999f43b,2,125.7,29.88,2,20.871423611111112,0.0,1,3.0,apucarana,PR
570d4583587a5fe2d47c7be89b91ad27,2,125.25,23.67,2,5.748657407407407,0.0,2,5.0,sao paulo,SP
ec2e006556300a79a5a91e4876ab3a56,8,125.2,66.04,4,13.50111689814815,0.5,2,1.25,sao paulo,SP
57df9869a600bd6b7c405f2a862eccfb,5,125.0,72.21000000000001,5,7.28955324074074,0.0,5,4.4,santa rita do sapucai,MG
c092292535a57dacd95a8765f5518f87,1,125.0,18.98,1,8.097824074074074,0.0,1,5.0,paracambi,RJ
ff82e8873fba613f2261a9acc896fd84,4,124.6,58.93,4,9.54111400462963,0.0,4,3.5,itabira,MG
693660429f9dc4ff704eb3d88dad54d7,2,124.0,24.119999999999997,2,3.5799305555555554,0.0,2,4.0,santo andre,SP
08061dc0fc165ed41288cc7acde738ee,4,123.80000000000001,58.42,4,20.068133680555555,0.25,4,4.5,osasco,SP
8d92f3ea807b89465643c219455e7369,8,121.2,131.57,3,45.54934027777778,0.6666666666666666,3,1.0,sao paulo,SP
89757206b887aed36f3e18d858460fea,2,120.5,55.64,2,9.605752314814815,0.0,2,5.0,sao paulo,SP
876182d1918783bbe15233febfbd4926,3,120.27,34.730000000000004,3,9.279259259259259,0.0,3,4.0,sao paulo,SP
003554e2dce176b5555353e4f3555ac8,1,120.0,19.38,1,4.646805555555556,0.0,1,5.0,goiania,GO
1927cdb9fa74f5270097f6250e8e8f34,1,120.0,58.92,1,8.128900462962964,0.0,1,5.0,marilia,SP
698f5fa55a5f73d0740e9d9a773e8093,6,120.0,83.99,4,6.034730902777778,0.0,4,4.75,rio de janeiro,RJ
a353b1083c9863d756d9404695016d64,1,120.0,17.09,1,20.71329861111111,0.0,1,5.0,cariacica,ES
bba8d0c234a52b87b3957037a215d1a4,1,120.0,19.53,1,23.839618055555555,0.0,1,5.0,goiania,GO
bdf0d02d36a1d839d0c39c4a887cdd49,7,120.0,95.95,5,8.347087962962963,0.0,5,5.0,birigui,SP
35281d148dcf7134bae913c57db4e6da,1,119.99,17.03,1,5.274907407407407,0.0,1,5.0,sao paulo,SP
3903c788ded8dc03b5ebab37a2f3e9a1,5,119.97999999999999,51.269999999999996,5,10.304136574074075,0.2,5,4.0,carapicuiba,SP
e09887ca8c7bf8a4621ce481820414ef,4,119.96000000000001,58.699999999999996,3,57.878368055555555,0.5,2,2.3333333333333335,sao paulo,SP
07a9bc7f61396b658ddf3ac534efe44c,1,119.9,15.59,1,5.995138888888889,0.0,1,3.0,sao paulo,SP
674207551483fec113276b67b0d871ff,1,119.9,13.94,1,1.869537037037037,0.0,1,5.0,sorocaba,SP
7c4402417d51474d4d0cda9557340e40,1,119.9,27.69,1,7.122175925925926,0.0,1,5.0,sao caetano do sul,SP
a150c540f572d0fb53992264bc5c10b5,1,119.9,15.59,1,10.858275462962963,0.0,1,4.0,sorocaba,SP
d1aa1ec0839dcab73a6161130eb1f94a,1,119.9,16.14,1,35.02212962962963,1.0,1,4.0,curitiba,PR
e9b6c33b71b67737693b4cfa68341c8d,1,119.9,21.49,1,11.771851851851851,0.0,1,4.0,sao paulo,SP
be1e9e378700cecaa4ebf71433d7915c,2,119.89000000000001,37.62,2,48.17583912037037,1.0,2,3.0,ribeirao preto,SP
8eb88b0acb3f90a717ad659221471fa7,2,119.8,40.87,2,12.252141203703705,0.0,2,4.5,cacador,SC
910a922b426b7ff95eaee129ad6c0e1f,2,119.8,31.16,2,14.63134837962963,0.0,2,5.0,sao jose do rio preto,SP
bf0045791395e66460eb04749c68672a,2,119.8,35.45,2,14.245839120370372,0.0,2,4.0,sao paulo,SP
26e13b6ff5b641b329e5524241ee2c93,4,119.69999999999999,69.97999999999999,4,6.638492476851852,0.0,4,4.0,franca,SP
e5bd51692380fd8cabb19b756b95e714,3,119.69999999999999,33.34,3,33.66361689814815,1.0,2,2.3333333333333335,santo andre,SP
a9b533a26e898b12e8b8d4c07279bf4d,4,119.6,71.46,4,15.162638888888889,0.0,4,5.0,rio de janeiro,RJ
22c32ec35d0116ef02c281798a25bf8b,6,119.58,90.43,4,11.45622974537037,0.0,4,3.75,maringa,PR
36f98ad67cc981f50ce8aed093d5783c,2,119.4,39.22,2,6.10787037037037,0.0,2,4.0,toledo,PR
fc38b5dceee1a730fad8853453437fbd,5,119.2,58.81,5,7.9680231481481485,0.0,5,4.6,campinas,SP
fc908879b9ca1bd65419e54e50432d38,4,119.19999999999999,52.68,4,8.675014467592591,0.0,4,5.0,sao paulo,SP
e82de6494d91d3c4c54450f59b227a94,3,118.9,38.8,3,18.68153549382716,0.3333333333333333,3,5.0,ibitinga,SP
fd312b6bf05efac6c3772d5b52205d8a,4,118.69999999999999,45.62,2,6.378287037037037,0.0,2,5.0,votorantim,SP
e9c2dc0dd4ac38448289be644ac94f42,3,118.39,56.22,3,5.392226080246914,0.0,3,5.0,joinville,SC
4c60877808f4318ef1107fbeb8f89afa,2,118.0,32.63,2,15.193721064814815,0.0,2,4.0,atibaia,SP
aa1eb17b9fdf6dfd546e25c45c7b9235,4,117.99,36.269999999999996,3,7.751797839506172,0.0,3,4.666666666666667,sao paulo,SP
40ec8ab6cdafbcc4f544da38c67da39a,2,117.8,39.2,2,6.5789583333333335,0.0,2,5.0,francisco beltrao,PR
b416191c9813d821a295cfabafff4161,2,117.8,32.34,2,19.298738425925926,0.0,2,2.5,franca,SP
13dd308f81fea30cc670c656b2b46cc3,3,117.69999999999999,33.440000000000005,3,3.6380208333333335,0.0,3,5.0,santa barbara d'oeste,SP
9bade61a92bed55a25d2b67b9f4ed739,3,117.68,57.12,2,9.656429398148148,0.0,2,3.0,sao jose dos pinhais,PR
bca9230d3bbb4efa51872bf605a2f1ad,5,117.57,50.63,5,7.055643518518518,0.2,5,4.0,sao paulo,SP
781a66c0d89e30814d49fe8b5e14cd07,1,115.0,21.3,1,33.1228587962963,1.0,1,1.0,campinas,SP
93bef6edaa84956e8e575016449b6351,1,115.0,14.56,1,9.925324074074075,0.0,1,5.0,sao paulo,SP
9bf11dfc0bec77e5a23028043c3c5a8f,1,115.0,17.06,1,31.544166666666666,1.0,1,1.0,contagem,MG
039b29ff3b3473435d0cd59040575de9,9,114.9,100.65,9,9.107943672839506,0.0,9,4.444444444444445,ribeirao pires,SP
8c351ed7c326c62123318f4f3246e906,2,114.9,35.76,2,10.105011574074075,0.0,2,5.0,praia grande,SP
296729ffb9b684050dd24836dac4494a,2,114.0,35.61,2,7.2698784722222225,0.0,2,5.0,curitiba,SP
4c4d546adf3c3868fe19c9ec6e9ffda9,3,111.69999999999999,45.39,2,6.870364583333333,0.0,2,4.0,maringa,PR
ac1ed5fc15901fbc92920361eb4ab350,1,110.25,13.79,1,,,0,1.0,sao paulo,SP
28d162ab86bb49d719c32f0ee6186eaa,1,109.99,17.21,1,16.388842592592592,0.0,1,4.0,ribeirao preto,SP
2c9005d8043aff18b8557ffb7b13cda4,1,109.9,19.74,1,7.852303240740741,0.0,1,5.0,cachoeiro de itapemirim,ES
4be9ae93c4fc0f41713d71a4194ee1b3,1,109.9,27.07,1,11.089050925925926,0.0,1,5.0,divinopolis,MG
e732329483fd5f27367dd997b47f598a,1,109.9,34.57,1,12.152314814814815,0.0,1,5.0,blumenau,SC
7bb8fac2913a6064ec412e583c6d8b4d,1,109.0,16.52,1,4.895717592592592,0.0,1,5.0,bauru,SP
92992bec39dde5766f590d3b1f46d465,1,109.0,12.67,1,,,0,1.0,sao paulo,SP
db7ed69a53aa9fb1c01930ba54a88bbe,1,109.0,11.78,1,3.9548032407407407,0.0,1,5.0,jaguariuna,SP
4cc43a222a0f94910728b62b97a8c5f8,1,108.5,12.26,1,14.14508101851852,0.0,1,3.0,ribeirao preto,SP
bb3dca718920a4d7ec3cc9ffb025108b,3,108.0,93.7,2,11.942725694444444,0.0,2,3.0,sao paulo,SP
e88165a185134e13fdfc85d4fa654db8,2,108.0,41.22,2,9.153582175925926,0.5,2,3.0,ferraz de  vasconcelos,SP
941554c5757b73ba0e50aa7732310afc,4,107.69,58.66,3,8.114648919753087,0.0,3,4.666666666666667,sao paulo,SP
44717f64ec2a457979cf83c429077666,3,107.0,63.91,2,5.8075115740740735,0.0,2,5.0,santa rosa,RS
077c5fae4bea9500e3737b16f71b9d3a,6,106.80000000000001,70.44,4,8.317737268518519,0.0,4,4.5,sorocaba,SP
a69aa24cec11168e7e39a3fbc727e925,3,105.97,34.32,3,8.651388888888889,0.0,3,5.0,carapicuiba,SP
271b8923c6a549e02d3c9fd1f8c0422b,1,105.19,13.4,1,14.175335648148149,1.0,1,4.0,praia grande,SP
630008e0f062605a415d694489f6f82e,3,105.15,30.35,2,17.05988425925926,0.0,1,3.5,sao paulo,SP
3d2400ac620cffa23ac81bd192f7f555,1,105.0,8.9,1,7.352754629629629,0.0,1,5.0,sao bernardo do campo,SP
3bb32fedaa74e4ad20f4ce067733bd31,3,103.69999999999999,58.86,2,7.152453703703704,0.0,2,4.5,porto belo,SC
62de60d81c55c29d76a6bce418b31cef,1,103.0,23.87,1,16.171631944444446,0.0,1,4.0,ibitinga,SP
461ff5303b6c9c1a4a07f40c5aece516,3,102.69999999999999,58.73,3,6.6001157407407405,0.0,3,3.6666666666666665,pinhais,PR
ab91571efab27993ff2f6b36e38055c3,4,102.24,56.69,3,12.996577932098766,0.3333333333333333,3,4.666666666666667,sao paulo,SP
160851d3ece7aa1a510f8d1a4bb8a8af,2,102.05,39.099999999999994,2,5.577158564814814,0.0,2,5.0,garca,SP
be67f78487e2cecb0d55bc769709e4f5,1,102.0,23.64,1,10.03462962962963,0.0,1,5.0,ibirite,MG
96e5dc09087bad639b4ee193104ec2e5,2,101.9,52.54,2,7.808726851851851,0.0,2,4.5,bom jardim,RJ
4fae87d32467e18eb46e4a76a0a0b9ce,1,100.9,19.9,1,6.806759259259259,0.0,1,5.0,ronda alta,RS
a4fc6eadaff1576af888509a53420f6a,1,100.86,20.76,1,28.985127314814815,0.0,1,3.0,sao caetano do sul,SP
011b0eaba87386a2ae96a7d32bb531d1,2,99.98,29.18,1,25.1803125,0.0,1,4.0,pompeia,SP
79b93a308a97792cf53ac75f46da00b5,1,99.9,16.14,1,22.515162037037037,0.0,1,5.0,rio de janeiro,RJ
80cfd480be3eb6d6267139f5cb793555,1,99.9,26.44,1,14.254143518518518,0.0,1,4.0,sao paulo,SP
2d20f1cd18725c91147da0791d498022,1,99.8,19.89,1,9.953344907407407,0.0,1,5.0,londrina,PR
247587846358bb1d2e4c6522020b36fe,1,99.0,22.51,1,4.81011574074074,0.0,1,5.0,sao jose do rio preto,SP
26562f211dd1364af2a8596dc945e8ae,2,99.0,16.11,2,2.2555555555555555,0.0,2,5.0,sao bernardo do campo,SP
a7c53f6b3b61adbdaa99dda97e8cbd56,1,99.0,11.3,1,6.837638888888889,0.0,1,4.0,barretos,SP
aa8af66c623d7d544dfe4bb85b5ebe3b,1,99.0,15.57,1,8.003946759259259,0.0,1,5.0,betim,MG
1fbe10c70e30765ed1de86d9f7e98409,6,98.75,59.36,2,13.666018518518518,0.0,2,2.5,maua,SP
9e17b9d64683aebcbb9ee362d06463b4,3,98.69999999999999,37.97,2,,,0,1.0,ribeirao preto,SP
00ab3eff1b5192e5f1a63bcecfee11c8,1,98.0,12.08,1,9.052488425925926,0.0,1,5.0,sao paulo,SP
5f57db27027655e6c6a391601daa0258,1,98.0,53.04,1,14.373472222222222,0.0,1,5.0,viana,ES
eaaa46e98c9e61f6764dd1d7a2ab8b3e,1,98.0,27.64,1,11.097199074074075,0.0,1,5.0,messias targino,RN
1c742ac33582852aaf3bcfbf5893abcf,1,97.9,15.79,1,6.017256944444444,0.0,1,5.0,belo horizonte,MG
c7bb64409aa480bb7d0335faaaf3d242,4,97.6,67.56,4,5.879091435185185,0.0,4,2.25,joinville,SC
70126eecc6aa1274392a1743866e9678,3,97.39999999999999,47.34,3,5.5894405864197525,0.0,3,5.0,barueri,SP
e3e15e2c0b9700561efac21c6be48066,4,97.24,42.5,3,,,0,2.0,sao paulo,SP
270572bb714b00531be85e16e1550f26,1,96.99,14.77,1,11.073055555555555,0.0,1,5.0,maua,SP
034b9387752bfa309f350a70cd45ffa3,8,96.0,144.26,8,8.508582175925927,0.0,8,4.5,blumenau,SC
bcf5566870987da7bc811fbc8c5b9fd9,4,96.0,31.12,1,,,0,1.0,sao paulo,SP
f43827dd686be3a4a80e00aa299990fb,2,95.54,30.2,1,21.39116898148148,0.0,1,2.0,sao jose do rio preto,SP
22a23e5ac7061fc538cc2a019afaaf16,1,95.0,14.42,1,11.029351851851851,0.0,1,3.0,belo horizonte,MG
623ad9d0c1e14bb5464a8c72bff7b4af,1,95.0,38.96,1,24.09232638888889,0.0,1,4.0,claudio,MG
74a9b9bddf14ece02beb81f52c41a88d,2,95.0,22.06,2,12.172760416666668,0.0,2,3.5,sao paulo,SP
7a073a40a9d3f1fee8bc45670ea1e909,1,95.0,17.78,1,,,0,1.0,londrina,PR
8cf21434553b02cbd37c0bbd07e041b0,2,94.98,67.15,2,11.212523148148149,0.0,1,2.5,sao jose,SC
253c025bab43881055aeecde5e2d8b77,2,94.82,29.509999999999998,2,16.56265625,0.5,2,4.5,curitiba,PR
43b2c864251aa0ce4030c746984e088a,2,94.8,34.52,2,5.6157812499999995,0.0,2,3.0,brasilia,DF
443d880f15cbd3572885e1d44bf2c478,2,94.8,30.2,1,12.403761574074075,0.0,1,2.0,marilia,SP
7a704e63bb29c446869efde5d57524c8,1,94.49,15.41,1,7.512939814814815,0.0,1,5.0,francisco beltrao,PR
6235903333ba7de1928c869e268e5964,1,94.06,41.42,1,4.974247685185185,0.0,1,5.0,treze tilias,SC
2aafae69bf4c41fbd94053d9413e87ee,2,94.0,29.869999999999997,2,8.844872685185186,0.0,2,4.5,porto alegre,RS
376d67b61dce0c990155286e7ae486a4,1,94.0,17.91,1,14.346273148148148,0.0,1,4.0,sao paulo,SP
5305693ffae2d3463377b1f6fe67b15a,1,93.56,12.99,1,13.373368055555556,0.0,1,5.0,penapolis,SP
6b2612338467c08c9b25f0cc55b1578d,1,92.9,20.97,1,16.55759259259259,0.0,1,4.0,marialva,PR
1fddcb7b326905d3ad5efe82187db347,1,92.0,13.22,1,,,0,1.0,sao paulo,SP
c4b911d06343b21dd906651f8101cb49,2,90.98,50.349999999999994,2,,,0,1.0,vera cruz,SP
01266d4c46afa519678d16a8b683d325,3,90.25,47.230000000000004,3,5.922897376543209,0.0,3,5.0,curitiba,PR
1cbcd2ee0afb3fc09963b87eb65e7e4f,3,90.0,40.650000000000006,1,4.318333333333333,0.0,1,5.0,curitiba,PR
52b53f7061969fe471d119b6195da864,1,90.0,8.37,1,3.333136574074074,0.0,1,5.0,itajai,SP
f8f35af4634605e6693c17cc3ffff5a8,1,90.0,16.39,1,10.140243055555555,0.0,1,5.0,campanha,MG
6d04126aba80df143fd038e711b8fd96,1,89.99,18.87,1,37.079166666666666,1.0,1,1.0,rio de janeiro,RJ
d7d517afce974cd491b8d52bb5b5b1fc,1,89.99,18.73,1,13.544733796296295,0.0,1,4.0,sao paulo,SP
8dd386be0767c330276ea6a3f96532d3,2,89.98,44.5,1,10.293009259259259,0.0,1,5.0,paulo lopes,SC
741f8c587cb4248ebc5b779a0e8e0e51,5,89.95,67.69,5,13.239328703703702,0.2,5,4.0,santo andre,SP
154bdf805377afea75a3bd158e9eab10,1,89.9,19.82,1,24.920844907407407,1.0,1,1.0,ibitinga,SP
2bdb95a56a36ebbc6640337ac5eac174,1,89.9,18.0,1,5.851944444444444,0.0,1,5.0,sao paulo,SP
4aba6a02a788d3ec81c03137144d9a80,1,89.9,15.38,1,13.221458333333333,0.0,1,5.0,canoinhas,SC
83d458c0d6d4f94295d63f091460bd60,1,89.9,15.84,1,,,0,5.0,vila velha,SP
889009a0ed0bb52c87819941192931b8,1,89.9,33.08,1,12.207511574074074,0.0,1,4.0,lencois paulista,SP
97e50a621f8e801f4baf69e08687c192,1,89.9,7.88,1,9.454490740740741,0.0,1,5.0,sao paulo,SP
a72f15980dc3e9bfd1a49ac9b2f3af65,1,89.9,18.73,1,5.1416203703703705,0.0,1,4.0,marilia,SP
fc99f99385ae90f66f01733856fb88c9,1,89.9,21.12,1,,,0,1.0,boituva,SP
5741dc2bf5044c34d0698681c5081bed,3,89.69999999999999,34.05,3,7.190243055555555,0.0,3,5.0,sao jose dos campos,SP
b8d890108a7a80e4f5d59eea9f362438,3,89.69999999999999,34.59,2,13.931145833333334,0.0,2,3.5,curitiba,PR
6624bc09786f0e41ae48dfc5eeb1a9e2,1,89.54,17.47,1,15.795405092592592,0.0,1,5.0,belo horizonte,MG
499185655c29ecfdbfe776ef7cf875b5,1,89.0,17.33,1,11.124560185185185,0.0,1,4.0,porto alegre,RS
b3809b8d4394588a47c8470ea331e135,1,89.0,7.88,1,5.049641203703704,0.0,1,4.0,sao paulo,SP
da2782c804606d2a5d8e1760dbb3e7ec,1,89.0,14.37,1,32.77846064814815,1.0,1,1.0,sao paulo,SP
65c255b299faf2d12050937cc219c46c,2,88.2,21.88,2,7.089606481481482,0.0,2,4.5,sao paulo,SP
fa7ad8ae9bcb2c4493fdf38e96b1d74f,2,88.0,23.7,1,,,0,1.0,pedreira,SP
466222e777149751370e7e98fb623b0c,1,87.9,17.55,1,6.829317129629629,0.0,1,5.0,rio de janeiro,RJ
dd264199fc8b687ad029de7de6d760e6,1,87.9,20.7,1,18.080567129629628,0.0,1,5.0,cascavel,PR
9cea4682e16655f7da87f406902e989e,9,87.75999999999999,131.47,4,10.071336805555555,0.0,4,4.0,araucaria,PR
2fa13c8bd5705d279f7ed5cc9ec61c68,4,87.4,61.3,2,4.554305555555556,0.0,2,5.0,sao paulo,SP
4fe2f67634d00c021aa01f96b6f2d68e,2,86.8,32.04,2,10.984953703703702,0.0,2,5.0,maringa,PR
60da8bfa7eebe230b7d66ac4082d79b3,3,86.6,38.67,3,7.781188271604939,0.3333333333333333,3,4.333333333333333,fernando prestes,SP
b86a47b3366e3b5424a7b225781f4908,1,86.5,19.85,1,14.259398148148149,0.0,1,3.0,passos,MG
00d8b143d12632bad99c0ad66ad52825,1,86.0,51.1,1,7.233344907407408,0.0,1,5.0,belo horizonte,MG
20fd2d2080ed85fa67fad3fcbb2c1813,1,85.9,19.57,1,,,0,1.0,colombo,PR
a2b911e9ad40dc7d61c142a4683e2d85,1,85.9,34.4,1,12.782881944444444,0.0,1,5.0,barra mansa,RJ
5566627eab3fe93fd6ee08798226101a,5,85.5,102.31,5,8.814136574074073,0.0,5,4.4,sao jose dos pinhais,PR
2b5ed0c9139dae8883a200dfcb272ece,4,85.41,59.34,4,16.871241319444444,0.25,4,4.25,sao paulo,SP
9b1050e85becf3ae99c1cf4934c9bc5d,2,85.14,30.2,2,,,0,2.5,montes claros,MG
b5dd7151a92ccaaa282cbe9681a05f44,1,85.0,18.7,1,13.437083333333334,0.0,1,5.0,ribeirao preto,SP
cb5ff1b9715e99589f3e0c7a6afab9e3,4,85.0,54.03,4,6.08377025462963,0.0,4,4.0,maringa,PR
dadc51ef321949ec9a3ab25cd902e23d,1,85.0,14.34,1,,,0,1.0,sao paulo,SP
0dfbed20065e425d2eaefb101f9816c0,3,84.35,49.25,3,21.56864197530864,0.3333333333333333,3,2.6666666666666665,porto ferreira,SP
324583d68897f5ddbaf38f6248322176,3,84.0,43.989999999999995,2,21.315943287037037,0.5,2,1.0,sao jose do rio preto,SP
3febca52652e7209509ccfe61cbde40e,2,84.0,16.9,2,,,0,2.0,itaquaquecetuba,SP
7f02656561b680def9986c0795a8a080,2,84.0,27.83,2,14.175138888888888,0.0,1,3.0,sao paulo,SP
dedcab67899479e4ea5dcc4eba47f587,2,84.0,21.64,2,5.555057870370371,0.0,2,4.5,jaragua do sul,SC
f5b84683a9bf9e1df748cf40f601b39c,1,83.9,9.07,1,6.706354166666666,0.0,1,5.0,sao paulo,SP
11d4c477d09821164bca4f70a2eae031,4,83.04,57.81999999999999,3,6.984386574074073,0.0,3,5.0,ribeirao preto,SP
a56a8043ebf66e42119618fb8cf232c6,1,83.0,23.73,1,10.828888888888889,0.0,1,5.0,joinville,SC
c542f5a8c64d973f30e9df8d06f70b4a,1,81.0,17.31,1,,,0,1.0,sao paulo,SP
ba8e85df286308fe68a2ce83a8f8b2d6,1,80.9,16.76,1,9.845416666666667,0.0,1,5.0,santa catarina,SC
52454f90d4c30c016768db02f88c1a74,5,80.5,67.17,3,12.69337577160494,0.0,3,3.6666666666666665,campinas,SP
1a8e2d9c38b84a9702ac7922924b0573,1,80.0,17.0,1,15.598125,0.0,1,5.0,araquari,SC
8b11118053756a9a2932f447e11fc1b5,1,79.99,11.17,1,11.909560185185185,0.0,1,3.0,igaracu do tiete,SP
a45765f8afb1e594b22bf9e974b46765,1,79.99,8.93,1,4.976712962962963,0.0,1,4.0,sao paulo,SP
c0f3eea2e14555b6faeea3dd58c1b1c3,1,79.99,15.66,1,5.6671875,0.0,1,5.0,sao paulo,SP
0f519b0d2e5eb2227c93dd25038bfc01,1,79.9,23.0,1,12.271921296296297,0.0,1,5.0,ibitinga,SP
9591fc341b1bfb7ef561e2968ec6e011,1,79.9,14.31,1,,,0,1.0,sao paulo,SP
9fbd5666d8618fa571c4230fafa09bd6,1,79.9,16.81,1,13.122824074074074,0.0,1,5.0,sao paulo,SP
b5b800c4065bebf4d3442311c9857344,1,79.9,8.91,1,6.455601851851852,0.0,1,5.0,sao paulo,SP
ca5832c6960267b71041f74bb39e8b12,1,79.9,17.81,1,45.16071759259259,1.0,1,1.0,xanxere,SC
cd233f8bfa30ebfd651f47ee7d054951,1,79.9,18.66,1,9.33625,0.0,1,5.0,birigui,SP
dcb7367a92f5ffb89f1e2152ed260285,1,79.9,18.44,1,10.07724537037037,0.0,1,5.0,osvaldo cruz,SP
f09e26011d833ddab11593c1a097a92a,1,79.9,22.19,1,,,0,1.0,pirassununga,SP
5a32c398a06c345440bf2a683b017ad3,2,79.8,23.17,2,11.96880787037037,0.0,1,3.0,rio de janeiro,RJ
a7b7354cc588f7566a848bcbb1ce3d96,2,79.8,25.07,2,11.876527777777778,0.0,2,4.0,sao paulo,SP
aa17b35ce4de7b565be3249ba838944f,2,79.8,34.2,2,16.367667824074076,0.0,2,4.5,jundiai,SP
c2bda99904207edd1834f03e0022b007,2,79.8,21.88,2,12.421550925925926,0.0,1,2.5,sao paulo,SP
519a7aa428f18d125a283cf8c014fdd6,3,79.69999999999999,73.1,3,7.4835262345679014,0.0,3,4.0,rio do oeste,SC
918f6fbcf3ab724d805867303e593a1b,3,79.69999999999999,32.88,2,4.872783564814815,0.0,2,4.0,valinhos,SP
c8665a4dd081a2c436b1cd921079d0d9,1,79.39,14.14,1,4.243194444444445,0.0,1,5.0,pitangueiras,SP
babcc0ab201e4c60188427cae51a5b8b,1,79.0,14.13,1,8.19707175925926,0.0,1,5.0,porto ferreira,SP
166e8f1381e09651983c38b1f6f91c11,2,78.8,30.2,2,14.728483796296295,0.0,2,5.0,imbituba,SC
15b3b1b81484422eb41df68ac87f1f50,2,78.35,24.54,2,14.629606481481481,0.0,1,1.0,bauru,SP
739c7d7be81f63812dea0d1b1451c651,2,77.5,71.8,2,17.126261574074075,0.0,2,4.0,campina grande,PB
5de1c80811ce7007f62f00d971236c09,2,76.8,30.950000000000003,2,8.073929398148149,0.0,2,5.0,florianopolis,SC
3e51f9cbe317bc3a88f2c76583811ee4,1,76.09,8.69,1,8.87136574074074,0.0,1,5.0,sao paulo,SP
497709c2976a8fa308730a2dec5b0726,2,76.0,18.04,1,5.948032407407408,0.0,1,5.0,diadema,SP
43a5d4a57af536fddc96d08be3afdfcb,1,75.0,24.83,1,11.811469907407407,0.0,1,1.0,varginha,MG
6dd7dce75cd55c1ce255dc38d9f0cd46,1,75.0,21.33,1,12.228090277777778,0.0,1,4.0,palhoca,SC
a1bea9970d8f65b240555f99c2214f7f,1,75.0,27.48,1,9.306875,0.0,1,3.0,pinhais,PR
c85d7b477a709c85a1e8b8f25aa1b270,2,75.0,32.22,1,,,0,1.0,sao bernardo do campo,SP
d52cbce9845184537284a23c3bc3da0e,4,75.0,63.78,2,10.566354166666667,0.0,2,5.0,garopaba,SC
05aebce0b5c8f0d41b29b686f2d05fd3,2,74.99000000000001,45.89,2,6.0006712962962965,0.0,2,5.0,sao paulo,SP
61b893c57e33626afb104d4112b1be76,1,74.99,13.1,1,,,0,1.0,divisa nova,MG
217f005bb37ff3aeef5b2ae1788e75ba,3,74.97,45.25,3,14.454687499999999,0.0,2,3.3333333333333335,osasco,SP
9c3a1c416c765687bc79a04113269929,1,74.9,58.9,1,6.0855902777777775,0.0,1,1.0,carmo da mata,MG
6187a137b2af59dfdbad8d9f8c373c14,2,74.8,30.22,2,13.861290509259259,0.0,2,3.0,osasco,SP
a90a5da8b09e44264a177c0374a5ac87,3,74.69999999999999,72.6,3,9.380806327160494,0.0,3,4.333333333333333,ponta grossa,PR
d8d9567d0bfb0bc7eb845a205ba42657,4,74.6,59.71,4,13.52205150462963,0.25,4,3.5,sao paulo,SP
164a5a8794e6d42e14f55e447b12a3bc,1,73.99,62.77,1,13.407523148148147,0.0,1,5.0,guaira,PR
a7d0f8dd44f57ef6de7f7f02e3d82630,2,73.78999999999999,25.88,2,6.127939814814814,0.0,2,4.5,sao paulo,SP
204b4e07bddef3c9b317f70189135b22,1,73.4,14.73,1,10.187997685185184,0.0,1,5.0,borda da mata,MG
d4d99b60c4c94cd35acd502cec65dc8d,1,72.9,14.39,1,19.08181712962963,0.0,1,3.0,sao paulo,SP
e5c84227854980f1db19a58958c551d9,4,72.81,68.83,4,10.187983217592592,0.0,4,4.75,fazenda rio grande,PR
f0ec6a2adb05c62655a26dd347b8dede,2,72.0,14.78,1,,,0,1.0,sao paulo,SP
8f0fbe2cd4d472157dc1cdef6edecaa9,2,71.88,22.88,2,7.662847222222222,0.0,2,3.0,sao paulo,SP
028872bfa080090a9d0abd4f1af168f8,3,70.5,47.37,1,16.481273148148148,0.0,1,5.0,ribeirao das neves,MG
4003520d80d0bad1d5623f7aa3c63cda,1,70.0,16.74,1,17.079074074074075,0.0,1,1.0,rio de janeiro,RJ
bbf4a892cac7b82422baa711dffb8997,1,70.0,35.34,1,3.0054398148148147,0.0,1,5.0,curitiba,PR
e4f121bf6ef8b9a1d4d3e65dd0473fab,2,70.0,36.46,2,21.336834490740742,0.5,2,3.0,sao jose do rio preto,SP
f90f77ef2799a27f80d90c425ca944f7,1,70.0,19.46,1,7.389560185185185,0.0,1,5.0,londrina,PR
0a198e95d32b1be2da9424c962a6ebfa,1,69.99,16.68,1,16.04769675925926,0.0,1,5.0,contagem,MG
4e92348462c75b6c842b994ce84a0ed4,1,69.9,15.59,1,9.837280092592593,0.0,1,5.0,cachoeirinha,RS
b5d034ac251546e25afe9067f05c1539,1,69.9,15.37,1,12.577013888888889,0.0,1,5.0,itapecerica da serra,SP
b6c6854d4d92a5f6f46be8869da3fa1a,1,69.9,17.92,1,,,0,1.0,sao paulo,SP
d598f929fc44e1e38678e7f47250ec04,1,69.9,37.4,1,11.235752314814814,0.0,1,5.0,formosa,GO
d9b00a97818674c7f8d8b1ef0e689679,1,69.9,9.18,1,2.203148148148148,0.0,1,3.0,ponta grossa,PR
f3511c85f59f8dec53d140501ee8e7a8,1,69.9,8.11,1,1.9164930555555555,0.0,1,5.0,curitiba,PR
fe9d9cf8631285d5982c6e2cf27fb114,1,69.9,23.64,1,4.90292824074074,0.0,1,4.0,barbacena/ minas gerais,MG
ffcfefa19b08742c5d315f2791395ee5,1,69.9,9.62,1,,,0,1.0,curitiba,PR
17998cf586426bf0f2c3726cb0a4b211,2,69.8,45.72,2,8.385243055555556,0.0,2,4.0,belo horizonte,MG
5587130f9850696ed7fafbc91c2cee44,2,69.8,33.69,2,6.5392013888888885,0.0,2,5.0,sao paulo,SP
bbd3acfe6de99892e73940d3fdceaf68,2,69.0,24.55,2,3.2957581018518516,0.0,2,3.0,santo andre,SP
edb65fe661681b1c0de8bd47c8655855,1,69.0,15.24,1,14.114236111111111,0.0,1,3.0,sao paulo,SP
e4253cef933647000a82ff39c67b7bde,2,68.0,40.73,2,,,0,2.0,sao paulo,SP
f3055483058c84d75ca2a3314fb4deef,1,67.5,35.79,1,,,0,1.0,salvador,BA
723a46b89fd5c3ed78ccdf039e33ac63,1,66.64,23.4,1,7.9987615740740745,0.0,1,4.0,"novo hamburgo, rio grande do sul, brasil",RS
a5ff20ff766e7f50bd5066f33da14413,4,66.59,43.58,2,5.640086805555555,0.0,2,3.0,sao paulo,SP
c6381b1321d7d97717a5bb4ed5b77882,3,66.0,34.01,2,4.809027777777778,0.0,2,3.0,sao paulo,SP
d58d521f3789def2e7a22715e0badd93,2,65.98,18.22,2,4.854195601851852,0.0,2,3.5,sao paulo,SP
76623fde66e6b63b59440fd34160512d,3,65.4,23.34,3,3.3888425925925922,0.0,3,4.0,guarulhos,SP
d4a5e99e0dd915df64ba55a7fbd583fd,6,65.15,84.6,2,12.585381944444444,0.0,2,3.0,sao paulo,SP
52831e5990d0771cb4951d6f12928167,1,65.0,13.12,1,5.106226851851852,0.0,1,3.0,tupa,SP
ad738d3fcf42655ed15c4960b7b6c601,1,65.0,15.89,1,,,0,1.0,novo hamburgo,RS
447d377bdb757058acb569025ee18a93,1,64.99,18.02,1,18.0040625,0.0,1,5.0,carazinho,RS
c8771b1a10bb99bb34d3c459c5cffb53,1,64.9,31.2,1,6.815891203703703,0.0,1,5.0,tocantins,SP
cf281cf8b7affbdfe751b29cc85580e1,1,64.9,25.33,1,,,0,1.0,eusebio,CE
eb4a59a06b3948e851a7d7a830bcbc42,2,64.0,44.0,2,11.078020833333333,0.0,1,3.0,salvador,BA
b452cb0ae35044c4a53179c39f49fb06,2,63.699999999999996,38.29,2,16.722858796296297,0.0,2,4.0,sorocaba,SP
9e94fa26a70ede4d26226e918e8706a2,1,62.8,9.94,1,5.644328703703704,0.0,1,5.0,sao carlos,SP
42fb44130ac3134cde8e35cf8ec7df25,3,62.699999999999996,36.44,3,5.903657407407408,0.0,2,3.6666666666666665,pinhalzinho,SP
f0ec78809fe0bc3edb11c9fe5b97b059,2,62.599999999999994,23.659999999999997,2,9.34699074074074,0.0,2,4.0,sao paulo,SP
2cb98e27ce1c18abdb42209b34c382a7,1,62.49,57.21,1,19.064525462962962,0.0,1,4.0,ribeirao preto,SP
56a8b450e802502ba53a9885ee38e29f,1,62.45,15.2,1,,,0,1.0,sao bernardo do campo,SP
6a3139c7bf09ece22a4713d956acbe5e,1,61.9,14.74,1,3.8735185185185186,0.0,1,5.0,sao sebastiao da grama/sp,SP
f7c31656c19db6275a8acadca289f426,1,61.56,16.19,1,13.381388888888889,0.0,1,3.0,ibitinga,SP
b3e2faf2c1004d674f16a3aa3197f0e1,3,61.47,33.77,3,6.792133487654321,0.0,3,5.0,ribeirao preto,SP
1d0646a72178a6fb37ee8082140e06ec,2,61.0,36.62,2,7.651782407407408,0.0,2,5.0,joinville,SC
7963e546f34e098b578f9ad102494601,1,60.99,21.23,1,18.14728009259259,0.0,1,5.0,sao paulo,SP
be7a093e5b4d147b36b72bb1f9e415e5,1,60.9,22.36,1,5.3288773148148145,0.0,1,5.0,toledo,PR
83f2b4881141ce3fcd4e985125d3279e,3,60.7,40.68,3,18.191948302469136,0.0,3,5.0,ribeirao preto,SP
9ac75591b69c3402684b6ce0310f22ee,1,60.5,9.17,1,2.984837962962963,0.0,1,5.0,sao paulo,SP
e9e446d01bd10a97a8ffcfc4a3a20cb2,4,60.05,29.56,4,5.304830246913579,0.0,3,3.5,sao paulo,SP
24a6daf925d9d591870a66660416de31,2,60.0,30.08,2,13.617193287037036,0.0,2,4.5,robeirao preto,SP
7c462184585ae80bd6e5774c62ce50f2,2,60.0,17.64,1,16.04199074074074,1.0,1,3.0,campinas,SP
85e7c62c1d6ea078c3897424f867a7c8,2,60.0,27.7,2,7.850451388888889,0.0,2,4.5,itapema,SC
86649b1632b1c0e6c0bcb2c90a8b75d8,1,59.99,17.67,1,,,0,1.0,medianeira,PR
0ee4fb99ac55ffbbc98795aa01b7f8fa,1,59.9,11.03,1,6.882916666666667,0.0,1,5.0,santana de parnaiba,SP
3e46a38ee171c503c3b4a3f23fe3bf0c,1,59.9,9.11,1,4.184652777777778,0.0,1,5.0,sorocaba,SP
6ebf4eceee4dd9847201c82e77ef8123,1,59.9,22.13,1,15.017141203703703,0.0,1,5.0,rio de janeiro,RJ
75fdd0a732287f9497b179f6bd445d32,1,59.9,16.18,1,10.883761574074073,0.0,1,5.0,maua,SP
8fb67a334bacec338885b4e9e1708073,1,59.9,38.52,1,8.214791666666667,0.0,1,5.0,toledo,PR
9ef932e837d8b7f392c0bfee9d359dc2,1,59.9,19.66,1,36.47038194444445,1.0,1,3.0,ibitinga,SP
c240c4061717ac1806ae6ee72be3533b,1,59.9,13.99,1,6.056956018518519,0.0,1,4.0,rio de janeiro,RJ
455f46ef09a9e45667e2981df84b5cc2,2,59.8,31.18,2,13.019328703703703,0.0,1,2.5,sorocaba,SP
528ce32f560edd11add4169f6a5b65be,2,59.8,15.3,2,10.162274305555556,0.0,2,5.0,sao roque,SP
3da38366e7bd9baf6369071f782ecdf0,1,59.47,26.96,1,53.34842592592592,1.0,1,1.0,fortaleza,CE
63704069d9bd3a75c1cf59babe56004a,1,59.3,7.39,1,18.27550925925926,1.0,1,1.0,jundiai,SP
db1f0f7c7e5e87f40b62226f020bb297,3,59.01,64.72,3,9.605447530864199,0.0,3,4.666666666666667,pinhais,PR
0af2ab31141893d26aca5a404a537dab,1,59.0,15.51,1,5.809513888888889,0.0,1,5.0,sao paulo,SP
1d953075c2f0dd990bacf27b83b330f1,1,59.0,19.32,1,7.282638888888889,0.0,1,5.0,belo horizonte,MG
2f1e7b90e01d9f086cbcb301c0c3d406,1,59.0,12.66,1,7.110335648148149,0.0,1,5.0,blumenau,SC
dd5450b022b2d00a2145a66331e1aef6,1,59.0,22.34,1,7.1822337962962965,0.0,1,5.0,joinville,SC
fa18c782a4866d313cadab567097f8f1,1,58.99,19.65,1,,,0,1.0,belo horizonte,MG
d180e07dc1e58c31c3f0cd599dc4d945,1,58.8,14.16,1,7.997523148148148,0.0,1,3.0,belo horizonte,MG
cecd97bc34ed8330bd4cd15713eda670,1,57.99,18.51,1,7.138460648148148,0.0,1,1.0,cordilheira alta,SC
cac4e0bc1a3269fa2b6ea5e763f6115b,3,57.88,50.14,2,11.330792824074074,0.0,2,5.0,brusque,SC
48e5ee06fb2dc74df1c711a9b6dfac2a,3,57.0,45.3,1,11.242453703703704,0.0,1,5.0,oliveira,MG
ac9b01377919cdbd2a1bbb8d5837c70b,1,55.9,23.54,1,9.7975,0.0,1,3.0,mogi das cruzes,SP
3e35a8bb43569389d3cebef0ce820f69,2,55.8,28.88,1,7.917349537037037,0.0,1,5.0,sao paulo,SP
0b1ca3ef18a63d7eb0c8897fa0849c08,1,55.0,7.87,1,6.710289351851852,0.0,1,5.0,sao roque,SP
d85efbc8eff2b7adf524e2820569adc8,1,55.0,8.29,1,2.9467476851851853,0.0,1,5.0,sao paulo,SP
ebe3dabc4955c9b0d695e7bda38bf5c3,1,55.0,11.89,1,23.45189814814815,1.0,1,3.0,ribeirao preto,SP
02a2272692e13558373c66db98f05e2e,2,54.98,38.870000000000005,2,,,0,3.0,rio de janeiro,RJ
c7246702dc991a06d788120dc7544391,1,54.86,17.66,1,20.98670138888889,0.0,1,5.0,fortaleza,CE
26f6b7ab07be3e9e69ce82a6552efc19,2,54.8,25.95,2,10.984780092592594,0.5,2,3.0,rio de janeiro,RJ
c13fb473e7cb8b83ccd543c094df0608,2,54.8,28.72,2,12.762152777777779,0.0,2,3.5,sao paulo,SP
d297f1055de2956aedfd3b04113dce3e,1,54.3,7.64,1,3.8065277777777777,0.0,1,4.0,nova odessa,SP
720e6cf846ea7572cbb66b743fb91e6c,1,54.0,14.55,1,16.14633101851852,0.0,1,5.0,mogi das cruzes / sp,SP
c1552b1dab6e6f760950368ae61fb600,2,53.8,14.89,2,5.066215277777777,0.0,2,2.5,sao jose dos campos,SP
c161d1327ebc3a156c09582ab2f59f6c,3,52.99,23.34,3,3.5126793981481486,0.0,2,3.0,sao paulo,SP
a2a41aedb70551d4a85aa04dc2fced48,2,52.79,26.94,2,8.864953703703703,0.0,2,4.0,sao paulo,SP
392f7f2c797e4dc077e4311bde2ab8ce,2,52.0,36.56,2,5.309016203703703,0.0,2,5.0,rio de janeiro,RN
84c945f15571830c1a91a33978e94009,2,51.98,26.060000000000002,2,9.44066550925926,0.0,2,4.5,sao paulo,SP
20d53aad4fe5ee93a64f8839609d3586,2,51.9,34.54,2,39.27744212962963,1.0,1,2.5,santa rita do sapucai,MG
258447aad3f7b01e2643c89f64dc5647,1,51.9,19.55,1,7.945914351851852,0.0,1,5.0,cianorte,PR
07e8e8fc5222bb358e6f259da3197074,2,51.8,23.06,2,8.63806712962963,0.0,2,4.0,sao paulo,SP
eaf6d55068dea77334e8477d3878d89e,3,51.0,33.01,3,6.129313271604938,0.0,3,5.0,sao paulo,SP
4d8809767a5bafe22909c77951fb6b41,1,50.0,8.72,1,,,0,5.0,embu das artes,SP
535bf14f36346c7f59d87cece104d70c,1,50.0,7.77,1,4.217708333333333,0.0,1,4.0,rio de janeiro,RJ
5cf1ec37aea089f45110c70653a166ab,3,50.0,43.1,3,21.465109953703703,0.0,2,3.6666666666666665,sao paulo,SP
deaadd805612bf94faaa9fa702516e11,1,50.0,15.11,1,,,0,1.0,sao paulo,SP
d4f91e8be86b38da2ee35bc489645a9d,1,49.99,11.17,1,17.22824074074074,0.0,1,5.0,guaratingueta,SP
2c2c9832d1bb38c5b0034a3b47d313ee,1,49.9,18.45,1,12.09361111111111,0.0,1,3.0,santa maria,RS
3ded4e2d5f135cb103e5949d7263d2dd,1,49.9,12.48,1,5.149016203703703,0.0,1,5.0,pouso alegre,MG
7b3447b497e55af8c15fc7bd89d7b81a,1,49.9,20.75,1,13.094965277777778,0.0,1,5.0,sao paulo,SP
9140ef75cc8211c4035935e80e567204,1,49.9,22.28,1,12.179131944444444,0.0,1,5.0,maringa,PR
e1a210d482714ce337763a19aef94ba4,1,49.9,26.61,1,,,0,1.0,cascavel,PR
fe19dce63ae80346207c6c55713d1023,1,49.9,21.82,1,7.0012384259259255,0.0,1,5.0,uberaba,MG
7315baebc0572ff220d226283dc66728,2,49.849999999999994,26.369999999999997,2,8.092291666666668,0.0,2,4.0,sao carlos,SP
2c00c85d30361cd2ced2969cffbbffa3,1,49.8,7.71,1,1.8740625,0.0,1,5.0,belo horizonte,MG
1b61fb1f0f2185d89e9a126c498e9cc7,1,49.7,16.11,1,11.358564814814814,0.0,1,5.0,maringa,PR
d1a1b40ec554c593a1a99366746289dd,1,49.7,14.52,1,,,0,2.0,pato branco,PR
42d4b7e70819438f5ada61c965e92d7e,3,49.6,51.18,1,21.939131944444444,0.0,1,1.0,goiania,GO
ac137bac82ffa8548e62bd9d01d2a14f,1,49.6,9.34,1,,,0,1.0,sao paulo,SP
e0487761face83d64fcada2408959a36,2,49.25,14.870000000000001,2,3.5394791666666667,0.0,2,4.5,sao paulo,SP
1f7dfad2cb384ea4d2d7e1ffbd78c407,1,49.0,8.29,1,6.361909722222222,0.0,1,1.0,sao paulo,SP
2ef086a599b597572aca4433b7ed6b3d,1,49.0,15.1,1,11.24431712962963,0.0,1,5.0,jaragua do sul,SC
c963a25b8671419c6ce9eebe8fd03218,1,49.0,19.32,1,6.8539814814814815,0.0,1,5.0,angra dos reis rj,RJ
ce33c6211beaa8fef4cae8b52db39862,1,49.0,14.52,1,18.732430555555556,0.0,1,3.0,suzano,SP
d63f306de130e0391d38a792541723b8,1,49.0,7.6,1,3.3584722222222223,0.0,1,5.0,sao paulo,SP
29c322e3f09f886f8bacbe91dfbd979e,2,48.98,56.59,1,6.673425925925926,0.0,1,5.0,santa maria,RS
417a1e6c7321084d2a0ae0d023cfad93,1,48.9,12.48,1,6.072372685185186,0.0,1,5.0,imigrante,RS
5aaa890629f83706d8d9bfecd8377c1c,1,48.9,17.92,1,,,0,1.0,petropolis,RJ
2e2f44824ab87a0cb961f68bf4073e7f,1,48.0,17.93,1,10.955590277777778,0.0,1,2.0,curitiba,PR
513a54369b6a8a6602fcb0e129c6d78d,2,47.8,14.86,2,3.5719097222222222,0.0,2,4.5,sao bernardo do campo,SP
a3fa18b3f688ec0fca3eb8bfcbd2d5b3,2,47.8,36.46,1,14.268726851851852,0.0,1,5.0,sao paulo,SP
9d213f303afae4983637247556438ede,3,47.7,73.11,2,7.0355439814814815,0.0,2,5.0,ibitinga,SP
ae9690c6e8fee182c28c9ff8e11ca52c,1,47.4,12.41,1,4.4846875,0.0,1,5.0,sao paulo,SP
cad10cc982ab6a391570c211b995c17c,1,47.4,12.79,1,4.2977893518518515,0.0,1,5.0,avare,SP
baf15155e37ef5492731459bdc05be8a,1,47.0,8.72,1,33.05329861111111,0.0,1,5.0,sao paulo,SP
7494d0dcba8551df6cf37f1b905dc2f7,1,45.9,17.07,1,6.993611111111111,0.0,1,3.0,santos,SP
51e0557bc7b86de13e946c60ee91ce39,1,45.8,17.6,1,10.434085648148148,0.0,1,5.0,belo horizonte,MG
8629a7efec1aab257e58cda559f03ba7,1,45.22,18.89,1,59.22667824074074,1.0,1,1.0,goiania,GO
2d8cfba3fcd3170555941605edaa196a,1,45.0,10.96,1,4.953564814814815,0.0,1,5.0,osasco,SP
3338e7a0710a195872be80e0d2423867,1,45.0,20.43,1,,,0,1.0,piracicaba,SP
70ee69419916dc13e3aed619061f996c,1,45.0,8.72,1,14.4346875,0.0,1,3.0,mogi das cruzes,SP
9c351405b754cc5ce3e2ecf277bb034a,1,45.0,14.11,1,,,0,1.0,sao paulo,SP
1f2eebc0e970fd3c463e4f5d9652687a,1,44.99,8.48,1,11.451400462962964,1.0,1,5.0,sao paulo,SP
5a4236931428800e9d9cc04af0987118,3,44.97,45.69,1,3.981076388888889,0.0,1,5.0,sao paulo,SP
5415337f1863452476d42d9f14a16a61,1,44.9,23.45,1,16.04283564814815,0.0,1,3.0,belo horizonte,MG
da3fede3469bf49b7293ce3fc45b294d,1,44.9,12.79,1,11.242916666666666,0.0,1,5.0,mogi das cruzes,SP
e5545d4d4473876ea78c5bcebca365c3,1,44.5,12.97,1,5.198229166666667,0.0,1,5.0,marilia,SP
cad9969167c09b48ae6f1d123f7fa68d,2,43.2,26.98,2,3.389236111111111,0.0,1,3.0,pocos de caldas,MG
ed49da7cadefc454d6a67de249eab240,2,43.0,22.83,2,21.38652777777778,0.0,2,3.0,sao paulo,SP
05a48cc8859962767935ab9087417fbb,1,42.9,16.49,1,11.276516203703704,0.0,1,5.0,sao paulo,SP
4125d9385a25e82d2f72d3a0fd55bc3f,1,42.9,18.4,1,8.990208333333333,0.0,1,5.0,santos,SP
3a3c180dd702a725bd0ba4117689239e,1,41.9,35.48,1,13.821863425925926,0.0,1,4.0,uniao da vitoria,PR
6561d6bf844e464b4019442692b40e02,1,41.9,7.55,1,1.434201388888889,0.0,1,5.0,franco da rocha,SP
749e7cdabbaf72f16677859e27874ba5,1,41.9,19.84,1,11.03644675925926,0.0,1,1.0,guarulhos,SP
a1ed30492b3b798bc121845bc4aa7366,2,41.8,23.7,1,,,0,3.0,sao paulo,SP
b77a27b1864483e721dc831d5ba4afa0,2,41.8,28.619999999999997,2,8.473414351851853,0.0,1,3.5,duque de caxias,RJ
16bdc8cefd0e32a6f0824d296c5ad14a,1,41.76,19.32,1,9.316840277777779,0.0,1,5.0,sp,SP
a213f1bd6458f4a158f3746cb2514559,1,41.52,14.43,1,8.3459375,0.0,1,5.0,maringa,PR
9b1f656ca3060f8af17a50d8a024b533,2,41.0,47.68,2,16.34451388888889,0.5,2,5.0,santos,SP
c200c73f9d7e5a08ca439d6a0803da7c,2,40.0,28.2,1,,,0,1.0,almirante tamandare,PR
d4828feed4cda2cd9d6b37899a95a71e,1,39.9,22.21,1,13.50712962962963,0.0,1,2.0,juzeiro do norte,CE
df683dfda87bf71ac3fc63063fba369d,1,39.9,16.05,1,189.86315972222224,1.0,1,1.0,farroupilha,RS
edb58a1390adf273840030a3d6253829,1,39.9,18.38,1,5.503541666666667,0.0,1,5.0,piracicaba,SP
fedaedd3ca31d56ab33e92035e4b361c,1,39.9,10.96,1,8.62082175925926,0.0,1,4.0,niteroi,RJ
7caa63f175b1cecbfaadd8b5ab9998c7,2,39.8,20.53,2,2.154710648148148,0.0,1,2.0,sao paulo,SP
389e45560e33d2d0747f949dcddbc08e,1,39.0,8.43,1,3.949548611111111,0.0,1,5.0,sao jose dos campos,SP
c74f14c1e26cf1bd5bd34b6a1e274426,1,39.0,16.79,1,24.23091435185185,0.0,1,5.0,sao miguel do oeste,SC
e595809a6c31ec4314fd06ef198c244d,1,39.0,18.23,1,15.85357638888889,0.0,1,5.0,navegantes,SC
0936e1837d0c79253456bbb2ffaaef10,2,38.9,31.12,1,18.366805555555555,0.0,1,5.0,sao paulo,SP
2eeb6531ee027a48d401e72bebdd87d3,3,38.7,40.0,3,12.211415895061728,0.0,3,4.333333333333333,sao jose dos campos,SP
d7ab82074b5f1dfba46db123df101bff,3,38.67,45.3,2,5.941001157407407,0.0,2,4.5,atibaia,SP
e72b4feb7abe210c52aa667abc25a3a2,2,38.2,17.44,1,4.149236111111111,0.0,1,5.0,sao paulo,SP
ab75b89cc49c9ab3160d0c91565a442a,2,37.98,15.85,2,9.102488425925927,0.0,1,1.5,tupa,SP
9200e6ce317b67196b6b0bad4d4bd567,1,36.9,14.52,1,16.296388888888888,0.0,1,3.0,rio de janeiro,RJ
e116c7455dd26a4d8c3e92532583905f,2,36.76,14.78,1,,,0,4.0,sao paulo,SP
1d139e3a3b14025640d8df1b230aace0,2,36.49,34.69,2,7.653206018518519,0.0,2,3.5,barrinha,SP
67e43d802fde8cfd3f9580124f8167d1,3,36.0,42.36,2,,,0,1.0,guarulhos,SP
3a52d63a8f9daf5a28f3626d7eb9bd28,1,35.0,17.78,1,6.339652777777777,0.0,1,1.0,aguas claras df,SP
50c361bcf670d16f6df4d52de3dff924,1,35.0,16.6,1,,,0,1.0,sao paulo,SP
5206cc4bc2297c833e6061c49bf9c43f,1,35.0,10.96,1,,,0,1.0,osasco,SP
baeda7047354773262ba2405f97038ba,1,35.0,15.1,1,23.479270833333334,0.0,1,5.0,americana,SP
c716e0b86ed568878475b60fbb6323ad,1,35.0,15.23,1,7.47505787037037,0.0,1,5.0,rio de janeiro,SP
cb162c8eef257253782d245c08d9097c,1,34.99,14.13,1,10.642743055555556,0.0,1,5.0,barueri,SP
e6ffc9ac6a7adc9d16a1cfc2286dd546,1,34.99,8.29,1,,,0,1.0,sao paulo,SP
84deb808079d1be601c209c1e771b1cc,2,34.93,23.21,2,7.539299768518519,0.0,2,5.0,curitiba,PR
c1d1ebb4745cc43cb6f05e9c8a705c9a,3,34.5,42.67,3,26.52927083333333,1.0,1,2.3333333333333335,sao paulo,SP
66d5ae34537110d3affc56174dad2b2f,3,33.81,38.37,1,,,0,1.0,sao jose do rio preto,SP
bee36b4f9a2b9fdcaff6ec05df202ed0,2,33.8,19.68,2,13.397164351851853,0.0,1,3.0,sao paulo,SP
41958cbd3335433c8740300e8cd600d5,1,32.99,7.39,1,4.842789351851851,0.0,1,5.0,sao paulo,SP
539ed9e19811677513447759be5eccfc,2,32.83,31.09,2,5.068101851851852,0.0,2,3.0,belo horizonte,MG
7d81e74a4755b552267cd5e081563028,1,32.5,7.49,1,2.209490740740741,0.0,1,4.0,sao paulo,SP
6bcb2352a2a0c38b845f598298ab9d26,2,31.8,27.58,2,11.037233796296297,0.0,1,3.0,maringa,PR
1a6245add4353f18ed55138808906979,1,30.0,9.34,1,,,0,1.0,sao bernardo do campo,SP
d7f1cfc638473be93baedbfd02208016,1,30.0,17.14,1,12.67605324074074,0.0,1,5.0,belford roxo,RJ
fdf736c18c589ed030e058312203e1b2,1,30.0,14.51,1,5.490983796296296,0.0,1,5.0,pocos de caldas,MG
32f83ffe11cd40f7adcf4eef171f52d9,1,29.99,15.1,1,10.574085648148149,0.0,1,5.0,uruguaiana,RS
87b4428a334b8f676fd9a7f3bf544fb5,1,29.99,18.99,1,6.9279166666666665,0.0,1,5.0,guaimbe,SP
9315e491484b1b0081ca166fc164108d,1,29.99,30.41,1,7.280138888888889,0.0,1,3.0,londrina,PR
139157dd4daa45c25b0807ffff348363,1,29.9,7.78,1,1.2141782407407407,0.0,1,4.0,sao paulo,SP
2078fe5066350e7d220c0ad3a3bbc6c1,1,29.9,38.14,1,,,0,2.0,arapongas,PR
28a26ebce31d5918b181ede016fd693b,1,29.9,17.14,1,11.071064814814815,0.0,1,5.0,belo horizonte,MG
3aa3c89ae3cd482385568be76120f63c,1,29.9,19.04,1,10.831493055555555,0.0,1,4.0,goiania,GO
436bf27f2f18474fc6047702e9f8a866,1,29.9,14.52,1,19.17042824074074,0.0,1,5.0,campinas,SP
a09a13f18ed27932d08438aa6f12756e,1,29.9,16.11,1,8.917627314814816,0.0,1,3.0,sapiranga,RS
c43d924a0f1688ee9fae0efcd6f539d4,1,29.9,15.11,1,21.502858796296298,0.0,1,4.0,rio de janeiro,RJ
c97aa4ee7420f937da13b7f9e2228b99,1,29.9,6.66,1,10.80730324074074,0.0,1,1.0,novo hamburgo,RS
c0e0b73d039eb9a99b6ce4cb7a429cd3,1,29.88,7.68,1,4.986238425925926,0.0,1,5.0,laurentino,SC
0336182e1b3e92f029d5354832045fdf,2,29.8,17.57,1,13.061111111111112,0.0,1,2.0,ibitinga,SP
7b3f6ce5c6c22e9b96e7581ebf0df6e1,1,29.8,12.69,1,10.947905092592592,0.0,1,3.0,tambau,SP
9996ae921c50e8dff411ac69c0b4bb8b,3,29.700000000000003,43.67,2,14.381655092592592,0.0,2,2.0,tupa,SP
72c73be2b085b9d57650dd53eb2004c9,1,29.4,17.92,1,17.34197916666667,0.0,1,5.0,sao paulo,SP
15aec03fe4cf30dfa574cf550f5ff5ff,1,28.9,10.96,1,,,0,1.0,rio de janeiro,RJ
1992f8fb6b19fcccd97ca819811e7267,1,28.8,11.22,1,,,0,1.0,sao paulo,SP
c9d2ba8dde44a275ae06475ed1d2fafc,1,28.79,14.52,1,8.417430555555555,0.0,1,5.0,uberlandia,MG
999f6d9a1c7c81f43be44c6b7d076210,2,28.0,22.83,2,4.6904918981481485,0.0,2,4.5,sao paulo,SP
9f56a7a649097b166d8ed286ad86a15c,2,27.98,23.04,2,,,0,1.0,rio de janeiro,RJ
8b181ee5518df84f18f4e1a43fe07923,1,27.9,27.08,1,14.560891203703704,0.0,1,5.0,goioere,SP
b026643914f651e8371425e5b8a1e780,1,27.9,15.1,1,10.419143518518519,0.0,1,5.0,rio de janeiro,RJ
bf0d50a6410d487dc97d2baac0a8c0be,1,27.9,9.26,1,,,0,2.0,piracicaba,SP
80146bc52c4f6af5239b23de2a20262b,2,27.1,49.68,1,,,0,3.0,taboao da serra,SP
f1fdf2d13186575751aa25876536d85c,1,26.3,8.29,1,6.141400462962963,0.0,1,5.0,sao paulo,SP
70c0fda4c313d87115644d39e62eec60,1,25.99,37.09,1,9.881921296296296,0.0,1,5.0,caruaru,PE
c12d7463a579237ffb9248bd7cff378b,1,25.9,8.72,1,11.243993055555556,0.0,1,4.0,sao paulo,SP
3820c6537b3853be1a0687d5a60807ec,1,25.0,10.96,1,,,0,,cotia,SP
6c9875b2f94ba781186f0c1aed8d1687,4,25.0,38.05,2,4.057789351851851,0.0,2,5.0,brotas,SP
7cb946b1ad19faebe28c3e86c2794ec3,1,25.0,15.1,1,18.151435185185186,0.0,1,5.0,sete lagoas,MG
38f276ca6e7cc95a6d1bb55ac9e5550f,1,24.99,11.85,1,5.200891203703704,0.0,1,5.0,marilia,SP
3986c0b54f6b748b75e7bd4e092aa3e5,1,24.99,15.28,1,6.12349537037037,0.0,1,5.0,curitiba,PR
1c83418358f249c9d6affa52d579db0e,1,24.9,14.52,1,10.189027777777778,0.0,1,5.0,sao paulo,SP
33fd411ed63a7c2f9005e3f065d9f85d,1,24.9,18.23,1,8.134837962962964,0.0,1,4.0,condor,RS
bd43e172d599bed47a85da877172ca8c,1,23.92,18.27,1,12.473587962962963,0.0,1,5.0,sao bento do sul,SC
43753b27d77860f1654aa72e251a7878,1,23.9,42.38,1,27.33425925925926,0.0,1,5.0,barro alto,BA
544863df86ed3b78a04e0820d41430ee,1,23.9,15.27,1,5.5005902777777775,0.0,1,5.0,serra,ES
bcd2d7510d58e293f20fad6438c1b314,1,23.9,15.56,1,33.19689814814815,1.0,1,,curitiba,PR
2c54051840f19eca309a5423cf22df36,2,23.7,28.57,2,8.931585648148149,0.0,2,4.5,curitiba,PR
58b98ccb79873e04eac4357cacc590d9,1,23.0,8.91,1,,,0,1.0,campinas,SP
5e063e85d44b0f5c3e6ec3131103a57e,1,22.9,7.42,1,1.2883333333333333,0.0,1,5.0,sao paulo,SP
bc8c8d665ec4664d286be0d521722b19,1,22.5,8.32,1,8.033923611111112,1.0,1,2.0,sao paulo,SP
f9f68daa2af419d38f745478bcb3da1a,2,22.4,28.96,2,11.757013888888888,0.0,1,3.0,sumare,SP
eb1bf309f4f6af9a97e9ddac3fdbeabe,1,22.3,8.88,1,8.489652777777778,0.0,1,5.0,diadema,SP
0bb27263628258b8111a0262769fa9db,1,22.2,10.96,1,41.68077546296296,0.0,1,5.0,sao paulo,SP
34675b28b826facfde119785bf287dc1,1,21.99,15.1,1,5.948611111111111,0.0,1,4.0,cascavael,PR
f09b760d23495ac9a7e00d29b769007c,1,21.9,17.19,1,24.0575,0.0,1,4.0,catanduva,SP
98f52e1020fe788c10c0418de4393fec,1,21.6,15.1,1,9.267129629629629,0.0,1,4.0,macae,RJ
afac9f6b0c4e5f0a7ee87e922cd0f873,1,20.99,11.85,1,,,0,1.0,bauru,SP
e64ddbe1cbcf4f2fc3092b7c481f3f9d,1,20.9,7.39,1,5.512708333333333,0.0,1,5.0,sao paulo,SP
e0b162a693bc7f9eab00f783a31d60ea,1,20.0,29.69,1,11.088877314814814,0.0,1,5.0,pelotas,RS
e76ecc7e9a1a1e3c6df9d2a8261c423d,1,20.0,14.1,1,12.457060185185185,0.0,1,5.0,belo horizonte,MG
455befea1bb853c75ccbca94cff26e5c,1,19.99,22.06,1,12.441516203703705,0.0,1,3.0,resende,RJ
bb7ad8a45c027be8ab075b8e465f8ca0,2,19.98,32.64,2,5.669924768518518,0.0,2,5.0,floranopolis,SC
0b46f784306be7200ca1700aa55d819f,1,19.9,10.96,1,3.2436574074074076,0.0,1,5.0,belo horizonte,MG
63bc58679c44e8a998792119fd7ad23e,1,19.9,14.11,1,,,0,1.0,sao paulo,SP
668bf321538e5072858eaef6087ce027,1,19.9,8.11,1,4.473495370370371,0.0,1,5.0,pinhais,PR
698624c6632eeba1774924dbea24c700,1,19.9,15.23,1,6.968645833333333,0.0,1,5.0,sao paulo,SP
bac44fa8e13424950488659b5f765c41,1,19.9,14.52,1,8.709305555555556,0.0,1,5.0,sao paulo,SP
d93b8458c6fe139d85cfa5eadbf55bd2,1,19.9,14.1,1,5.977627314814815,0.0,1,5.0,sao paulo,SP
bd65d163ded559eb90a10cd09fec178f,2,19.8,18.68,1,4.471331018518518,0.0,1,4.0,sao paulo,SP
e174dc2de86d60fee178170a154c05e7,1,19.8,14.1,1,,,0,1.0,santo andre,SP
8501d82f68d23148b6d78bb7c4a42037,1,19.7,10.96,1,,,0,1.0,blumenau,SC
9d69ba0a7a626a64dc5db08e529559cf,1,19.3,18.24,1,13.860972222222221,0.0,1,5.0,ribeirao preto,SP
6c77cd583b36a13aacccf2b3ee23e233,1,18.9,12.79,1,6.026678240740741,0.0,1,5.0,marilia,SP
82921991ff5b557b045605b8bbf08d49,1,18.9,18.23,1,4.079814814814815,0.0,1,5.0,sao paulo,SP
ce4755084bc097113867e6454f8f5e52,1,18.9,12.79,1,6.389606481481482,0.0,1,5.0,ribeirao preto,SP
804287717b9156fb7a787acd9af4fac1,1,18.8,15.1,1,9.156145833333333,0.0,1,5.0,maringa,PR
13e85aac53340018b40c2af68001b7e0,1,17.8,14.12,1,17.718125,0.0,1,5.0,pedreira,SP
eae9af4811c294c56795d70e715b7337,1,15.9,11.11,1,2.8439467592592593,0.0,1,5.0,sao paulo,SP
f3862c2188522d89860c38a3ea8b550d,1,15.5,12.79,1,5.868530092592593,0.0,1,5.0,ribeirao preto,SP
20f0aeea30bc3b8c4420be8ced4226c0,1,14.9,14.52,1,44.71587962962963,1.0,1,,santa barbara d'oeste,SP
b2f4d63c7203f539a78252565ca32257,1,14.9,20.84,1,13.007511574074075,0.0,1,5.0,armacao dos buzios,RJ
c3e2398fcc7e581cda2e546557bf6968,1,14.9,15.23,1,11.835428240740741,0.0,1,5.0,sao paulo,SP
a61cc04793308395a840807104365121,1,14.63,23.74,1,8.368773148148149,0.0,1,5.0,jarinu,SP
6576fd3e23c88f0e5d4d23f39bba0542,1,14.5,10.96,1,,,0,1.0,taboao da serra,SP
5b92bfa4120daa27c574daa2e386c693,1,14.0,10.96,1,16.086435185185184,0.0,1,3.0,sorocaba,SP
fb503a924a0b9db19d83dd0ac6dbef8c,1,13.9,17.92,1,6.547800925925926,0.0,1,5.0,pelotas,RS
6614814a00d344b846ae209f95ee7e3f,1,13.0,12.69,1,4.7878125,0.0,1,1.0,macatuba,SP
b5f0712d22a873b6797ab6cc65c3fcba,1,12.99,8.29,1,3.2610069444444445,0.0,1,4.0,sao paulo,SP
7ab0dd5487bab2dc835337b244f689fb,1,12.5,10.96,1,5.7457060185185185,0.0,1,5.0,sao jose do rio preto,SP
9e25199f6ef7e7c347120ff175652c3b,1,12.5,14.52,1,8.199456018518518,0.0,1,4.0,taubate,SP
c1dde11f12d05c478f5de2d7319ad3b2,1,12.5,7.39,1,3.2347337962962963,0.0,1,1.0,sao paulo,SP
3d62f86afa7c73be2628a3be1423f5a0,2,12.0,42.42,2,16.73105902777778,0.0,2,4.0,jacarei,SP
3ac588cd562971392504a9e17130c40b,1,11.9,7.39,1,7.089305555555556,0.0,1,5.0,limeira,SP
cc1f04647be106ba74e62b21f358af25,1,11.9,8.29,1,13.295810185185186,0.0,1,1.0,sao paulo,SP
344223b2a90784f64136a8a5da012e7f,1,10.9,16.79,1,32.62399305555556,0.0,1,2.0,gaspar,SC
95cca791657aabeff15a07eb152d7841,1,9.99,18.23,1,3.7175,0.0,1,5.0,palotina,PR
c18309219e789960add0b2255ca4b091,1,9.9,14.1,1,14.187407407407408,0.0,1,5.0,rio de janeiro,RJ
0f94588695d71662beec8d883ffacf09,1,9.0,18.59,1,14.887152777777779,0.0,1,5.0,florianopolis,SC
4965a7002cca77301c82d3f91b82e1a9,1,8.49,7.87,1,6.269537037037037,0.0,1,5.0,sorocaba,SP
ad14615bdd492b01b0d97922e87cb87f,1,8.25,10.96,1,13.583900462962964,0.0,1,5.0,tubarao,SC
34aefe746cd81b7f3b23253ea28bef39,1,8.0,14.52,1,,,0,1.0,curitiba,PR
702835e4b785b67a084280efca355756,1,7.6,10.96,1,1.8040393518518518,0.0,1,5.0,juiz de fora,MG
1fa2d3def6adfa70e58c276bb64fe5bb,1,6.9,9.0,1,6.255381944444444,0.0,1,1.0,sao paulo,SP
77128dec4bec4878c37ab7d6169d6f26,1,6.5,8.72,1,11.992465277777777,0.0,1,5.0,sao paulo,SP
cf6f6bc4df3999b9c6440f124fb2f687,1,3.5,8.72,1,,,0,5.0,sao paulo,SP
